report_id,drug_name,drug_indication,drug_characterization,drug_action_taken
10003701,DIOVAN,Not Reported,1,5
10003701,DILTIAZEM,Not Reported,2,5
10003701,ECOTRIN,Not Reported,2,5
10003701,ATORVASTATIN,Not Reported,2,5
10003701,LIPITOR,Not Reported,2,5
10003701,PERFOROMIST,Not Reported,2,5
10003701,BUDESONIDE,Not Reported,2,5
10003701,SPIRIVA,Not Reported,2,5
10003701,PREDNISONE,Not Reported,2,5
10003701,CLOTRIMAZOLE,Not Reported,2,5
10003701,CLONAZEPAM,Not Reported,2,5
10003701,VENTOLIN HFA,Not Reported,2,5
10003701,GAMUNEX C,IMMUNODEFICIENCY COMMON VARIABLE,2,Not Reported
10003701,MULTI-VIT,Not Reported,2,5
10003713,JAKAFI,Not Reported,1,1
10003713,ATORVASTATIN,Not Reported,2,Not Reported
10003713,APEXICON,Not Reported,2,Not Reported
10003713,MENEST                             /00073001/,Not Reported,2,Not Reported
10003713,VOLTAREN   GEL                        /00372301/,Not Reported,2,Not Reported
10003713,CIPRODEX                           /00697202/,Not Reported,2,Not Reported
10003713,ALEVE,Not Reported,2,Not Reported
10003713,ASPIRIN,Not Reported,2,Not Reported
10003713,SYNTHROID,Not Reported,2,Not Reported
10003859,OMEPRAZOLE.,Not Reported,2,Not Reported
10003859,PREDNISONE.,Not Reported,2,Not Reported
10003859,ALLOPURINOL.,Not Reported,2,Not Reported
10003859,JAKAFI,MYELOFIBROSIS,1,1
10003859,VORICONAZOLE.,Not Reported,2,Not Reported
10003859,ACYCLOVIR                          /00587301/,Not Reported,2,Not Reported
10003859,JAKAFI,Not Reported,1,1
10003859,ATORVASTATIN                       /01326102/,Not Reported,2,Not Reported
10003859,DILTIAZEM,Not Reported,2,Not Reported
10003859,METOPROLOL                         /00376902/,Not Reported,2,Not Reported
10003859,SERTRALINE,Not Reported,2,Not Reported
10003859,ASPIRIN.,Not Reported,2,Not Reported
10003859,LISINOPRIL.,Not Reported,2,Not Reported
10003922,DEPAKOTE,BIPOLAR DISORDER,1,4
10003922,DIVALPROEX SODIUM,BIPOLAR DISORDER,1,5
10003922,BUPROPION,BIPOLAR DISORDER,2,Not Reported
10003922,ATORVASTATIN,BLOOD CHOLESTEROL INCREASED,2,Not Reported
10004175,SULFASALAZINE.,Not Reported,2,Not Reported
10004175,RAMIPRIL.,Not Reported,2,Not Reported
10004175,JAKAFI,Not Reported,1,4
10004175,PREDNISONE.,Not Reported,2,Not Reported
10004175,MAG-TAB,Not Reported,2,Not Reported
10004175,ATORVASTATIN,Not Reported,2,Not Reported
10004175,BISOPROLOL,Not Reported,2,Not Reported
10004175,LEVOTHYROXINE,Not Reported,2,Not Reported
10004175,LORTAB,Not Reported,2,Not Reported
10004175,ASPIRIN.,Not Reported,2,Not Reported
10004186,JAKAFI,MYELOFIBROSIS,1,1
10004186,JAKAFI,Not Reported,1,1
10004186,JANUVIA,Not Reported,2,Not Reported
10004186,METFORMIN,Not Reported,2,Not Reported
10004186,ALLOPURINOL,Not Reported,2,Not Reported
10004186,ASPIRIN,Not Reported,2,Not Reported
10004186,ATORVASTATIN,Not Reported,2,Not Reported
10004186,ATENOLOL,Not Reported,2,Not Reported
10004302,PLAVIX,PRODUCT USED FOR UNKNOWN INDICATION,1,1
10004302,LASIX,PRODUCT USED FOR UNKNOWN INDICATION,2,4
10004302,ATELEC,PRODUCT USED FOR UNKNOWN INDICATION,2,4
10004302,TRAZENTA,TYPE 2 DIABETES MELLITUS,1,1
10004302,ATORVASTATIN,PRODUCT USED FOR UNKNOWN INDICATION,2,4
10004302,LIMARMONE,PRODUCT USED FOR UNKNOWN INDICATION,2,Not Reported
10004302,CELECOX,PRODUCT USED FOR UNKNOWN INDICATION,2,4
10004302,BAYASPIRIN,PRODUCT USED FOR UNKNOWN INDICATION,1,1
10004302,SALOBEL,PRODUCT USED FOR UNKNOWN INDICATION,2,4
10004302,MICAMLO,PRODUCT USED FOR UNKNOWN INDICATION,2,4
10004302,METGLUCO,TYPE 2 DIABETES MELLITUS,2,Not Reported
10004340,REVLIMID,PLASMA CELL MYELOMA,1,1
10004340,NOREPINEPHRINE,PRODUCT USED FOR UNKNOWN INDICATION,2,Not Reported
10004340,VANCOMYCIN,PYREXIA,2,Not Reported
10004340,VANCOMYCIN,CLOSTRIDIUM DIFFICILE INFECTION,2,Not Reported
10004340,CEFEPIME,PYREXIA,2,Not Reported
10004340,AMPICILLIN,PYREXIA,2,Not Reported
10004340,ACYCLOVIR,PYREXIA,2,Not Reported
10004340,ACYCLOVIR,Not Reported,2,Not Reported
10004340,HYDROCORTISONE,PRODUCT USED FOR UNKNOWN INDICATION,2,Not Reported
10004340,HYDROCORTISONE,Not Reported,2,Not Reported
10004340,PREDNISONE,PRODUCT USED FOR UNKNOWN INDICATION,2,Not Reported
10004340,GABAPENTIN,PRODUCT USED FOR UNKNOWN INDICATION,2,Not Reported
10004340,GABAPENTIN,Not Reported,2,Not Reported
10004340,ATORVASTATIN,PRODUCT USED FOR UNKNOWN INDICATION,2,Not Reported
10004340,METFORMIN,PRODUCT USED FOR UNKNOWN INDICATION,2,Not Reported
10004340,OXYCODONE,BACK PAIN,2,Not Reported
10004340,AMITRIPTYLINE,PRODUCT USED FOR UNKNOWN INDICATION,2,Not Reported
10004340,FLUCONAZOLE,PRODUCT USED FOR UNKNOWN INDICATION,2,Not Reported
10004340,LEVOFLOXACIN,PRODUCT USED FOR UNKNOWN INDICATION,2,Not Reported
10004340,LEVOFLOXACIN,Not Reported,2,Not Reported
10004340,LASIX,FLUID OVERLOAD,2,Not Reported
10004340,LOVENOX,PRODUCT USED FOR UNKNOWN INDICATION,2,Not Reported
10004340,INSULIN ASPART,PRODUCT USED FOR UNKNOWN INDICATION,2,Not Reported
10004340,MAGNESIUM SULFATE,PRODUCT USED FOR UNKNOWN INDICATION,2,Not Reported
10004340,NICOTINE,PRODUCT USED FOR UNKNOWN INDICATION,2,Not Reported
10004340,SODIUM CHLORIDE,PRODUCT USED FOR UNKNOWN INDICATION,2,Not Reported
10004340,ALBUTEROL,RESPIRATORY DISORDER,2,Not Reported
10004340,NEUPOGEN,PRODUCT USED FOR UNKNOWN INDICATION,2,Not Reported
10004340,ACETAMINOPHEN,PRODUCT USED FOR UNKNOWN INDICATION,2,Not Reported
10004340,CALCIUM GLUCONATE,PRODUCT USED FOR UNKNOWN INDICATION,2,Not Reported
10004340,POTASSIUM CHLORIDE,PRODUCT USED FOR UNKNOWN INDICATION,2,Not Reported
10004340,SODIUM PHOSPHATE,PRODUCT USED FOR UNKNOWN INDICATION,2,Not Reported
10004360,ABATACEPT,RHEUMATOID ARTHRITIS,1,Not Reported
10004360,ATORVASTATIN,Not Reported,2,Not Reported
10004360,BISOPROLOL,Not Reported,2,Not Reported
10004360,CALCICHEW D3,Not Reported,2,Not Reported
10004360,HYDROXYCHLOROQUINE,Not Reported,2,Not Reported
10004360,POLYETHYLENE GLYCOL 3350,Not Reported,2,Not Reported
10004360,OXYCONTIN,Not Reported,2,Not Reported
10004360,OXYNORM,Not Reported,2,Not Reported
10004360,PARACETAMOL,Not Reported,2,Not Reported
10004360,PREDNISOLONE,Not Reported,2,Not Reported
10004360,RANITIDINE,Not Reported,2,Not Reported
10004360,WARFARIN,Not Reported,2,Not Reported
10004383,ATORVASTATIN CALCIUM (UNKNOWN),PRODUCT USED FOR UNKNOWN INDICATION,1,1
10004383,SIMVASTATIN (UNKNOWN),PRODUCT USED FOR UNKNOWN INDICATION,1,1
10004383,PRAVASTATIN SODIUM (UNKNOWN),PRODUCT USED FOR UNKNOWN INDICATION,1,1
10004383,ASPIRIN,PRODUCT USED FOR UNKNOWN INDICATION,2,5
10004383,LANTUS,PRODUCT USED FOR UNKNOWN INDICATION,2,5
10004383,NOVORAPID,PRODUCT USED FOR UNKNOWN INDICATION,2,5
10004421,CLARITHROMYCIN (UNKNOWN),PRODUCT USED FOR UNKNOWN INDICATION,1,1
10004421,ATORVASTATIN,PRODUCT USED FOR UNKNOWN INDICATION,2,5
10004421,CARBOCISTEINE,PRODUCT USED FOR UNKNOWN INDICATION,2,5
10004421,CO-CODAMOL,PRODUCT USED FOR UNKNOWN INDICATION,2,5
10004421,KETOCONAZOLE,PRODUCT USED FOR UNKNOWN INDICATION,2,5
10004421,SERETIDE,PRODUCT USED FOR UNKNOWN INDICATION,2,5
10004421,SERETIDE,Not Reported,2,5
10004421,SOTALOL,PRODUCT USED FOR UNKNOWN INDICATION,2,5
10004421,TRAXAM,PRODUCT USED FOR UNKNOWN INDICATION,2,5
10004421,VENTOLIN                           /00139501/,PRODUCT USED FOR UNKNOWN INDICATION,2,5
10004421,VENTOLIN                           /00139501/,Not Reported,2,5
10004428,DOXAZOSIN,HYPERTENSION,1,1
10004428,ASPIRIN,Not Reported,2,Not Reported
10004428,BENDROFLUMETHIAZIDE,Not Reported,2,Not Reported
10004428,CRESTOR,Not Reported,2,Not Reported
10004428,LISINOPRIL,Not Reported,2,Not Reported
10004428,OMACOR,Not Reported,2,Not Reported
10004428,VITAMIN B,Not Reported,2,Not Reported
10004428,VITAMIN C,Not Reported,2,Not Reported
10004428,ATORVASTATIN,Not Reported,2,Not Reported
10004489,ATORVASTATIN CALCIUM,Not Reported,1,5
10004497,CHAMPIX,Not Reported,1,5
10004497,CLOPIDOGREL,Not Reported,1,5
10004497,FLUOXETINE,Not Reported,1,5
10004497,ACETYLSALICYLIC ACID,Not Reported,1,5
10004497,ATORVASTATIN,Not Reported,2,Not Reported
10004497,BISOPROLOL,Not Reported,2,5
10004497,LANSOPRAZOLE,Not Reported,2,5
10004497,LOSARTAN,Not Reported,2,Not Reported
10004505,XALATAN,GLAUCOMA,1,4
10004505,HYDROCHLOROTHIAZIDE.,Not Reported,2,Not Reported
10004505,INSULIN,Not Reported,2,Not Reported
10004505,AMLODIPINE,Not Reported,2,Not Reported
10004505,KOPODEX,Not Reported,2,Not Reported
10004505,ATORVASTATIN,Not Reported,2,Not Reported
10004554,ATENOLOL,HYPERTENSION,1,5
10004554,BRILINTA,MYOCARDIAL INFARCTION,1,5
10004554,ATORVASTATIN,THROMBOSIS PROPHYLAXIS,2,Not Reported
10004554,ASPIRIN,ANTICOAGULANT THERAPY,2,Not Reported
10004554,ENALAPRIL,HYPERTENSION,2,Not Reported
10004599,ATORVASTATIN,Not Reported,1,4
10004599,BENDROFLUMETHIAZIDE,Not Reported,1,5
10004599,LEVOTHYROXINE SODIUM,Not Reported,1,5
10004599,FEMSEVEN /00045401/,Not Reported,1,5
10004642,FESOTERODINE,Not Reported,1,5
10004642,AMLODIPINE,Not Reported,2,Not Reported
10004642,AMOROLFINE,Not Reported,2,Not Reported
10004642,ATORVASTATIN,Not Reported,2,Not Reported
10004642,BACLOFEN,Not Reported,2,Not Reported
10004642,CITALOPRAM,Not Reported,2,Not Reported
10004642,CLOPIDOGREL,Not Reported,2,Not Reported
10004642,DEPO-MEDRONE,Not Reported,2,Not Reported
10004642,E45,Not Reported,2,Not Reported
10004642,GABAPENTIN,Not Reported,2,Not Reported
10004642,LANSOPRAZOLE,Not Reported,2,Not Reported
10004642,PARACETAMOL,Not Reported,2,Not Reported
10004642,SOLIFENACIN SUCCINATE,Not Reported,2,Not Reported
10004642,TRAMADOL,Not Reported,2,Not Reported
10004661,LIPITOR,HYPERLIPIDAEMIA,1,5
10004661,LIPITOR,Not Reported,1,5
10004661,ATORVASTATIN CALCIUM.,BLOOD CHOLESTEROL INCREASED,1,5
10004661,LIPITOR,LOW DENSITY LIPOPROTEIN INCREASED,1,5
10004661,LIPITOR,HYPERCHOLESTEROLAEMIA,1,5
10004661,VYTORIN,HYPERLIPIDAEMIA,2,Not Reported
10004694,SIMVASTATIN.,Not Reported,2,Not Reported
10004694,LIPITOR,CARDIOVASCULAR EVENT PROPHYLAXIS,1,5
10004694,ATORVASTATIN CALCIUM.,Not Reported,1,5
10004694,LIPITOR,LOW DENSITY LIPOPROTEIN INCREASED,1,5
10004698,LIPITOR,LOW DENSITY LIPOPROTEIN ABNORMAL,1,5
10004698,SIMVASTATIN.,HYPERLIPIDAEMIA,1,5
10004698,ATORVASTATIN,HYPERLIPIDAEMIA,1,5
10004698,LIPITOR,HYPERLIPIDAEMIA,1,5
10004818,LIPITOR,Not Reported,1,5
10004818,SIMVASTATIN.,BLOOD CHOLESTEROL INCREASED,1,5
10004818,LOVASTATIN.,BLOOD CHOLESTEROL INCREASED,1,5
10004818,LIPITOR,BLOOD CHOLESTEROL INCREASED,1,5
10004818,ATORVASTATIN,BLOOD CHOLESTEROL INCREASED,1,5
10004825,ATORVASTATIN,HYPERCHOLESTEROLAEMIA,1,1
10004825,CALCICHEW-D3,Not Reported,2,Not Reported
10004825,GLICLAZIDE,Not Reported,2,Not Reported
10004825,LANSOPRAZOLE,Not Reported,2,Not Reported
10004825,METFORMIN,Not Reported,2,Not Reported
10004825,RAMIPRIL,Not Reported,2,Not Reported
10004825,GABAPENTIN,Not Reported,2,Not Reported
10004827,LIPITOR,BLOOD CHOLESTEROL INCREASED,1,5
10004827,ATORVASTATIN,BLOOD CHOLESTEROL INCREASED,1,4
10004843,CRESTOR,BLOOD CHOLESTEROL INCREASED,1,5
10004843,LIPITOR,BLOOD CHOLESTEROL INCREASED,1,5
10004843,LIPITOR,Not Reported,1,5
10004843,ATORVASTATIN CALCIUM.,BLOOD CHOLESTEROL INCREASED,1,4
10004856,LIPITOR,Not Reported,1,5
10004856,ATORVASTATIN,BLOOD CHOLESTEROL INCREASED,1,6
10004856,LIPITOR,BLOOD CHOLESTEROL INCREASED,1,5
10004862,ATORVASTATIN CALCIUM.,BLOOD CHOLESTEROL INCREASED,1,4
10004862,LIPITOR,LOW DENSITY LIPOPROTEIN INCREASED,1,5
10004862,LIPITOR,BLOOD CHOLESTEROL INCREASED,1,5
10004862,CRESTOR,BLOOD CHOLESTEROL INCREASED,2,Not Reported
10004862,LIPITOR,CARDIOVASCULAR EVENT PROPHYLAXIS,1,5
10004876,ATORVASTATIN CALCIUM.,HYPERLIPIDAEMIA,1,5
10004876,ATORVASTATIN CALCIUM.,CORONARY ARTERY DISEASE,1,5
10004876,LIPITOR,LOW DENSITY LIPOPROTEIN INCREASED,1,5
10004876,LIPITOR,HYPERLIPIDAEMIA,1,5
10004879,LIPITOR,HYPERCHOLESTEROLAEMIA,1,5
10004879,SIMVASTATIN.,HYPERCHOLESTEROLAEMIA,2,Not Reported
10004879,TOPROL XL,HYPERTENSION,2,Not Reported
10004879,ATORVASTATIN,Not Reported,1,5
10004879,SIMVASTATIN.,Not Reported,2,Not Reported
10004879,ZOCOR,HYPERCHOLESTEROLAEMIA,2,Not Reported
10004879,LIPITOR,LOW DENSITY LIPOPROTEIN INCREASED,1,5
10004879,ATORVASTATIN,HYPERCHOLESTEROLAEMIA,1,5
10004934,LIPITOR,LOW DENSITY LIPOPROTEIN INCREASED,1,5
10004934,LIPITOR,CARDIOVASCULAR EVENT PROPHYLAXIS,1,5
10004934,SIMVASTATIN.,BLOOD CHOLESTEROL INCREASED,1,5
10004934,LIPITOR,BLOOD CHOLESTEROL INCREASED,1,5
10004934,ATORVASTATIN,BLOOD CHOLESTEROL INCREASED,1,5
10004940,ATORVASTATIN,BLOOD CHOLESTEROL INCREASED,1,5
10004940,LIPITOR,BLOOD CHOLESTEROL INCREASED,1,5
10004940,LIPITOR,Not Reported,1,5
10004957,LIPITOR,LOW DENSITY LIPOPROTEIN INCREASED,1,6
10004957,LOVASTATIN.,BLOOD CHOLESTEROL INCREASED,1,5
10004957,LIPITOR,CARDIOVASCULAR EVENT PROPHYLAXIS,1,6
10004957,LIPITOR,BLOOD CHOLESTEROL INCREASED,1,6
10004957,ATORVASTATIN,BLOOD CHOLESTEROL INCREASED,1,4
10004957,ATORVASTATIN,Not Reported,1,4
10005122,LIPITOR,LOW DENSITY LIPOPROTEIN INCREASED,1,5
10005122,LIPITOR,BLOOD CHOLESTEROL INCREASED,1,5
10005122,ATORVASTATIN CALCIUM.,BLOOD CHOLESTEROL INCREASED,1,5
10005122,LIPITOR,CARDIOVASCULAR EVENT PROPHYLAXIS,1,5
10005217,LIPITOR,BLOOD CHOLESTEROL INCREASED,1,5
10005217,SIMVASTATIN.,BLOOD CHOLESTEROL INCREASED,1,6
10005217,ATORVASTATIN,BLOOD CHOLESTEROL INCREASED,1,4
10005238,AMLODIPINE,HYPERTENSION,1,1
10005238,CO-CODAMOL,Not Reported,2,Not Reported
10005238,ATORVASTATIN,Not Reported,2,Not Reported
10005238,OMEPRAZOLE,Not Reported,2,Not Reported
10005238,ASPIRIN,Not Reported,2,Not Reported
10005489,ATORVASTATIN,PRODUCT USED FOR UNKNOWN INDICATION,1,4
10005489,BENDROFLUMETHIAZIDE,PRODUCT USED FOR UNKNOWN INDICATION,1,5
10005489,LEVOTHYROXINE SODIUM,PRODUCT USED FOR UNKNOWN INDICATION,1,5
10005489,FEMSEVEN,PRODUCT USED FOR UNKNOWN INDICATION,1,5
10005803,ATORVASTATIN,DYSLIPIDAEMIA,1,4
10005803,SALBUTAMOL,PRODUCT USED FOR UNKNOWN INDICATION,2,5
10005824,ATORVASTATIN,PRODUCT USED FOR UNKNOWN INDICATION,1,1
10005824,ACICLOVIR,PRODUCT USED FOR UNKNOWN INDICATION,3,2
10005824,ACICLOVIR,Not Reported,3,2
10006049,XARELTO,DEEP VEIN THROMBOSIS,1,1
10006049,ASPIRIN,PRODUCT USED FOR UNKNOWN INDICATION,1,Not Reported
10006049,ALBUTEROL,Not Reported,2,Not Reported
10006049,FORMOTEROL,Not Reported,2,Not Reported
10006049,HYDROCHLOROTHIAZIDE + LISINOPRIL,Not Reported,2,Not Reported
10006049,TIOTROPIUM,Not Reported,2,Not Reported
10006049,ATORVASTATIN,Not Reported,2,Not Reported
10006049,DIVALPROEX SODIUM,Not Reported,2,Not Reported
10006074,CALCIUM AND VITAMIN D,Not Reported,2,Not Reported
10006074,ERGOCALCIFEROL.,Not Reported,2,Not Reported
10006074,LEVOTHYROXINE,Not Reported,2,Not Reported
10006074,CELECOXIB.,PRODUCT USED FOR UNKNOWN INDICATION,1,Not Reported
10006074,FUROSEMIDE.,Not Reported,2,Not Reported
10006074,XARELTO,ATRIAL FIBRILLATION,1,Not Reported
10006074,XARELTO,CEREBROVASCULAR ACCIDENT PROPHYLAXIS,1,Not Reported
10006074,DILTIAZEM,Not Reported,2,Not Reported
10006074,FOLIC ACID.,Not Reported,2,Not Reported
10006074,METOPROLOL XL,Not Reported,2,Not Reported
10006074,POTASSIUM CHLORIDE.,Not Reported,2,Not Reported
10006074,ATORVASTATIN,Not Reported,2,Not Reported
10006143,REVLIMID,PLASMA CELL MYELOMA,1,Not Reported
10006143,ATORVASTATIN CALCIUM,PRODUCT USED FOR UNKNOWN INDICATION,2,Not Reported
10006143,CARVEDILOL,PRODUCT USED FOR UNKNOWN INDICATION,2,Not Reported
10006143,HYOSCYAMINE SULFATE,PRODUCT USED FOR UNKNOWN INDICATION,2,Not Reported
10006143,LEVOTHYROXINE SODIUM,PRODUCT USED FOR UNKNOWN INDICATION,2,Not Reported
10006143,LISINOPRIL,PRODUCT USED FOR UNKNOWN INDICATION,2,Not Reported
10006143,NOVOLOG,PRODUCT USED FOR UNKNOWN INDICATION,2,Not Reported
10006143,PROPRANOLOL HCL,PRODUCT USED FOR UNKNOWN INDICATION,2,Not Reported
10006143,SYNTHROID,PRODUCT USED FOR UNKNOWN INDICATION,2,Not Reported
10006145,IRBESARTAN,HYPERTENSION,1,1
10006145,SPIRONOLACTONE,HYPERTENSION,1,1
10006145,LASIX - 25 MG COMPRESSE,PRODUCT USED FOR UNKNOWN INDICATION,2,5
10006145,CARDIOASPIRIN - 100 MG COMPRESSE GASTRORESISTENTI,PRODUCT USED FOR UNKNOWN INDICATION,2,5
10006145,DILATREND - 6.25 MG COMPRESSE,PRODUCT USED FOR UNKNOWN INDICATION,2,5
10006145,ATORVASTATIN,PRODUCT USED FOR UNKNOWN INDICATION,2,5
10006145,RANITIDINE,PRODUCT USED FOR UNKNOWN INDICATION,2,5
10006145,TRIMETAZIDINE,PRODUCT USED FOR UNKNOWN INDICATION,2,5
10006145,HYDROCHLOROTHIAZIDE,PRODUCT USED FOR UNKNOWN INDICATION,2,5
10006213,LIPITOR,LOW DENSITY LIPOPROTEIN INCREASED,1,5
10006213,LIPITOR,Not Reported,1,5
10006213,ATORVASTATIN CALCIUM,BLOOD CHOLESTEROL ABNORMAL,1,5
10006364,CEPHALEXIN.,STAPHYLOCOCCAL INFECTION,2,Not Reported
10006364,LIPITOR,LOW DENSITY LIPOPROTEIN INCREASED,1,5
10006364,ATORVASTATIN CALCIUM.,BLOOD CHOLESTEROL INCREASED,1,1
10006364,GABAPENTIN.,PAIN,2,Not Reported
10006364,VALSARTAN.,BLOOD PRESSURE,2,Not Reported
10006364,LIPITOR,CARDIOVASCULAR EVENT PROPHYLAXIS,1,5
10006364,LIPITOR,BLOOD TRIGLYCERIDES INCREASED,1,5
10006371,LIPITOR,LOW DENSITY LIPOPROTEIN INCREASED,1,5
10006371,ATORVASTATIN CALCIUM.,Not Reported,1,5
10006371,LIPITOR,CARDIOVASCULAR EVENT PROPHYLAXIS,1,5
10006383,PLAVIX,Not Reported,2,Not Reported
10006383,XALATAN,GLAUCOMA,1,1
10006383,ENALAPRIL,Not Reported,2,Not Reported
10006383,METFORMIN,Not Reported,2,Not Reported
10006383,ATORVASTATIN,Not Reported,2,Not Reported
10006383,RANITIDINE,Not Reported,2,Not Reported
10006388,ATORVASTATIN CALCIUM.,Not Reported,1,5
10006388,LIPITOR,CARDIOVASCULAR EVENT PROPHYLAXIS,1,5
10006388,LIPITOR,BLOOD CHOLESTEROL ABNORMAL,1,5
10006388,LIPITOR,LOW DENSITY LIPOPROTEIN INCREASED,1,5
10006401,LOSARTAN POTASSIUM 50 MG,Not Reported,1,1
10006401,AMLODIPINE,Not Reported,2,Not Reported
10006401,ASPIRIN,Not Reported,2,Not Reported
10006401,ATORVASTATIN,Not Reported,2,Not Reported
10006401,BECLOMETHASONE DIPROPIONATE,Not Reported,2,Not Reported
10006401,CLOPIDOGREL,Not Reported,2,Not Reported
10006401,FERROUS FUMARATE,Not Reported,2,Not Reported
10006401,HYDROXOCOBALAMIN,Not Reported,2,Not Reported
10006401,PENTOXIFYLLINE,Not Reported,2,Not Reported
10006401,RAMIPRIL,Not Reported,2,Not Reported
10006489,LIPITOR,BLOOD TRIGLYCERIDES INCREASED,1,5
10006489,ATORVASTATIN,BLOOD TRIGLYCERIDES INCREASED,1,5
10006489,LIPITOR,LOW DENSITY LIPOPROTEIN INCREASED,1,5
10006489,LIPITOR,CARDIOVASCULAR EVENT PROPHYLAXIS,1,5
10006489,ATORVASTATIN,BLOOD CHOLESTEROL ABNORMAL,1,5
10006489,LIPITOR,BLOOD CHOLESTEROL INCREASED,1,5
10006489,ATORVASTATIN,BLOOD CHOLESTEROL INCREASED,1,5
10006489,ATORVASTATIN,CARDIOVASCULAR EVENT PROPHYLAXIS,1,5
10006492,CRESTOR,BLOOD CHOLESTEROL INCREASED,1,4
10006492,ATORVASTATIN,BLOOD CHOLESTEROL INCREASED,1,2
10006492,ASPIRIN,Not Reported,2,Not Reported
10006492,BENDROFLUMETHIAZIDE,Not Reported,2,Not Reported
10006492,DOXAZOSIN,Not Reported,2,Not Reported
10006492,LISINOPRIL,Not Reported,2,Not Reported
10006492,OMACOR,Not Reported,2,Not Reported
10006492,VITAMIN B SUBSTANCES,Not Reported,2,Not Reported
10006492,VITAMIN C,Not Reported,2,Not Reported
10006508,CRESTOR,Not Reported,1,5
10006508,ATORVASTATIN,Not Reported,1,5
10006564,LIPITOR,CARDIOVASCULAR EVENT PROPHYLAXIS,1,5
10006564,LIPITOR,LOW DENSITY LIPOPROTEIN INCREASED,1,5
10006564,LIPITOR,BLOOD TRIGLYCERIDES INCREASED,1,5
10006564,ATORVASTATIN CALCIUM.,BLOOD TRIGLYCERIDES INCREASED,1,5
10006564,LIPITOR,BLOOD CHOLESTEROL INCREASED,1,5
10006564,ATORVASTATIN CALCIUM.,BLOOD CHOLESTEROL INCREASED,1,5
10006564,ATORVASTATIN CALCIUM.,CARDIOVASCULAR EVENT PROPHYLAXIS,1,5
10006564,ATORVASTATIN CALCIUM.,BLOOD CHOLESTEROL,1,5
10006566,ATORVASTATIN CALCIUM.,BLOOD CHOLESTEROL INCREASED,1,5
10006566,LIPITOR,LOW DENSITY LIPOPROTEIN INCREASED,1,5
10006566,LIPITOR,CARDIOVASCULAR EVENT PROPHYLAXIS,1,5
10006566,VYTORIN,BLOOD CHOLESTEROL INCREASED,2,Not Reported
10006578,LIPITOR,CARDIOVASCULAR EVENT PROPHYLAXIS,1,Not Reported
10006578,LIPITOR,LOW DENSITY LIPOPROTEIN INCREASED,1,Not Reported
10006578,ATORVASTATIN CALCIUM.,BLOOD CHOLESTEROL INCREASED,1,4
10006578,POTASSIUM CITRATE.,NEPHROLITHIASIS,2,Not Reported
10006581,LIPITOR,CARDIOVASCULAR EVENT PROPHYLAXIS,1,5
10006581,ATORVASTATIN CALCIUM.,BLOOD CHOLESTEROL INCREASED,1,4
10006581,LIPITOR,LOW DENSITY LIPOPROTEIN INCREASED,1,5
10006581,LIPITOR,BLOOD CHOLESTEROL INCREASED,1,5
10006601,REMICADE,RHEUMATOID ARTHRITIS,1,4
10006601,METHOTREXATE,RHEUMATOID ARTHRITIS,2,Not Reported
10006601,PREDNISONE,RHEUMATOID ARTHRITIS,2,Not Reported
10006601,IMITREX,MIGRAINE,2,Not Reported
10006601,COVERSYL,Not Reported,2,Not Reported
10006601,PARIET,Not Reported,2,Not Reported
10006601,SERTRALINE,Not Reported,2,Not Reported
10006601,ZOPICLONE,SLEEP DISORDER,2,Not Reported
10006601,NEXIUM,GASTROOESOPHAGEAL REFLUX DISEASE,2,Not Reported
10006601,COVERSYL,BLOOD PRESSURE,2,Not Reported
10006601,ACETYLSALICYLIC ACID,Not Reported,2,Not Reported
10006601,POTASSIUM,Not Reported,2,Not Reported
10006601,MULTIVITAMINS,Not Reported,2,Not Reported
10006601,ASTAXANTHIN,ANTIOXIDANT THERAPY,2,Not Reported
10006601,VITAMIN D,Not Reported,2,Not Reported
10006601,KRILL OIL,Not Reported,2,Not Reported
10006601,ATORVASTATIN CALCIUM,Not Reported,2,Not Reported
10006601,LAMIVUDINE,ANTIVIRAL PROPHYLAXIS,2,Not Reported
10006601,ZOLPIDEM TARTRATE,Not Reported,2,Not Reported
10006622,ATORVASTATIN CALCIUM,BLOOD CHOLESTEROL,1,1
10006622,RAMIPRIL,HYPERTENSION,2,Not Reported
10006639,ATORVASTATIN CALCIUM,Not Reported,1,5
10006651,GLIMEPIRIDE (GLIMEPIRIDE),TYPE 2 DIABETES MELLITUS,1,Not Reported
10006651,METFORMIN (METFORMIN),Not Reported,1,Not Reported
10006651,TELMISARTAN (TELMISARTAN),Not Reported,2,Not Reported
10006651,HYDROCHLOROTHIAZIDE (HYDROCHLOROTHIAZIDE),Not Reported,2,Not Reported
10006651,ATORVASTATIN (ATORVASTATIN),Not Reported,2,Not Reported
10006655,ATORVASTATIN CALCIUM,Not Reported,1,5
10006683,PICATO,ACTINIC KERATOSIS,1,Not Reported
10006683,LIPITOR (ATORVASTATIN CALCIUM),Not Reported,2,Not Reported
10007107,LETAIRIS,PULMONARY ARTERIAL HYPERTENSION,1,1
10007107,PLAVIX,Not Reported,2,Not Reported
10007107,APLENZIN,Not Reported,2,Not Reported
10007107,ATORVASTATIN,Not Reported,2,Not Reported
10007107,CYMBALTA,Not Reported,2,Not Reported
10007107,PREVACID,Not Reported,2,Not Reported
10007107,SPIRONOLACTONE,Not Reported,2,Not Reported
10007107,AMLODIPINE,Not Reported,2,Not Reported
10007107,BYSTOLIC,Not Reported,2,Not Reported
10007163,FENTANYL PATCH,PAIN,1,Not Reported
10007163,DIVALPROEX,DEMENTIA WITH LEWY BODIES,1,Not Reported
10007163,RIVASTIGMINE,Not Reported,2,Not Reported
10007163,RANITIDINE,Not Reported,2,Not Reported
10007163,ATORVASTATIN,Not Reported,2,Not Reported
10007163,BRIMONIDINE,Not Reported,2,Not Reported
10007163,LEVOTHYROXINE,Not Reported,2,Not Reported
10007163,DULOXETINE,Not Reported,2,Not Reported
10007163,GLIMEPIRIDE,Not Reported,2,Not Reported
10007163,LORAZEPAM,Not Reported,2,Not Reported
10007163,MULTIVITAMIN,Not Reported,2,Not Reported
10007163,OXYCODONE/ACETAMINOPHEN,Not Reported,2,Not Reported
10007163,POLYETHYLENE GLYCOL,Not Reported,2,Not Reported
10007188,LIPITOR,BLOOD TRIGLYCERIDES INCREASED,1,5
10007188,ATORVASTATIN CALCIUM.,BLOOD TRIGLYCERIDES INCREASED,1,5
10007188,LIPITOR,LOW DENSITY LIPOPROTEIN INCREASED,1,5
10007188,ATORVASTATIN CALCIUM.,BLOOD CHOLESTEROL INCREASED,1,5
10007188,LIPITOR,BLOOD CHOLESTEROL INCREASED,1,5
10007188,LIPITOR,CARDIOVASCULAR EVENT PROPHYLAXIS,1,5
10007229,EZETROL,HYPERLIPIDAEMIA,1,1
10007229,ATORVASTATIN,HYPERLIPIDAEMIA,2,4
10007229,CARVEDILOL,HYPERTONIA,2,4
10007229,CARVEDILOL,HYPERTENSION,2,4
10007229,EFIENT,HYPERTENSION,2,4
10007229,RAMIPRIL,HYPERTENSION,2,4
10007348,PROMETHAZINE,Not Reported,2,5
10007348,SUMATRIPTAN,Not Reported,2,5
10007348,SULFAMETHOXAZOLE,Not Reported,2,5
10007348,ATORVASTATIN,Not Reported,2,5
10007348,OXYCODONE + ACETAMINOPHEN,Not Reported,2,5
10007348,IBUPROFEN,Not Reported,2,5
10007348,VENTOLIN HFA,RESPIRATORY DISORDER,1,5
10007348,ADVAIR HFA,RESPIRATORY DISORDER,1,5
10007348,ACCUTANE,PRODUCT USED FOR UNKNOWN INDICATION,1,5
10007348,MIRTAZAPINE,Not Reported,2,5
10007348,HYDROCODONE + ACETAMINOPHEN,Not Reported,2,5
10007348,ALPRAZOLAM,Not Reported,2,5
10007348,ATENOLOL,Not Reported,2,5
10007348,ZOLPIDEM,Not Reported,2,5
10007348,CIPROFLOXACIN,Not Reported,2,5
10007348,GABAPENTIN,Not Reported,2,5
10007348,LORAZEPAM,Not Reported,2,5
10007348,FLUCONAZOLE,Not Reported,2,5
10007348,POTASSIUM CHLORIDE,Not Reported,2,5
10007365,PROPRANOLOL,Not Reported,1,5
10007365,QUETIAPINE,Not Reported,1,5
10007365,ESCITALOPRAM,Not Reported,1,5
10007365,ATORVASTATIN,Not Reported,1,5
10007365,CLONIDINE,Not Reported,1,5
10007365,LORAZEPAM,Not Reported,1,5
10007386,BEVACIZUMAB(RHUMAB VEGF),Not Reported,1,Not Reported
10007386,CARBOPLATIN,Not Reported,1,Not Reported
10007386,TAXOL,Not Reported,1,Not Reported
10007386,ACETAMINOPHEN-CODEINE,Not Reported,2,Not Reported
10007386,ADVAIR,Not Reported,2,Not Reported
10007386,AMLODIPINE,Not Reported,2,Not Reported
10007386,ASPIRIN,Not Reported,2,Not Reported
10007386,FERROURS SULFATE,Not Reported,2,Not Reported
10007386,GUAIFENSEIN,Not Reported,2,Not Reported
10007386,METOPROLOL,Not Reported,2,Not Reported
10007386,MULTIVITAMIN,Not Reported,2,Not Reported
10007386,OMEPRAZOLE,Not Reported,2,Not Reported
10007386,PRASUGREL,Not Reported,2,Not Reported
10007386,PROCHLORPERAZINE,Not Reported,2,Not Reported
10007386,TRAMADOL,Not Reported,2,Not Reported
10007386,ATORVASTATIN,Not Reported,2,Not Reported
10007386,LATANOPROST,Not Reported,2,Not Reported
10007386,TIOTROPIUM,Not Reported,2,Not Reported
10007453,ATORVASTATIN,Not Reported,1,4
10007453,BENDROFLUMETHIAZIDE,Not Reported,1,5
10007453,LEVOTHYROXINE SODIUM,Not Reported,1,5
10007453,FEMSEVEN,Not Reported,1,5
10007454,CLOPIDOGREL,Not Reported,1,5
10007454,CHAMPIX,Not Reported,1,5
10007454,ASPIRIN,Not Reported,1,Not Reported
10007454,FLUOXETINE,Not Reported,1,5
10007454,ATORVASTATIN,Not Reported,2,Not Reported
10007454,BISOPROLOL,Not Reported,2,Not Reported
10007454,LANSOPRAZOLE,Not Reported,2,Not Reported
10007454,LOSARTAN,Not Reported,2,Not Reported
10007499,LIPITOR,CARDIOVASCULAR EVENT PROPHYLAXIS,1,5
10007499,ATORVASTATIN CALCIUM.,CORONARY ARTERY OCCLUSION,1,4
10007499,LIPITOR,LOW DENSITY LIPOPROTEIN INCREASED,1,5
10007499,ATORVASTATIN CALCIUM.,BLOOD TRIGLYCERIDES INCREASED,1,4
10007499,LIPITOR,CORONARY ARTERY OCCLUSION,1,5
10007499,LIPITOR,BLOOD TRIGLYCERIDES INCREASED,1,5
10007542,LIPITOR,CARDIOVASCULAR EVENT PROPHYLAXIS,1,5
10007542,LIPITOR,BLOOD CHOLESTEROL INCREASED,1,5
10007542,ATORVASTATIN CALCIUM,BLOOD CHOLESTEROL INCREASED,1,5
10007638,ADVICOR,BLOOD CHOLESTEROL INCREASED,1,5
10007638,ATORVASTATIN CALCIUM.,BLOOD CHOLESTEROL INCREASED,1,6
10007638,LIPITOR,BLOOD CHOLESTEROL INCREASED,1,5
10008027,ACTEMRA,RHEUMATOID ARTHRITIS,1,5
10008027,PREDNISOLONE,RHEUMATOID ARTHRITIS,2,4
10008027,CELECOXIB,RHEUMATOID ARTHRITIS,2,4
10008027,PARACETAMOL/TRAMADOL,RHEUMATOID ARTHRITIS,2,4
10008027,ALPRAZOLAM,PROPHYLAXIS,2,4
10008027,ATORVASTATIN,PROPHYLAXIS,2,4
10008027,AMLODIPINE,PROPHYLAXIS,2,4
10008035,HYDRALAZINE,HYPERTENSION,1,1
10008035,VALSARTAN,Not Reported,2,1
10008035,ATORVASTATIN,Not Reported,2,1
10008035,CALCITRIOL,Not Reported,2,1
10008035,DARBEPOETIN ALFA,Not Reported,2,1
10008035,IRON SULFATE,Not Reported,2,1
10008035,INSULIN ISOPHANE,Not Reported,2,1
10008035,CALCIUM CARBONATE,Not Reported,2,1
10008035,FUROSEMIDE,Not Reported,2,1
10008035,FOLIC ACID,Not Reported,2,1
10008039,LIPITOR,LOW DENSITY LIPOPROTEIN INCREASED,1,5
10008039,LIPITOR,BLOOD TRIGLYCERIDES INCREASED,1,5
10008039,LIPITOR,CARDIOVASCULAR EVENT PROPHYLAXIS,1,5
10008039,LIPITOR,BLOOD CHOLESTEROL INCREASED,1,5
10008039,ATORVASTATIN CALCIUM.,BLOOD CHOLESTEROL INCREASED,1,5
10008081,LIPITOR,LOW DENSITY LIPOPROTEIN INCREASED,1,5
10008081,LIPITOR,CARDIOVASCULAR EVENT PROPHYLAXIS,1,5
10008081,ATORVASTATIN CALCIUM.,CARDIAC DISORDER,1,5
10008081,ATORVASTATIN CALCIUM.,Not Reported,1,5
10008082,LIPITOR,BLOOD TRIGLYCERIDES INCREASED,1,5
10008082,LIPITOR,LOW DENSITY LIPOPROTEIN INCREASED,1,5
10008082,LIPITOR,CARDIOVASCULAR EVENT PROPHYLAXIS,1,5
10008082,LIPITOR,BLOOD CHOLESTEROL INCREASED,1,5
10008082,ATORVASTATIN CALCIUM.,BLOOD CHOLESTEROL INCREASED,1,5
10008082,ATORVASTATIN CALCIUM.,BLOOD TRIGLYCERIDES INCREASED,1,5
10008151,DOXAZOSIN (UNKNOWN),HYPERTENSION,1,1
10008151,ASPIRIN,PRODUCT USED FOR UNKNOWN INDICATION,2,5
10008151,BENDROFLUMETHIAZIDE,PRODUCT USED FOR UNKNOWN INDICATION,2,5
10008151,CRESTOR,PRODUCT USED FOR UNKNOWN INDICATION,2,5
10008151,LISINOPRIL,PRODUCT USED FOR UNKNOWN INDICATION,2,5
10008151,OMACOR                             /06312301/,PRODUCT USED FOR UNKNOWN INDICATION,2,5
10008151,VITAMIN C                          /00008001/,PRODUCT USED FOR UNKNOWN INDICATION,2,5
10008151,ATORVASTATIN,PRODUCT USED FOR UNKNOWN INDICATION,2,5
10008226,LETAIRIS,PRODUCT USED FOR UNKNOWN INDICATION,1,1
10008226,METOPROLOL,Not Reported,2,Not Reported
10008226,CENTRUM SILVER                     /02363801/,Not Reported,2,Not Reported
10008226,ADCIRCA,Not Reported,2,Not Reported
10008226,FUROSEMIDE.,Not Reported,2,Not Reported
10008226,FOLIC ACID.,Not Reported,2,Not Reported
10008226,OMEGA 3                            /01334101/,Not Reported,2,Not Reported
10008226,SYNTHROID,Not Reported,2,Not Reported
10008226,SPIRONOLACTONE.,Not Reported,2,Not Reported
10008226,ATORVASTATIN,Not Reported,2,Not Reported
10008226,LOSARTAN.,Not Reported,2,Not Reported
10008226,GLUCOSAMINE,Not Reported,2,Not Reported
10008427,LISINOPRIL.,HYPERTENSION,2,Not Reported
10008427,PROAIR INHALER,ASTHMA,2,Not Reported
10008427,NAPROXEN.,PAIN,2,Not Reported
10008427,ATORVASTATIN,BLOOD TRIGLYCERIDES INCREASED,2,Not Reported
10008427,LIPITOR,CARDIOVASCULAR EVENT PROPHYLAXIS,1,5
10008427,LEVOTHYROXINE,HYPOTHYROIDISM,2,Not Reported
10008427,LIPITOR,LOW DENSITY LIPOPROTEIN INCREASED,1,5
10008427,LIPITOR,BLOOD CHOLESTEROL INCREASED,1,5
10008427,LIPITOR,BLOOD TRIGLYCERIDES INCREASED,1,5
10008427,ZAFIRLUKAST.,ASTHMA,2,Not Reported
10008427,NAPROXEN.,ARTHRITIS,2,Not Reported
10008427,ATORVASTATIN,BLOOD CHOLESTEROL INCREASED,2,Not Reported
10008437,PICATO,ACTINIC KERATOSIS,1,Not Reported
10008437,BABY ASPIRIN (ACETYLSALICYLIC ACID),Not Reported,2,Not Reported
10008437,LIPITOR (ATORVASTATIN CALCIUM),Not Reported,2,Not Reported
10008437,HYDROCOXYUREA (HYDROXYCARBAMIDE),Not Reported,2,Not Reported
10008437,LUNESTA,Not Reported,2,Not Reported
10008471,PRADAXA,ATRIAL FIBRILLATION,1,1
10008471,AMIODARONE,Not Reported,2,Not Reported
10008471,ATORVASTATIN,Not Reported,2,Not Reported
10008471,DILTIAZEM,Not Reported,2,Not Reported
10008471,LASIX,Not Reported,2,Not Reported
10008471,HUMIRA,Not Reported,2,Not Reported
10008471,LISINOPRIL,Not Reported,2,Not Reported
10008471,POTASSIUM,Not Reported,2,Not Reported
10008471,NASONEX,Not Reported,2,Not Reported
10008471,PROVENTIL INHALER,Not Reported,2,Not Reported
10008471,VIAGRA,Not Reported,2,Not Reported
10008471,TRAMADOL,Not Reported,2,Not Reported
10008471,LORCET,Not Reported,2,Not Reported
10008471,CELEBREX,Not Reported,2,Not Reported
10008490,TREANDA,CHRONIC LYMPHOCYTIC LEUKAEMIA,1,5
10008490,RITUXIMAB,CHRONIC LYMPHOCYTIC LEUKAEMIA,1,Not Reported
10008490,GS-1101,CHRONIC LYMPHOCYTIC LEUKAEMIA,1,Not Reported
10008490,ACYCLOVIR,Not Reported,2,Not Reported
10008490,AMOXICILLIN,Not Reported,2,Not Reported
10008490,ATORVASTATIN,Not Reported,2,Not Reported
10008490,BACTRIM DS,Not Reported,2,Not Reported
10008490,CETIRIZINE HYDROCHLORIDE,Not Reported,2,Not Reported
10008490,CIPRO,Not Reported,2,Not Reported
10008490,FLUCONAZOLE,Not Reported,2,Not Reported
10008490,LORAZEPAM,Not Reported,2,Not Reported
10008490,METFORMIN HYDROCHLORIDE,Not Reported,2,Not Reported
10008490,MIRACLE MOUTHWASH,Not Reported,2,Not Reported
10008490,NIASPAN,Not Reported,2,Not Reported
10008721,JAKAFI,MYELOFIBROSIS,1,4
10008721,ATENOLOL,Not Reported,2,Not Reported
10008721,LISINOPRIL,Not Reported,2,Not Reported
10008721,ATORVASTATIN,Not Reported,2,Not Reported
10008721,ASPIRIN,Not Reported,2,Not Reported
10008756,FEBURIC,HYPERURICAEMIA,1,1
10008756,ATORVASTATIN,HYPERLIPIDAEMIA,2,4
10008756,COVERSYL                           /00790702/,HYPERTENSION,2,4
10008756,NORMONAL,HYPERTENSION,2,4
10008756,NORMONAL,Not Reported,2,4
10008756,MAINTATE,HYPERTENSION,2,4
10008756,CARTOL,Not Reported,2,4
10008756,JUSO,METABOLIC ACIDOSIS,2,4
10008756,LASIX                              /00032601/,RENAL FAILURE CHRONIC,2,4
10008756,CALTAN,RENAL FAILURE CHRONIC,2,4
10008756,NOVORAPID,DIABETES MELLITUS,2,4
10008862,VISIPAQUE,PRODUCT USED FOR UNKNOWN INDICATION,1,Not Reported
10008862,VISIPAQUE,DIAGNOSTIC PROCEDURE,1,Not Reported
10008862,RISORDAN,Not Reported,2,Not Reported
10008862,HEPARIN SODIUM,Not Reported,2,Not Reported
10008862,KRENOSIN,Not Reported,2,Not Reported
10008862,ISOPTINE,Not Reported,2,Not Reported
10008862,ATORVASTATIN,Not Reported,2,Not Reported
10008862,ASPEGIC,Not Reported,2,Not Reported
10008862,PROCORALAN,Not Reported,2,Not Reported
10009033,PICATO GEL,ACTINIC KERATOSIS,1,Not Reported
10009033,LIPITOR (ATORVASTATIN CALCIUM),Not Reported,2,Not Reported
10009033,NOVALOG/ LANTIS (INSULIN ASPART),Not Reported,2,Not Reported
10009033,CELEBREX (CELECOXIB),Not Reported,2,Not Reported
10009342,DOXAZOSIN,HYPERTENSION,1,1
10009342,ASPIRIN,Not Reported,2,Not Reported
10009342,BENDROFLUMETHIAZIDE,Not Reported,2,Not Reported
10009342,CRESTOR,Not Reported,2,Not Reported
10009342,LISINOPRIL,Not Reported,2,Not Reported
10009342,OMACOR,Not Reported,2,Not Reported
10009342,VITAMIN B SUBSTANCES,Not Reported,2,Not Reported
10009342,VITAMIN C,Not Reported,2,Not Reported
10009342,ATORVASTATIN,Not Reported,2,Not Reported
10009416,ACETYLSALICYLIC ACID,Not Reported,1,5
10009416,CLOPIDOGREL,Not Reported,1,5
10009416,FLUOXETINE,Not Reported,1,5
10009416,CHAMPIX,Not Reported,1,5
10009416,ATORVASTATIN,Not Reported,2,5
10009416,BISOPROLOL,Not Reported,2,5
10009416,LANSOPRAZOLE,Not Reported,2,5
10009416,LOSARTAN,Not Reported,2,5
10009791,JAKAFI,MYELOFIBROSIS,1,5
10009791,ISOSORBIDE MONONITRATE,Not Reported,2,Not Reported
10009791,CARVEDIOL,Not Reported,2,Not Reported
10009791,LISINOPRIL,Not Reported,2,Not Reported
10009791,LEVOTHYROXINE,Not Reported,2,Not Reported
10009791,ATORVASTATIN,Not Reported,2,Not Reported
10010008,JAKAFI,MYELOFIBROSIS,1,2
10010008,JAKAFI,ESSENTIAL THROMBOCYTHAEMIA,1,2
10010008,ECOTRIN,Not Reported,2,Not Reported
10010008,LEVOXYL,Not Reported,2,Not Reported
10010008,FOSAMAX,Not Reported,2,Not Reported
10010008,PRILOSEC,Not Reported,2,Not Reported
10010008,PROSCAR,Not Reported,2,Not Reported
10010008,ASA,Not Reported,2,Not Reported
10010008,NABUMETONE,Not Reported,2,Not Reported
10010008,FLONASE,Not Reported,2,Not Reported
10010008,ACYCLOVIR,Not Reported,2,Not Reported
10010008,LUNESTA,Not Reported,2,Not Reported
10010008,PREDNISONE,Not Reported,2,Not Reported
10010008,FENOFIBRATE,Not Reported,2,Not Reported
10010008,ATORVASTATIN,Not Reported,2,Not Reported
10010008,VITAMIN D,Not Reported,2,Not Reported
10010008,DOXYCYCLINE,Not Reported,2,Not Reported
10010008,DITROPAN,Not Reported,2,Not Reported
10010008,ZANTAC,Not Reported,2,Not Reported
10010346,KLOR-CON,Not Reported,2,Not Reported
10010346,LUCENTIS,MACULAR DEGENERATION,1,5
10010346,ATORVASTATIN,Not Reported,2,Not Reported
10010346,MUPIROCIN.,Not Reported,2,Not Reported
10010346,FUROSEMIDE.,Not Reported,2,Not Reported
10010346,ASPIRIN.,Not Reported,2,Not Reported
10010346,NORPACE,VENTRICULAR TACHYCARDIA,2,Not Reported
10010346,METOPROLOL TARTRATE.,Not Reported,2,Not Reported
10010346,LISINOPRIL.,Not Reported,2,Not Reported
10010346,ALLOPURINOL.,NEPHROLITHIASIS,2,Not Reported
10010346,NITROGLYCERIN.,Not Reported,2,Not Reported
10010346,OMEPRAZOLE.,Not Reported,2,Not Reported
10010346,LUCENTIS,NEOVASCULAR AGE-RELATED MACULAR DEGENERATION,1,5
10010346,SYNTHROID,Not Reported,2,Not Reported
10010346,LANTUS,DIABETES MELLITUS,2,Not Reported
10010346,HUMALOG,DIABETES MELLITUS,2,Not Reported
10010481,TECFIDERA,MULTIPLE SCLEROSIS,1,4
10010481,AMLODIPINE BESYLATE,Not Reported,2,Not Reported
10010481,ATORVASTATIN CALCIUM,Not Reported,2,Not Reported
10010481,GABAPENTIN,Not Reported,2,Not Reported
10010481,GLIPIZIDE,Not Reported,2,Not Reported
10010481,METFORMIN HCI,Not Reported,2,Not Reported
10010481,OMEPRAZOLE,Not Reported,2,Not Reported
10010481,OXYCODONE HCI,Not Reported,2,Not Reported
10010481,POTASSIUM,Not Reported,2,Not Reported
10010497,CLOPIDOGREL,PRODUCT USED FOR UNKNOWN INDICATION,1,5
10010497,ASPIRIN,PRODUCT USED FOR UNKNOWN INDICATION,1,4
10010497,CHAMPIX,PRODUCT USED FOR UNKNOWN INDICATION,1,5
10010497,FLUOXETINE,PRODUCT USED FOR UNKNOWN INDICATION,1,5
10010497,ATORVASTATIN,PRODUCT USED FOR UNKNOWN INDICATION,2,5
10010497,BISOPROLOL,PRODUCT USED FOR UNKNOWN INDICATION,2,5
10010497,LANSOPRAZOLE,PRODUCT USED FOR UNKNOWN INDICATION,2,5
10010497,LOSARTAN,PRODUCT USED FOR UNKNOWN INDICATION,2,5
10010580,ATORVASTATIN,BLOOD CHOLESTEROL,1,Not Reported
10010587,FOSAVANCE,OSTEOPOROSIS,1,1
10010587,FOSAVANCE,BONE DECALCIFICATION,1,1
10010587,LANSOPRAZOLE,Not Reported,2,Not Reported
10010587,ATORVASTATIN CALCIUM,Not Reported,2,Not Reported
10010587,SERC (BETAHISTINE HYDROCHLORIDE),Not Reported,2,Not Reported
10010587,ESCITALOPRAM,Not Reported,2,Not Reported
10010594,XARELTO,ATRIAL FIBRILLATION,1,Not Reported
10010594,ASPIRIN,Not Reported,2,Not Reported
10010594,TAMSULOSIN,Not Reported,2,Not Reported
10010594,ATORVASTATIN,Not Reported,2,Not Reported
10010594,FERROUS SULFATE,Not Reported,2,Not Reported
10010594,LASIX,Not Reported,2,Not Reported
10010594,OMEPRAZOLE,Not Reported,2,Not Reported
10010594,BUDESONIDE,Not Reported,2,Not Reported
10010594,IPRATROPIUM,Not Reported,2,Not Reported
10010663,CETIRIZINE 10 MG,SEASONAL ALLERGY,1,1
10010663,"ATORVASTATIN TABLETS 10MG, 20 MG + 40 MG (091650)",BLOOD CHOLESTEROL INCREASED,2,Not Reported
10010707,METFORMIN (METFORMIN),TYPE 2 DIABETES MELLITUS,1,Not Reported
10010707,CLONAZEPAM (CLONAZEPAM) (CLONAZEPAM),Not Reported,2,Not Reported
10010707,PARIET (RABEPRAZOLE SODIUM),Not Reported,2,Not Reported
10010707,PREDNISOLONE (PREDNISOLONE),Not Reported,2,Not Reported
10010707,VITAMIN B12 (CYANCOBALAMIN),Not Reported,2,Not Reported
10010707,METHOTREXATE (METHOTREXATE),Not Reported,2,Not Reported
10010707,FOLIC ACID (FOLIC ACID),Not Reported,2,Not Reported
10010707,PIOGLITAZONE (PIOGLITAZONE),Not Reported,2,Not Reported
10010707,ATORVASTATIN (ATORVASTATIN),Not Reported,2,Not Reported
10010707,NIZAC (NIZATIDINE),Not Reported,2,Not Reported
10010707,MICARDIS (TELMISARTAN),Not Reported,2,Not Reported
10010707,OSTELIN (ERGOCALCIFEROL),Not Reported,2,Not Reported
10010707,CRANBERRY (VACCINIUM MACROCARPON),Not Reported,2,Not Reported
10010707,OVESTIN (ESTRIOL),Not Reported,2,Not Reported
10010707,GLICLAZIDE (GLICLAZIDE),Not Reported,2,Not Reported
10010758,REVLIMID,PLASMA CELL MYELOMA,1,4
10010758,REVLIMID,Not Reported,1,4
10010758,DEXAMETHASONE,PRODUCT USED FOR UNKNOWN INDICATION,2,Not Reported
10010758,ASA,PRODUCT USED FOR UNKNOWN INDICATION,2,Not Reported
10010758,OMEPRAZOLE,PRODUCT USED FOR UNKNOWN INDICATION,2,Not Reported
10010758,VALSARTAN,PRODUCT USED FOR UNKNOWN INDICATION,2,Not Reported
10010758,ELAVIL,PRODUCT USED FOR UNKNOWN INDICATION,2,Not Reported
10010758,ATORVASTATIN,PRODUCT USED FOR UNKNOWN INDICATION,2,Not Reported
10010758,SYNTHROID,PRODUCT USED FOR UNKNOWN INDICATION,2,Not Reported
10010758,PAMIDRONATE,PRODUCT USED FOR UNKNOWN INDICATION,2,Not Reported
10010794,CETIRIZINE 10 MG,HYPERSENSITIVITY,1,Not Reported
10010794,LANSOPRAZOLE DELAYED-RELEASE CAPSULES,PRODUCT USED FOR UNKNOWN INDICATION,2,Not Reported
10010794,"ATORVASTATIN TABLETS 10MG, 20 MG + 40 MG (091650)",PRODUCT USED FOR UNKNOWN INDICATION,2,Not Reported
10010794,FOLIC ACID,PRODUCT USED FOR UNKNOWN INDICATION,2,Not Reported
10010794,DIOVAN,PRODUCT USED FOR UNKNOWN INDICATION,2,Not Reported
10010794,SPIRONOLACTONE,PRODUCT USED FOR UNKNOWN INDICATION,2,Not Reported
10010794,VITAMIN D,PRODUCT USED FOR UNKNOWN INDICATION,2,Not Reported
10010794,ASPIRIN,PRODUCT USED FOR UNKNOWN INDICATION,2,Not Reported
10010794,CO Q 10,PRODUCT USED FOR UNKNOWN INDICATION,2,Not Reported
10010794,TOPROL,PRODUCT USED FOR UNKNOWN INDICATION,2,Not Reported
10010794,BIOTIN,PRODUCT USED FOR UNKNOWN INDICATION,2,Not Reported
10010794,MELATONIN,PRODUCT USED FOR UNKNOWN INDICATION,2,Not Reported
10010794,ALPRAZOLAM,PRODUCT USED FOR UNKNOWN INDICATION,2,Not Reported
10010849,FLUOXETINE,PRODUCT USED FOR UNKNOWN INDICATION,1,5
10010849,CLOPIDOGREL BISULFATE,PRODUCT USED FOR UNKNOWN INDICATION,1,5
10010849,CHAMPIX,PRODUCT USED FOR UNKNOWN INDICATION,1,5
10010849,ASPIRIN,PRODUCT USED FOR UNKNOWN INDICATION,1,5
10010849,ATORVASTATIN,Not Reported,2,Not Reported
10010849,BISOPROLOL,Not Reported,2,Not Reported
10010849,LANSOPRAZOLE,Not Reported,2,Not Reported
10010849,LOSARTAN,Not Reported,2,Not Reported
10010869,SITAGLIPTIN PHOSPHATE,DIABETES MELLITUS,1,1
10010869,ATORVASTATIN,Not Reported,2,Not Reported
10010869,GLICLAZIDE,Not Reported,2,Not Reported
10010869,METFORMIN HYDROCHLORIDE,Not Reported,2,Not Reported
10010869,METRONIDAZOLE,Not Reported,2,Not Reported
10010869,SIMVASTATIN,Not Reported,2,Not Reported
10010879,LOSARTAN POTASSIUM.,CARDIAC DISORDER,2,5
10010879,NITROGLYCERIN.,CHEST PAIN,2,5
10010879,MINOXIDIL AEROSOL 5% 294,ALOPECIA,1,1
10010879,NIFEDIPINE.,CARDIAC DISORDER,2,5
10010879,VITAMINS NOS,PRODUCT USED FOR UNKNOWN INDICATION,2,5
10010879,NOVOLOG,DIABETES MELLITUS,2,5
10010879,WARFARIN,CARDIAC DISORDER,2,5
10010879,ASPIRIN.,PRODUCT USED FOR UNKNOWN INDICATION,2,5
10010879,MAGNESIUM LACTATE,PRODUCT USED FOR UNKNOWN INDICATION,2,5
10010879,POTASSIUM,PRODUCT USED FOR UNKNOWN INDICATION,2,5
10010879,TERAZOSIN HCL,NEPHROPROTECTIVE THERAPY,2,5
10010879,PANTOPRAZOLE SODIUM,GASTRIC DISORDER,2,5
10010879,CARVEDILOL.,CARDIAC DISORDER,2,5
10010879,CLOPIDOGREL BISULFATE.,CARDIAC DISORDER,2,5
10010879,SPIRONOLACTONE.,DIURETIC THERAPY,2,5
10010879,ATORVASTATIN CALCIUM.,PRODUCT USED FOR UNKNOWN INDICATION,2,5
10010879,FUROSEMIDE.,PRODUCT USED FOR UNKNOWN INDICATION,2,5
10010964,OXYTROL FOR WOMEN,INCONTINENCE,1,1
10010964,METHADONE HCL,PAIN,2,5
10010964,CYMBALTA,MENTAL DISORDER,2,5
10010964,FELODIPINE,PRODUCT USED FOR UNKNOWN INDICATION,2,5
10010964,COLACE,PRODUCT USED FOR UNKNOWN INDICATION,2,5
10010964,LIDODERM,PRODUCT USED FOR UNKNOWN INDICATION,2,5
10010964,IBUPROFEN,PAIN,2,5
10010964,ADVAIR,PRODUCT USED FOR UNKNOWN INDICATION,2,5
10010964,SPIRIVA HANDIHALER,PRODUCT USED FOR UNKNOWN INDICATION,2,5
10010964,PROAIR HFA,PRODUCT USED FOR UNKNOWN INDICATION,2,5
10010964,OXYGEN,PRODUCT USED FOR UNKNOWN INDICATION,2,5
10010964,SPACER FOR METERED DOSE INHALER,PRODUCT USED FOR UNKNOWN INDICATION,2,5
10010964,ATORVASTATIN,PRODUCT USED FOR UNKNOWN INDICATION,2,5
10010964,ASPIRIN,PRODUCT USED FOR UNKNOWN INDICATION,2,5
10010964,OMEPRAZOLE,PRODUCT USED FOR UNKNOWN INDICATION,2,5
10010964,VESICARE,PRODUCT USED FOR UNKNOWN INDICATION,2,5
10010964,PATANOL,PRODUCT USED FOR UNKNOWN INDICATION,2,5
10010964,ACIDOPHILUS,PRODUCT USED FOR UNKNOWN INDICATION,2,5
10010964,CYANOCOBALAMIN,PRODUCT USED FOR UNKNOWN INDICATION,2,5
10010964,FOLIC ACID,PRODUCT USED FOR UNKNOWN INDICATION,2,5
10010964,MAGNESIUM (UNSPECIFIED),PRODUCT USED FOR UNKNOWN INDICATION,2,5
10010964,CHOLECALCIFEROL,PRODUCT USED FOR UNKNOWN INDICATION,2,5
10010964,ASCORBIC ACID,PRODUCT USED FOR UNKNOWN INDICATION,2,5
10010964,OMEGA-3 MARINE TRIGLYCERIDES,PRODUCT USED FOR UNKNOWN INDICATION,2,5
10010964,GLYCERIN (+) MENTHOL (+) XYLITOL/XYLITOL,PRODUCT USED FOR UNKNOWN INDICATION,2,5
10011270,XARELTO,CEREBROVASCULAR ACCIDENT PROPHYLAXIS,1,4
10011270,XARELTO,ATRIAL FIBRILLATION,1,4
10011270,ASPIRIN,CARDIAC DISORDER,2,Not Reported
10011270,ATORVASTATIN,BLOOD CHOLESTEROL,2,Not Reported
10011270,METOPROLOL SUCCINATE,BLOOD PRESSURE,2,Not Reported
10011270,ESCITALOPRAM,DEPRESSION,2,Not Reported
10011270,XALATAN,GLAUCOMA,2,Not Reported
10011270,TIMOLOL,GLAUCOMA,2,Not Reported
10011384,XARELTO,PRODUCT USED FOR UNKNOWN INDICATION,1,5
10011384,ATORVASTATIN,PRODUCT USED FOR UNKNOWN INDICATION,2,Not Reported
10011384,CYANOCOBALAMINE,PRODUCT USED FOR UNKNOWN INDICATION,2,Not Reported
10011384,PREGABALIN,PRODUCT USED FOR UNKNOWN INDICATION,2,Not Reported
10011384,LORAZEPAM,PRODUCT USED FOR UNKNOWN INDICATION,2,Not Reported
10011384,GLIBENCLAMIDE,PRODUCT USED FOR UNKNOWN INDICATION,2,Not Reported
10011384,LOPERAMIDE HYDROCHLORIDE,PRODUCT USED FOR UNKNOWN INDICATION,2,Not Reported
10011384,METFORMIN,PRODUCT USED FOR UNKNOWN INDICATION,2,Not Reported
10011384,LISINOPRIL,PRODUCT USED FOR UNKNOWN INDICATION,2,Not Reported
10011384,BISOPROLOL,PRODUCT USED FOR UNKNOWN INDICATION,2,Not Reported
10011384,SALMETEROL  XINAFOATE,PRODUCT USED FOR UNKNOWN INDICATION,2,Not Reported
10011384,CICLESONIDE,PRODUCT USED FOR UNKNOWN INDICATION,2,Not Reported
10011384,SALBUTAMOL,PRODUCT USED FOR UNKNOWN INDICATION,2,Not Reported
10011384,GLYCERYL TRINITRATE,PRODUCT USED FOR UNKNOWN INDICATION,2,Not Reported
10011384,ALLOPURINOL,PRODUCT USED FOR UNKNOWN INDICATION,2,Not Reported
10011384,PARACETAMOL,PRODUCT USED FOR UNKNOWN INDICATION,2,Not Reported
10011384,TAMSULOSIN HYDROCHLORIDE,PRODUCT USED FOR UNKNOWN INDICATION,2,Not Reported
10011384,ACETYLSALICYLIC ACID,PRODUCT USED FOR UNKNOWN INDICATION,2,Not Reported
10011384,FUROSEMIDE,PRODUCT USED FOR UNKNOWN INDICATION,2,Not Reported
10011384,ISOSORBIDE MONONITRATE,PRODUCT USED FOR UNKNOWN INDICATION,2,Not Reported
10011472,IRBESARTAN,HYPERTENSION,1,1
10011472,SPIRONOLACTONE,HYPERTENSION,1,1
10011472,LASIX,Not Reported,2,Not Reported
10011472,DILATREND,Not Reported,2,Not Reported
10011472,ATORVASTATIN,Not Reported,2,Not Reported
10011472,RANITIDINE,Not Reported,2,Not Reported
10011472,TRIMETAZIDINE,Not Reported,2,Not Reported
10011472,HYDROCHLOROTHIAZIDE,Not Reported,2,Not Reported
10011611,LIPITOR,LOW DENSITY LIPOPROTEIN INCREASED,1,5
10011611,LIPITOR,BLOOD CHOLESTEROL INCREASED,1,5
10011611,ATORVASTATIN CALCIUM.,BLOOD CHOLESTEROL INCREASED,1,4
10011611,LIPITOR,CARDIOVASCULAR EVENT PROPHYLAXIS,1,5
10011642,XARELTO,DEEP VEIN THROMBOSIS,1,1
10011642,ADVAIR,Not Reported,2,Not Reported
10011642,NORVASC,Not Reported,2,Not Reported
10011642,LIPITOR,Not Reported,2,Not Reported
10011642,PROVENTIL HFA INHALANT,Not Reported,2,Not Reported
10011642,SINGULAIR,Not Reported,2,Not Reported
10011642,CLARITIN,Not Reported,2,Not Reported
10011642,OMEGA-3 POLYUNSATURATED FATTY ACIDS,Not Reported,2,Not Reported
10011642,REQUIP,Not Reported,2,Not Reported
10011642,AMLODIPINE BESYLATE,Not Reported,2,Not Reported
10011642,ATORVASTATIN CALCIUM,Not Reported,2,Not Reported
10011642,ROPINIROLE HYDROCHLORIDE,Not Reported,2,Not Reported
10011642,MULTIPLE VITAMIN INJECTION,Not Reported,2,Not Reported
10011642,FISH OIL,Not Reported,2,Not Reported
10011642,ALBUMIN,Not Reported,2,Not Reported
10011662,AMLODIPINE (UNKNOWN),HYPERTENSION,1,1
10011662,CO-CODAMOL,PRODUCT USED FOR UNKNOWN INDICATION,2,5
10011662,ATORVASTATIN,PRODUCT USED FOR UNKNOWN INDICATION,2,5
10011662,OMEPRAZOLE,PRODUCT USED FOR UNKNOWN INDICATION,2,5
10011662,ASPIRIN,PRODUCT USED FOR UNKNOWN INDICATION,2,5
10011708,LIPITOR,BLOOD CHOLESTEROL ABNORMAL,1,5
10011708,LIPITOR,LOW DENSITY LIPOPROTEIN INCREASED,1,5
10011708,AMLODIPINE BESYLATE.,HYPERTENSION,2,Not Reported
10011708,LIPITOR,CARDIOVASCULAR EVENT PROPHYLAXIS,1,5
10011708,ATORVASTATIN CALCIUM.,BLOOD CHOLESTEROL ABNORMAL,1,5
10011709,ATORVASTATIN CALCIUM.,BLOOD CHOLESTEROL INCREASED,1,5
10011709,LIPITOR,LOW DENSITY LIPOPROTEIN INCREASED,1,4
10011709,LIPITOR,BLOOD CHOLESTEROL INCREASED,1,4
10011709,LIPITOR,CARDIOVASCULAR EVENT PROPHYLAXIS,1,4
10011709,ZOCOR,BLOOD CHOLESTEROL INCREASED,1,4
10011709,ZETIA,BLOOD CHOLESTEROL INCREASED,1,4
10011736,LIPITOR,CARDIOVASCULAR EVENT PROPHYLAXIS,1,4
10011736,LIPITOR,LOW DENSITY LIPOPROTEIN INCREASED,1,4
10011736,LIPITOR,BLOOD CHOLESTEROL ABNORMAL,1,4
10011736,ATORVASTATIN CALCIUM.,BLOOD CHOLESTEROL ABNORMAL,1,4
10011741,ATORVASTATIN CALCIUM.,BLOOD CHOLESTEROL ABNORMAL,1,5
10011741,LIPITOR,LOW DENSITY LIPOPROTEIN INCREASED,1,5
10011741,LIPITOR,BLOOD CHOLESTEROL ABNORMAL,1,5
10011741,LIPITOR,CARDIOVASCULAR EVENT PROPHYLAXIS,1,5
10011741,CRESTOR,Not Reported,2,Not Reported
10011741,CRESTOR,BLOOD CHOLESTEROL ABNORMAL,2,Not Reported
10011744,LIPITOR,CARDIOVASCULAR EVENT PROPHYLAXIS,1,5
10011744,ATORVASTATIN,BLOOD CHOLESTEROL INCREASED,1,5
10011744,CRESTOR,BLOOD CHOLESTEROL INCREASED,1,4
10011744,LIPITOR,BLOOD CHOLESTEROL INCREASED,1,5
10011744,LIPITOR,LOW DENSITY LIPOPROTEIN ABNORMAL,1,5
10011745,AMLODIPINE BESYLATE.,HYPERTENSION,2,Not Reported
10011745,LIPITOR,CARDIOVASCULAR EVENT PROPHYLAXIS,1,5
10011745,LIPITOR,LOW DENSITY LIPOPROTEIN INCREASED,1,5
10011745,LIPITOR,BLOOD CHOLESTEROL ABNORMAL,1,5
10011745,ATORVASTATIN CALCIUM.,BLOOD CHOLESTEROL ABNORMAL,1,5
10011829,LIPITOR,CARDIOVASCULAR EVENT PROPHYLAXIS,1,5
10011829,LIPITOR,BLOOD CHOLESTEROL ABNORMAL,1,5
10011829,LIPITOR,LOW DENSITY LIPOPROTEIN INCREASED,1,5
10011829,ATORVASTATIN,BLOOD CHOLESTEROL ABNORMAL,1,5
10011848,PLACEBO,CORONARY ARTERY DISEASE,1,Not Reported
10011848,PLACEBO,Not Reported,1,Not Reported
10011848,ALISKIREN,CORONARY ARTERY DISEASE,1,5
10011848,ATORVASTATIN,DYSLIPIDAEMIA,2,5
10011848,RAMIPRIL,HYPERTENSION,2,5
10011848,SALMETEROL,CHRONIC OBSTRUCTIVE PULMONARY DISEASE,2,5
10011869,LIPITOR,BLOOD CHOLESTEROL INCREASED,1,5
10011869,ATORVASTATIN CALCIUM.,BLOOD CHOLESTEROL INCREASED,1,5
10011869,LIPITOR,LOW DENSITY LIPOPROTEIN INCREASED,1,5
10011869,LIPITOR,CARDIOVASCULAR EVENT PROPHYLAXIS,1,5
10011869,LIPITOR,BLOOD TRIGLYCERIDES INCREASED,1,5
10011869,ATORVASTATIN CALCIUM.,BLOOD TRIGLYCERIDES INCREASED,1,5
10011887,GLACTIV,TYPE 2 DIABETES MELLITUS,1,1
10011887,GLACTIV,Not Reported,1,1
10011887,INSULIN DETEMIR,TYPE 2 DIABETES MELLITUS,1,1
10011887,INSULIN DETEMIR,Not Reported,1,1
10011887,ATORVASTATIN,Not Reported,2,Not Reported
10011937,CLOZARIL,Not Reported,1,2
10011937,PAROXETINE HCL TABLETS,Not Reported,1,5
10011937,COGENTIN,Not Reported,1,1
10011937,TRAZODONE,Not Reported,2,Not Reported
10011937,HALOPERIDOL,Not Reported,2,5
10011937,ATORVASTATIN,Not Reported,2,5
10011937,LEVANTIN,Not Reported,2,5
10011994,ATORVASTATIN CALCIUM.,BLOOD CHOLESTEROL INCREASED,1,4
10011994,LIPITOR,LOW DENSITY LIPOPROTEIN INCREASED,1,5
10011994,LIPITOR,BLOOD CHOLESTEROL INCREASED,1,5
10011994,LIPITOR,CARDIOVASCULAR EVENT PROPHYLAXIS,1,5
10012009,LIPITOR,CARDIOVASCULAR EVENT PROPHYLAXIS,1,5
10012009,LIPITOR,LOW DENSITY LIPOPROTEIN INCREASED,1,5
10012009,ATORVASTATIN CALCIUM.,BLOOD CHOLESTEROL INCREASED,1,5
10012126,ADVAIR,CHRONIC OBSTRUCTIVE PULMONARY DISEASE,1,5
10012126,AVODART,BENIGN PROSTATIC HYPERPLASIA,1,5
10012126,NOVOLOG,Not Reported,2,Not Reported
10012126,ALPRAZOLAM,Not Reported,2,Not Reported
10012126,AMIODARONE,Not Reported,2,Not Reported
10012126,AMLODIPINE,Not Reported,2,Not Reported
10012126,ATORVASTATIN,Not Reported,2,Not Reported
10012126,BRILINTA,Not Reported,2,Not Reported
10012126,CARVEDILOL,Not Reported,2,Not Reported
10012126,LOMOTIL,Not Reported,2,Not Reported
10012126,DONEPEZIL,Not Reported,2,Not Reported
10012126,FENOFIBRATE,Not Reported,2,Not Reported
10012126,FUROSEMIDE,Not Reported,2,Not Reported
10012126,HYDROCODONE,Not Reported,2,Not Reported
10012126,LAMOTRIGINE,Not Reported,2,Not Reported
10012126,LEVOTHYROXINE,Not Reported,2,Not Reported
10012126,LISINOPRIL,Not Reported,2,Not Reported
10012126,LYRICA,Not Reported,2,Not Reported
10012126,MONTELUKAST,Not Reported,2,Not Reported
10012126,NEXIUM,Not Reported,2,Not Reported
10012126,NITROGLYCERIN,Not Reported,2,Not Reported
10012126,NITROSTAT,Not Reported,2,Not Reported
10012126,POLYETHYLENE GLYCOL,Not Reported,2,Not Reported
10012126,POTASSIUM CHLORIDE,Not Reported,2,Not Reported
10012126,PROMETHAZINE,Not Reported,2,Not Reported
10012126,QUETIAPINE,Not Reported,2,Not Reported
10012126,TAMSULOSIN,Not Reported,2,Not Reported
10012126,FLUTICASONE,Not Reported,2,Not Reported
10012126,VITAMIN D3,Not Reported,2,Not Reported
10012126,PROVENTIL,Not Reported,2,Not Reported
10012126,LANTUS,Not Reported,2,Not Reported
10012126,FERROUS SULFATE,Not Reported,2,Not Reported
10012126,ASPIRIN,Not Reported,2,Not Reported
10012126,TYLENOL,Not Reported,2,Not Reported
10012126,METAMUCIL,Not Reported,2,Not Reported
10012126,GAS-X,Not Reported,2,Not Reported
10012126,ALKA SELTZER,Not Reported,2,Not Reported
10012126,MENTANX,Not Reported,2,5
10012245,SODIUM CHLORIDE,Not Reported,2,Not Reported
10012245,MACROGOL,Not Reported,2,Not Reported
10012245,DOXORUBICIN,SARCOMA METASTATIC,1,4
10012245,ACETYLSALICYLIC ACID,Not Reported,2,Not Reported
10012245,CLOPIDOGREL BISULFATE,Not Reported,2,Not Reported
10012245,ATORVASTATIN CALCIUM,Not Reported,2,Not Reported
10012245,METOPROLOL,Not Reported,2,Not Reported
10012245,LISINOPRIL,Not Reported,2,Not Reported
10012245,MOMETASONE FUROATE,Not Reported,2,Not Reported
10012245,SALBUTAMOL,Not Reported,2,Not Reported
10012245,PANTOPRAZOLE,Not Reported,2,Not Reported
10012245,BENZOYL PEROXIDE W/CLINDAMYCIN,Not Reported,2,Not Reported
10012245,TRETINOIN,Not Reported,2,Not Reported
10012245,PARACETAMOL,Not Reported,2,Not Reported
10012245,DIPHENHYDRAMINE,Not Reported,2,Not Reported
10012245,ONDANSETRON,Not Reported,2,Not Reported
10012245,LORAZEPAM,Not Reported,2,Not Reported
10012245,HYDROCODONE BITARTRATE,Not Reported,2,Not Reported
10012245,APREPITANT,Not Reported,2,Not Reported
10012245,PROCHLORPERAZINE,Not Reported,2,Not Reported
10012245,PARAFFIN SOFT,Not Reported,2,Not Reported
10012245,DOCUSATE SODIUM,Not Reported,2,Not Reported
10012245,GUAIFENESIN,Not Reported,2,Not Reported
10012245,IMODIUM,Not Reported,2,Not Reported
10012245,UREA-CRESOL-SULFONATE SODIUM,Not Reported,2,Not Reported
10012260,LIPITOR,CARDIOVASCULAR EVENT PROPHYLAXIS,1,5
10012260,ATORVASTATIN CALCIUM.,BLOOD CHOLESTEROL INCREASED,1,5
10012260,LIPITOR,BLOOD CHOLESTEROL INCREASED,1,5
10012260,LIPITOR,LOW DENSITY LIPOPROTEIN INCREASED,1,5
10012260,ATORVASTATIN CALCIUM.,Not Reported,1,5
10012260,SIMVASTATIN.,BLOOD CHOLESTEROL INCREASED,2,Not Reported
10012262,LIPITOR,BLOOD CHOLESTEROL ABNORMAL,1,5
10012262,LIPITOR,LOW DENSITY LIPOPROTEIN INCREASED,1,5
10012262,LIPITOR,CARDIOVASCULAR EVENT PROPHYLAXIS,1,5
10012262,ATORVASTATIN CALCIUM.,BLOOD CHOLESTEROL ABNORMAL,1,4
10012294,ATORVASTATIN CALCIUM.,Not Reported,1,5
10012294,BENAZEPRIL HYDROCHLORIDE AND HYDROCHLOROTHIAZIDE,HYPERTENSION,2,Not Reported
10012294,LIPITOR,LOW DENSITY LIPOPROTEIN INCREASED,1,5
10012294,LIPITOR,CARDIOVASCULAR EVENT PROPHYLAXIS,1,5
10012294,LIPITOR,BLOOD CHOLESTEROL INCREASED,1,5
10012294,ATORVASTATIN CALCIUM.,BLOOD CHOLESTEROL ABNORMAL,1,5
10012369,LIPITOR,BLOOD CHOLESTEROL INCREASED,1,5
10012369,LIPITOR,LOW DENSITY LIPOPROTEIN INCREASED,1,5
10012369,ATORVASTATIN CALCIUM.,HYPERLIPIDAEMIA,1,4
10012369,ATORVASTATIN CALCIUM.,BLOOD CHOLESTEROL INCREASED,1,4
10012369,LIPITOR,CARDIOVASCULAR EVENT PROPHYLAXIS,1,5
10012369,LIPITOR,HYPERLIPIDAEMIA,1,5
10012611,LIPITOR,LOW DENSITY LIPOPROTEIN INCREASED,1,5
10012611,LIPITOR,CARDIOVASCULAR EVENT PROPHYLAXIS,1,5
10012611,ATORVASTATIN CALCIUM,BLOOD CHOLESTEROL INCREASED,1,5
10012611,SULINDAC,ARTHRITIS,2,Not Reported
10012611,SULINDAC,TENDON PAIN,2,Not Reported
10012611,AMLODIPINE,HYPERTENSION,2,Not Reported
10012611,"HYDROCHLOROTHIAZIDE, TRIAMTERENE",HYPERTENSION,2,Not Reported
10012686,LUNESTA,INSOMNIA,1,1
10012686,TRAZODONE,INSOMNIA,1,Not Reported
10012686,FISH OIL,Not Reported,2,Not Reported
10012686,LISINOPRIL,Not Reported,2,Not Reported
10012686,FLOMAX /01280302/,Not Reported,2,Not Reported
10012686,ATORVASTATIN,Not Reported,2,Not Reported
10012690,LIPITOR,LOW DENSITY LIPOPROTEIN INCREASED,1,5
10012690,LIPITOR,CARDIOVASCULAR EVENT PROPHYLAXIS,1,5
10012690,ATORVASTATIN CALCIUM.,Not Reported,1,5
10012833,ATORVASTATIN,Not Reported,1,4
10012833,BENDROFLUMETHIAZIDE,Not Reported,1,5
10012833,LEVOTHYROXINE SODIUM,Not Reported,1,5
10012833,FEMSEVEN,Not Reported,1,5
10012902,BLINDED ALLOPURINOL,HYPERURICAEMIA,1,1
10012902,BLINDED FEBUXOSTAT,HYPERURICAEMIA,1,1
10012902,BLINDED ALLOPURINOL,Not Reported,1,1
10012902,BLINDED FEBUXOSTAT,Not Reported,1,1
10012902,ACETAMINOPHEN,PAIN,2,Not Reported
10012902,ALBUTEROL                          /00139501/,CHRONIC OBSTRUCTIVE PULMONARY DISEASE,2,Not Reported
10012902,ATORVASTATIN,HYPERLIPIDAEMIA,2,Not Reported
10012902,CARVEDILOL,HYPERTENSION,2,Not Reported
10012902,CARVEDILOL,CARDIOVASCULAR EVENT PROPHYLAXIS,2,Not Reported
10012902,CLOPIDOGREL,CORONARY ARTERY DISEASE,2,Not Reported
10012902,CYANOCOBALAMIN,HYPOVITAMINOSIS,2,Not Reported
10012902,FERROUS SULFATE,ANAEMIA,2,Not Reported
10012902,FUROSEMIDE,HYPERTENSION,2,Not Reported
10012902,GABAPENTIN,PRODUCT USED FOR UNKNOWN INDICATION,2,Not Reported
10012902,HYDROPHOR,ECZEMA ASTEATOTIC,2,Not Reported
10012902,ISOSORBIDE MONONITRATE,PRODUCT USED FOR UNKNOWN INDICATION,2,Not Reported
10012902,MICONAZOLE NITRATE,PRODUCT USED FOR UNKNOWN INDICATION,2,Not Reported
10012902,MOMETASONE FUROATE,CHRONIC OBSTRUCTIVE PULMONARY DISEASE,2,Not Reported
10012902,MULTIVITAMIN,NUTRITIONAL SUPPLEMENTATION,2,Not Reported
10012902,OMEPRAZOLE,GASTROINTESTINAL DISORDER,2,Not Reported
10012902,POLYETHYLENE GLYCOL,LAXATIVE SUPPORTIVE CARE,2,Not Reported
10012902,RANOLAZINE,PRODUCT USED FOR UNKNOWN INDICATION,2,Not Reported
10012902,RANOLAZINE,CARDIOVASCULAR EVENT PROPHYLAXIS,2,Not Reported
10012902,TAMSULOSIN,BENIGN PROSTATIC HYPERPLASIA,2,Not Reported
10012902,TIOTROPIUM,CHRONIC OBSTRUCTIVE PULMONARY DISEASE,2,Not Reported
10012902,WARFARIN,ANTICOAGULANT THERAPY,2,Not Reported
10012902,TRAMADOL,PAIN IN EXTREMITY,2,Not Reported
10012902,COLCHICINE,GOUT,2,Not Reported
10012902,FLUNISOLIDE,HYPERSENSITIVITY,2,Not Reported
10012902,DM/GUAIFENESIN,COUGH,2,Not Reported
10012902,ANALGESIC CREAM,PAIN,2,Not Reported
10012902,ANALGESIC CREAM,INFLAMMATION,2,Not Reported
10012902,LORATIDINE,HYPERSENSITIVITY,2,Not Reported
10012902,PRAMOXINE,SKIN IRRITATION,2,Not Reported
10012902,METFORMIN,DIABETES MELLITUS,2,Not Reported
10012902,NITROGLYCERIN,CARDIAC FAILURE CONGESTIVE,2,Not Reported
10013093,INLYTA,RENAL CANCER,1,5
10013093,ASPIRIN,Not Reported,2,Not Reported
10013093,ATORVASTATIN CALCIUM,Not Reported,2,Not Reported
10013093,NIFEDIPINE,Not Reported,2,Not Reported
10013093,PANTOPRAZOLE SODIUM,Not Reported,2,Not Reported
10013093,RAMIPRIL,Not Reported,2,Not Reported
10013115,SYMBICORT,CHRONIC OBSTRUCTIVE PULMONARY DISEASE,1,4
10013115,MORPHINE,Not Reported,1,5
10013115,OMEPRAZOLE,BLOOD PRESSURE ABNORMAL,1,4
10013115,COUMADIN,Not Reported,2,Not Reported
10013115,ALBUTEROL INHALER,CHRONIC OBSTRUCTIVE PULMONARY DISEASE,2,Not Reported
10013115,SPIRIVA,CHRONIC OBSTRUCTIVE PULMONARY DISEASE,2,Not Reported
10013115,POTASSIUM,Not Reported,2,Not Reported
10013115,LASIX,FLUID RETENTION,2,Not Reported
10013115,LASIX,CARDIAC FAILURE,2,Not Reported
10013115,VITAMIN B12,Not Reported,2,Not Reported
10013115,MAG 64,MINERAL SUPPLEMENTATION,2,Not Reported
10013115,VITAMIN D,Not Reported,2,Not Reported
10013115,LEVOTHYROXINE,HYPOTHYROIDISM,2,Not Reported
10013115,LINVESF,GASTRIC DISORDER,2,Not Reported
10013115,DULCOLAX,FAECES HARD,2,Not Reported
10013115,ACETAMINOPHEN,ARTHRALGIA,2,Not Reported
10013115,DARVOCET,ARTHRALGIA,2,Not Reported
10013115,METOLAZONE,DIURETIC THERAPY,2,Not Reported
10013115,HYDROXYZINE PAM,PRURITUS,2,Not Reported
10013115,HYDROXYZINE PAM,ANXIETY,2,Not Reported
10013115,LOSARTAN,BLOOD PRESSURE ABNORMAL,2,Not Reported
10013115,RISPERIDONE,MENTAL DISORDER,2,Not Reported
10013115,FLECAINIDE ACETATE,ATRIAL FIBRILLATION,2,Not Reported
10013115,TRAZODONE,SLEEP DISORDER,2,Not Reported
10013115,ATORVASTATIN,ATRIAL FIBRILLATION,2,Not Reported
10013115,ATORVASTATIN,BLOOD PRESSURE ABNORMAL,2,Not Reported
10013342,ATORVASTATIN CALCIUM,BLOOD CHOLESTEROL INCREASED,1,3
10013342,PRILOSEC,Not Reported,2,Not Reported
10013342,ALPRAZOLAM,Not Reported,2,Not Reported
10013342,VITAMIN D,Not Reported,2,Not Reported
10013364,NEBIVOLOL,HYPERTENSION,1,4
10013364,LEVOTHYROX,THYROIDECTOMY,1,4
10013364,LANSOPRAZOLE,Not Reported,1,4
10013364,COAPROVEL,HYPERTENSION,1,4
10013364,ATORVASTATIN,PERIPHERAL ARTERIAL OCCLUSIVE DISEASE,1,4
10013364,LORAZEPAM,ANXIETY,1,4
10013364,PLAVIX,PERIPHERAL ARTERIAL OCCLUSIVE DISEASE,1,4
10013364,METFORMIN,TYPE 2 DIABETES MELLITUS,1,4
10013366,ATORVASTATIN CALCIUM,BLOOD CHOLESTEROL ABNORMAL,1,4
10013366,ZETIA,BLOOD CHOLESTEROL ABNORMAL,2,Not Reported
10013373,REVLIMID,PLASMA CELL MYELOMA,1,1
10013373,TINZAPARIN,PRODUCT USED FOR UNKNOWN INDICATION,2,Not Reported
10013373,VELCADE,PRODUCT USED FOR UNKNOWN INDICATION,2,Not Reported
10013373,VELCADE,Not Reported,2,Not Reported
10013373,MELPHALAN,PRODUCT USED FOR UNKNOWN INDICATION,2,Not Reported
10013373,METFORMIN,PRODUCT USED FOR UNKNOWN INDICATION,2,Not Reported
10013373,ZOPICLONE,PRODUCT USED FOR UNKNOWN INDICATION,2,Not Reported
10013373,OXYCODONE,PRODUCT USED FOR UNKNOWN INDICATION,2,Not Reported
10013373,TADAFANIL,PRODUCT USED FOR UNKNOWN INDICATION,2,Not Reported
10013373,ATORVASTATIN,PRODUCT USED FOR UNKNOWN INDICATION,2,Not Reported
10013373,PANTOPRAZOLE,PRODUCT USED FOR UNKNOWN INDICATION,2,Not Reported
10013373,VALACYCLOVIR,PRODUCT USED FOR UNKNOWN INDICATION,2,Not Reported
10013373,DEXAMETHASONE,PLASMA CELL MYELOMA,2,Not Reported
10013373,DEXAMETHASONE,Not Reported,2,Not Reported
10013373,GCSF,PRODUCT USED FOR UNKNOWN INDICATION,2,Not Reported
10013469,XL184,PROSTATE CANCER,1,1
10013469,XL184,Not Reported,1,1
10013469,XL184,PROSTATE CANCER,1,4
10013469,VALTREX,Not Reported,2,Not Reported
10013469,PREDNISOLONE,Not Reported,2,Not Reported
10013469,ATORVASTATIN,Not Reported,2,Not Reported
10013469,LERCANIDIPINE,Not Reported,2,Not Reported
10013469,RAMIPRIL,Not Reported,2,Not Reported
10013469,SUPER MUSHROOM COMPLEX,Not Reported,2,Not Reported
10013469,ULTRA PREVENTATIVE,Not Reported,2,Not Reported
10013469,SLOW RECOVERY IMMUNE HEALTH,Not Reported,2,Not Reported
10013469,LYMPHODRAN PLUS,Not Reported,2,Not Reported
10013604,ACTEMRA,RHEUMATOID ARTHRITIS,1,5
10013604,METHOTREXATE,Not Reported,2,Not Reported
10013604,PREDNISONE,Not Reported,2,Not Reported
10013604,ASPIRIN,Not Reported,2,Not Reported
10013604,OMEPRADEX,Not Reported,2,Not Reported
10013604,ATORVASTATIN,Not Reported,2,Not Reported
10013604,FOLIC ACID,Not Reported,2,Not Reported
10013604,FOSALAN,Not Reported,2,Not Reported
10013604,SIMOVIL,Not Reported,2,Not Reported
10013604,TRAMADEX,Not Reported,2,Not Reported
10013604,LEUCOVORIN,Not Reported,2,Not Reported
10013604,PHENERGAN,Not Reported,2,Not Reported
10013604,LITORVA,Not Reported,2,Not Reported
10014009,ZYTIGA,PROSTATE CANCER,1,1
10014009,WARFARIN,THROMBOPHLEBITIS,1,1
10014009,ALLOPURINOL,Not Reported,2,Not Reported
10014009,METFORMIN,Not Reported,2,Not Reported
10014009,ATORVASTATIN,Not Reported,2,Not Reported
10014009,PERINDOPRIL,Not Reported,2,Not Reported
10014009,INDAPAMIDE,Not Reported,2,Not Reported
10014009,PREDNISOLONE,Not Reported,2,Not Reported
10014041,IRBESARTAN,HYPERTENSION,1,1
10014041,SPIRONOLACTONE,HYPERTENSION,1,1
10014041,LASIX,Not Reported,2,5
10014041,CARDIOASPIRIN,Not Reported,2,5
10014041,DILATREND,Not Reported,2,5
10014041,ATORVASTATIN,Not Reported,2,5
10014041,RANITIDINE,Not Reported,2,5
10014041,TRIMETAZIDINE,Not Reported,2,5
10014041,HYDROCHLOROTHIAZIDE,Not Reported,2,5
10014219,HALDOL,BEHAVIOURAL AND PSYCHIATRIC SYMPTOMS OF DEMENTIA,1,4
10014219,SERTRALINE,BEHAVIOURAL AND PSYCHIATRIC SYMPTOMS OF DEMENTIA,1,1
10014219,AMLODIPINE,PRODUCT USED FOR UNKNOWN INDICATION,2,Not Reported
10014219,ACETYLSALICYLIC ACID,PRODUCT USED FOR UNKNOWN INDICATION,2,Not Reported
10014219,ATORVASTATIN,PRODUCT USED FOR UNKNOWN INDICATION,2,Not Reported
10014219,PARACETAMOL,PRODUCT USED FOR UNKNOWN INDICATION,2,Not Reported
10014219,CLOMETHIAZOLE,PRODUCT USED FOR UNKNOWN INDICATION,2,Not Reported
10014607,CLOPIDOGREL,CORONARY ARTERY DISEASE,1,1
10014607,ATENOLOL,CORONARY ARTERY DISEASE,2,Not Reported
10014607,ASPIRIN,CORONARY ARTERY DISEASE,2,Not Reported
10014607,DILTIAZEM,CORONARY ARTERY DISEASE,2,Not Reported
10014607,ATORVASTATIN,CORONARY ARTERY DISEASE,2,Not Reported
10014644,ZOCOR,BLOOD CHOLESTEROL INCREASED,1,5
10014644,ATORVASTATIN,BLOOD CHOLESTEROL INCREASED,1,5
10014644,PRAVASTATIN.,BLOOD CHOLESTEROL INCREASED,1,6
10014644,PRAVASTATIN.,Not Reported,1,6
10014644,LIPITOR,CARDIOVASCULAR EVENT PROPHYLAXIS,1,5
10014644,LIPITOR,BLOOD CHOLESTEROL INCREASED,1,5
10014644,FLUVASTATIN,BLOOD CHOLESTEROL INCREASED,1,5
10014644,LIPITOR,LOW DENSITY LIPOPROTEIN INCREASED,1,5
10014648,LIPITOR,LOW DENSITY LIPOPROTEIN INCREASED,1,5
10014648,SIMVASTATIN.,Not Reported,2,Not Reported
10014648,LIPITOR,BLOOD CHOLESTEROL INCREASED,1,5
10014648,ATORVASTATIN CALCIUM.,Not Reported,1,5
10014648,LIPITOR,CARDIOVASCULAR EVENT PROPHYLAXIS,1,5
10014690,LIPITOR,LOW DENSITY LIPOPROTEIN INCREASED,1,5
10014690,LIPITOR,CARDIOVASCULAR EVENT PROPHYLAXIS,1,5
10014690,ATORVASTATIN CALCIUM.,HYPERLIPIDAEMIA,1,5
10014690,LIPITOR,Not Reported,1,5
10014690,ATORVASTATIN CALCIUM.,HYPERCHOLESTEROLAEMIA,1,5
10014752,ATORVASTATIN,BLOOD TRIGLYCERIDES INCREASED,1,5
10014752,ATORVASTATIN,BLOOD CHOLESTEROL INCREASED,1,5
10014752,LIPITOR,BLOOD CHOLESTEROL INCREASED,1,5
10014752,LIPITOR,BLOOD TRIGLYCERIDES INCREASED,1,5
10014752,LIPITOR,CARDIOVASCULAR DISORDER,1,5
10014784,LIPITOR,CARDIOVASCULAR EVENT PROPHYLAXIS,1,5
10014784,LIPITOR,Not Reported,1,5
10014784,LIPITOR,BLOOD CHOLESTEROL ABNORMAL,1,5
10014784,ATORVASTATIN CALCIUM.,BLOOD CHOLESTEROL ABNORMAL,1,5
10014784,ZETIA,BLOOD CHOLESTEROL ABNORMAL,2,Not Reported
10014784,LIPITOR,LOW DENSITY LIPOPROTEIN INCREASED,1,5
10014787,LIPITOR,HYPERLIPIDAEMIA,1,5
10014787,ATORVASTATIN CALCIUM.,HYPERLIPIDAEMIA,1,5
10014787,LIPITOR,LOW DENSITY LIPOPROTEIN INCREASED,1,5
10014787,LIPITOR,CARDIOVASCULAR EVENT PROPHYLAXIS,1,5
10014787,LIPITOR,BLOOD CHOLESTEROL INCREASED,1,5
10014911,LIPITOR,CARDIOVASCULAR EVENT PROPHYLAXIS,1,5
10014911,LIPITOR,LOW DENSITY LIPOPROTEIN INCREASED,1,5
10014911,LIPITOR,BLOOD CHOLESTEROL INCREASED,1,5
10014911,ATORVASTATIN CALCIUM.,BLOOD CHOLESTEROL ABNORMAL,1,5
10015291,LISINOPRIL.,HYPERTENSION,2,Not Reported
10015291,ABILIFY,Not Reported,2,Not Reported
10015291,ADVAIR HFA,Not Reported,2,Not Reported
10015291,ATORVASTATIN CALCIUM.,Not Reported,2,Not Reported
10015291,EFFEXOR XR,Not Reported,1,5
10015291,AMLODIPINE BESYLATE.,Not Reported,2,Not Reported
10015291,CEPHALEXIN.,Not Reported,2,Not Reported
10015291,SILVADENE,Not Reported,2,Not Reported
10015291,OMEPRAZOLE.,DYSPEPSIA,2,Not Reported
10015347,LIPITOR,CARDIOVASCULAR EVENT PROPHYLAXIS,1,1
10015347,LIPITOR,BLOOD CHOLESTEROL ABNORMAL,1,1
10015347,ATORVASTATIN CALCIUM.,Not Reported,1,5
10015347,ATORVASTATIN CALCIUM.,BLOOD CHOLESTEROL ABNORMAL,1,5
10015347,LIPITOR,LOW DENSITY LIPOPROTEIN INCREASED,1,1
10015367,CHANTIX,SMOKING CESSATION THERAPY,1,4
10015367,CHANTIX,Not Reported,1,4
10015367,INSULIN,TYPE 1 DIABETES MELLITUS,2,Not Reported
10015367,CLOPIDOGREL,Not Reported,2,Not Reported
10015367,NEXIUM,Not Reported,2,Not Reported
10015367,CARVEDILOL,Not Reported,2,Not Reported
10015367,ATORVASTATIN,Not Reported,2,Not Reported
10015420,PRAZAXA,CEREBROVASCULAR ACCIDENT PROPHYLAXIS,1,4
10015420,PRAZAXA,Not Reported,1,4
10015420,ADALAT-CR / NIFEDIPINE,Not Reported,2,4
10015420,PREMINENT / LOSARTAN POTASSIUM_HYDROCHLOROTHIAZIDE,Not Reported,2,4
10015420,SELARA / EPLERENONE,Not Reported,2,4
10015420,LIPITOR / ATORVASTATIN CALCIUM HYDRATE,Not Reported,2,4
10015420,BAYASPIRIN / ASPIRIN,PROPHYLAXIS,2,4
10015420,NORVASC / AMLODIPINE BESILATE,Not Reported,2,4
10015420,HEPARIN AND PREPARATIONS / HEPARIN AND PREPARATIONS,Not Reported,2,Not Reported
10015483,CITRACAL + D,PRODUCT USED FOR UNKNOWN INDICATION,2,5
10015483,OXYTROL FOR WOMEN,STRESS URINARY INCONTINENCE,1,1
10015483,ATORVASTATIN,BLOOD CHOLESTEROL,2,5
10015483,OMEPRAZOLE.,PRODUCT USED FOR UNKNOWN INDICATION,2,5
10015483,PROLIA,PRODUCT USED FOR UNKNOWN INDICATION,2,5
10015483,OXYTROL FOR WOMEN,POLLAKIURIA,1,1
10015483,OXYTROL FOR WOMEN,MICTURITION URGENCY,1,1
10015483,COMBIGAN,PRODUCT USED FOR UNKNOWN INDICATION,2,5
10015483,VITAMIN D,PRODUCT USED FOR UNKNOWN INDICATION,2,5
10015483,OMEGA-3 MARINE TRIGLYCERIDES,PRODUCT USED FOR UNKNOWN INDICATION,2,5
10015483,VITAMIN B COMPLEX,PRODUCT USED FOR UNKNOWN INDICATION,2,5
10015483,AMLODIPINE,BLOOD PRESSURE,2,5
10015483,VITAMIN E,PRODUCT USED FOR UNKNOWN INDICATION,2,5
10015509,LIPITOR,CARDIOVASCULAR EVENT PROPHYLAXIS,1,5
10015509,LIPITOR,LOW DENSITY LIPOPROTEIN INCREASED,1,5
10015509,ATORVASTATIN CALCIUM.,LOW DENSITY LIPOPROTEIN INCREASED,1,5
10015509,ATORVASTATIN CALCIUM.,CARDIOVASCULAR EVENT PROPHYLAXIS,1,5
10015622,LIPITOR,CARDIOVASCULAR EVENT PROPHYLAXIS,1,5
10015622,LIPITOR,BLOOD CHOLESTEROL INCREASED,1,5
10015622,ATORVASTATIN CALCIUM.,BLOOD CHOLESTEROL INCREASED,1,5
10015622,LIPITOR,LOW DENSITY LIPOPROTEIN INCREASED,1,5
10015629,LIPITOR,LOW DENSITY LIPOPROTEIN INCREASED,1,5
10015629,CRESTOR,BLOOD CHOLESTEROL INCREASED,2,Not Reported
10015629,LIPITOR,CARDIOVASCULAR EVENT PROPHYLAXIS,1,5
10015629,LIPITOR,BLOOD CHOLESTEROL INCREASED,1,5
10015629,ATORVASTATIN CALCIUM.,BLOOD CHOLESTEROL INCREASED,1,4
10015648,ATORVASTATIN CALCIUM,Not Reported,1,5
10015666,ATORVASTATIN CALCIUM.,BLOOD CHOLESTEROL INCREASED,1,1
10015666,ATENOLOL.,BLOOD PRESSURE ABNORMAL,2,Not Reported
10015666,ATORVASTATIN CALCIUM.,Not Reported,1,1
10015713,LEVOXYL,HORMONE REPLACEMENT THERAPY,2,Not Reported
10015713,ATORVASTATIN CALCIUM.,HYPERTENSION,1,1
10015713,ATORVASTATIN CALCIUM.,DIABETES MELLITUS,1,1
10015984,LIPITOR,BLOOD CHOLESTEROL INCREASED,1,4
10015984,ATORVASTATIN CALCIUM,Not Reported,1,Not Reported
10016073,LIPITOR,HYPERCHOLESTEROLAEMIA,1,5
10016073,LIPITOR,Not Reported,1,5
10016073,DYAZIDE,BLOOD PRESSURE ABNORMAL,2,Not Reported
10016073,LIPITOR,LOW DENSITY LIPOPROTEIN INCREASED,1,5
10016073,LIPITOR,CARDIOVASCULAR EVENT PROPHYLAXIS,1,5
10016073,TRICOR,HYPERCHOLESTEROLAEMIA,1,5
10016073,FISH OIL,VITAMIN SUPPLEMENTATION,2,Not Reported
10016073,CALCIUM,VITAMIN SUPPLEMENTATION,2,Not Reported
10016073,LISINOPRIL.,BLOOD PRESSURE ABNORMAL,2,Not Reported
10016073,METOPROLOL.,BLOOD PRESSURE ABNORMAL,2,Not Reported
10016073,FOLIC ACID.,VITAMIN SUPPLEMENTATION,2,Not Reported
10016073,ATORVASTATIN,HYPERCHOLESTEROLAEMIA,1,4
10016073,ATORVASTATIN,BLOOD CHOLESTEROL INCREASED,1,4
10016073,TRICOR,BLOOD CHOLESTEROL INCREASED,1,5
10016073,VITAMIN D,VITAMIN SUPPLEMENTATION,2,Not Reported
10016073,ASPIRIN.,VITAMIN SUPPLEMENTATION,2,Not Reported
10016073,LIPITOR,BLOOD CHOLESTEROL INCREASED,1,5
10016073,DYAZIDE,CARDIAC DISORDER,2,Not Reported
10016073,METOPROLOL.,CARDIAC DISORDER,2,Not Reported
10016080,LIPITOR,LOW DENSITY LIPOPROTEIN INCREASED,1,5
10016080,ATORVASTATIN CALCIUM.,BLOOD CHOLESTEROL INCREASED,1,5
10016080,LIPITOR,CARDIOVASCULAR EVENT PROPHYLAXIS,1,5
10016086,LIPITOR,CARDIOVASCULAR EVENT PROPHYLAXIS,1,5
10016086,LIPITOR,LOW DENSITY LIPOPROTEIN INCREASED,1,5
10016086,ATORVASTATIN CALCIUM.,Not Reported,1,5
10016125,ATORVASTATIN CALCIUM.,BLOOD CHOLESTEROL INCREASED,1,5
10016125,LIPITOR,BLOOD CHOLESTEROL INCREASED,1,Not Reported
10016126,LIPITOR,LOW DENSITY LIPOPROTEIN INCREASED,1,5
10016126,ATORVASTATIN CALCIUM.,BLOOD CHOLESTEROL INCREASED,1,5
10016126,ATORVASTATIN CALCIUM.,Not Reported,1,5
10016126,LIPITOR,CARDIOVASCULAR EVENT PROPHYLAXIS,1,5
10016157,LIPITOR,CORONARY ARTERY OCCLUSION,1,5
10016157,ATORVASTATIN CALCIUM.,CORONARY ARTERY DISEASE,1,5
10016157,LIPITOR,CARDIOVASCULAR EVENT PROPHYLAXIS,1,5
10016157,LIPITOR,LOW DENSITY LIPOPROTEIN INCREASED,1,5
10016157,ATORVASTATIN CALCIUM.,BLOOD CHOLESTEROL INCREASED,1,5
10016165,LIPITOR,BLOOD CHOLESTEROL ABNORMAL,1,5
10016165,LIPITOR,CARDIOVASCULAR EVENT PROPHYLAXIS,1,5
10016165,AMLODIPINE BESYLATE.,HYPERTENSION,2,Not Reported
10016165,LIPITOR,LOW DENSITY LIPOPROTEIN INCREASED,1,5
10016165,ATORVASTATIN CALCIUM.,BLOOD CHOLESTEROL ABNORMAL,1,5
10016212,LIPITOR,CARDIOVASCULAR EVENT PROPHYLAXIS,1,5
10016212,LIPITOR,LOW DENSITY LIPOPROTEIN INCREASED,1,5
10016212,LIPITOR,BLOOD CHOLESTEROL ABNORMAL,1,5
10016212,ATORVASTATIN CALCIUM.,BLOOD CHOLESTEROL ABNORMAL,1,5
10016212,SIMVASTATIN.,BLOOD CHOLESTEROL ABNORMAL,2,Not Reported
10016220,LIPITOR,CARDIOVASCULAR EVENT PROPHYLAXIS,1,5
10016220,ATORVASTATIN CALCIUM.,BLOOD CHOLESTEROL INCREASED,1,5
10016220,LIPITOR,LOW DENSITY LIPOPROTEIN INCREASED,1,5
10016220,LIPITOR,BLOOD CHOLESTEROL INCREASED,1,5
10016222,LIPITOR,CARDIOVASCULAR EVENT PROPHYLAXIS,1,5
10016222,LIPITOR,LOW DENSITY LIPOPROTEIN INCREASED,1,5
10016222,LIPITOR,BLOOD CHOLESTEROL ABNORMAL,1,5
10016222,ATORVASTATIN CALCIUM.,BLOOD CHOLESTEROL ABNORMAL,1,5
10016264,OXYTROL FOR WOMEN,HYPERTONIC BLADDER,1,4
10016264,GLYBURIDE (+) METFORMIN HYDROCHLORIDE,DIABETES MELLITUS,2,5
10016264,GABAPENTIN,DIABETIC NEUROPATHY,2,5
10016264,FENOFIBRATE,BLOOD CHOLESTEROL,2,5
10016264,LISINOPRIL,BLOOD CHOLESTEROL,2,5
10016264,ATORVASTATIN,PRODUCT USED FOR UNKNOWN INDICATION,2,5
10016278,LIPITOR,LOW DENSITY LIPOPROTEIN INCREASED,1,5
10016278,LIPITOR,CARDIOVASCULAR EVENT PROPHYLAXIS,1,5
10016278,LIPITOR,BLOOD CHOLESTEROL ABNORMAL,1,5
10016278,ATORVASTATIN CALCIUM.,BLOOD CHOLESTEROL ABNORMAL,1,5
10016291,LIPITOR,LOW DENSITY LIPOPROTEIN INCREASED,1,5
10016291,LIPITOR,BLOOD CHOLESTEROL ABNORMAL,1,5
10016291,ATORVASTATIN CALCIUM.,BLOOD CHOLESTEROL ABNORMAL,1,5
10016291,LIPITOR,CARDIOVASCULAR EVENT PROPHYLAXIS,1,5
10016299,OXYTROL FOR WOMEN,BLADDER DISORDER,1,4
10016299,TEGRETOL,PRODUCT USED FOR UNKNOWN INDICATION,2,5
10016299,ABILIFY,PRODUCT USED FOR UNKNOWN INDICATION,2,5
10016299,LEVOTHYROXINE SODIUM,PRODUCT USED FOR UNKNOWN INDICATION,2,5
10016299,ATORVASTATIN,PRODUCT USED FOR UNKNOWN INDICATION,2,5
10016299,AMLODIPINE BESYLATE,PRODUCT USED FOR UNKNOWN INDICATION,2,5
10016312,ATORVASTATIN CALCIUM,Not Reported,1,5
10016317,ATORVASTATIN CALCIUM,BLOOD CHOLESTEROL INCREASED,1,5
10016322,ATORVASTATIN CALCIUM,BLOOD CHOLESTEROL INCREASED,1,4
10016322,TEGRETOL,NEUROPATHY PERIPHERAL,2,Not Reported
10016322,TEGRETOL,TRIGEMINAL NEURALGIA,2,Not Reported
10016322,FLEXERIL,BACK DISORDER,2,Not Reported
10016322,AMLODIPINE,HYPERTENSION,2,Not Reported
10016322,LOSARTAN/ HYDROCHLORTHIAZIDE,HYPERTENSION,2,Not Reported
10016322,CLONAZEPAM,ANXIETY,2,Not Reported
10016322,VITAMIN D,Not Reported,2,Not Reported
10016322,LEVOTHYROXINE,HYPOTHYROIDISM,2,Not Reported
10016337,ATORVASTATIN CALCIUM,BLOOD CHOLESTEROL INCREASED,1,2
10016337,ATORVASTATIN CALCIUM,Not Reported,1,2
10016337,AMLODIPINE,HYPERTENSION,2,Not Reported
10016337,LOSARTAN,HYPERTENSION,2,Not Reported
10016337,BISOPROLOL,HYPERTENSION,2,Not Reported
10016411,TRICON,Not Reported,2,Not Reported
10016411,LOSARTAN POTASSIUM W/HYDROCHLOROTHIAZIDE,Not Reported,2,Not Reported
10016411,ATORVASTATIN,Not Reported,2,Not Reported
10016411,TOPROL XL,Not Reported,2,Not Reported
10016411,OMEPRAZOLE.,Not Reported,2,Not Reported
10016411,LYRICA,BACK PAIN,1,4
10016490,LEFLUNOMIDE,RHEUMATOID ARTHRITIS,1,Not Reported
10016490,METHOTREXATE (UNKNOWN),RHEUMATOID ARTHRITIS,1,1
10016490,SULFASALAZINE (WATSON LABORATORIES),RHEUMATOID ARTHRITIS,1,1
10016490,ASPIRIN,PRODUCT USED FOR UNKNOWN INDICATION,2,5
10016490,ATORVASTATIN,PRODUCT USED FOR UNKNOWN INDICATION,2,5
10016490,BENDROFLUAZIDE,PRODUCT USED FOR UNKNOWN INDICATION,2,5
10016490,FOLIC ACID,PRODUCT USED FOR UNKNOWN INDICATION,2,5
10016490,FUROSEMIDE,PRODUCT USED FOR UNKNOWN INDICATION,2,5
10016490,LANSOPRAZOLE,PRODUCT USED FOR UNKNOWN INDICATION,2,5
10016490,LOSARTAN,PRODUCT USED FOR UNKNOWN INDICATION,2,5
10016490,TILDIEM,PRODUCT USED FOR UNKNOWN INDICATION,2,5
10016589,PRADAXA,CEREBROVASCULAR ACCIDENT PROPHYLAXIS,1,4
10016589,PRADAXA,Not Reported,1,4
10016589,ALFAROL (ALFACALCIDOL),Not Reported,2,4
10016589,LIPITOR (ATORVASTATIN CALCIUM HYDRATE),Not Reported,2,4
10016589,IRBETAN (IRBESARTAN),Not Reported,2,4
10016589,BETANIS (MIRABEGRON),Not Reported,2,4
10016589,MUCOSOLVAN L (AMBROXOL HYDROCHLORIDE),Not Reported,2,4
10016775,ACLASTA,OSTEOPOROSIS,1,5
10016775,ATORVASTATIN,Not Reported,2,5
10016775,ADT VACCINE,Not Reported,2,5
10016775,FLUARIX 2011/2012,Not Reported,2,5
10016775,ONDASETRON,Not Reported,2,5
10016775,MOVICOL,Not Reported,2,5
10016775,VAXIGRIP,Not Reported,2,5
10016775,DABIGATRAN ETEXILATE,CEREBROVASCULAR ACCIDENT,2,5
10016775,RANITIDINE HYDROCHLORIDE.,GASTROOESOPHAGEAL REFLUX DISEASE,2,5
10016775,DIGOXIN.,Not Reported,2,1
10016775,METOCLOPRAMIDE.,Not Reported,2,5
10016775,ATORVASTATIN CALCIUM.,CEREBROVASCULAR ACCIDENT,2,5
10016775,VENTOLIN,Not Reported,2,5
10016775,ACLASTA,Not Reported,1,5
10016775,DIGOXIN.,ATRIAL FIBRILLATION,2,1
10016775,RANITIDINE,GASTROOESOPHAGEAL REFLUX DISEASE,2,5
10016775,SALBUTAMOL,Not Reported,2,5
10016775,ASPIRIN.,Not Reported,2,5
10016775,DABIGATRAN,Not Reported,2,5
10016775,CHOLECALCIFEROL,OSTEOPOROTIC FRACTURE,2,5
10016847,BEVACIZUMAB,COLORECTAL CANCER METASTATIC,1,1
10016847,IRINOTECAN,COLORECTAL CANCER METASTATIC,1,4
10016847,FOLINIC ACID,COLORECTAL CANCER METASTATIC,1,4
10016847,FLUOROURACIL,COLORECTAL CANCER METASTATIC,1,4
10016847,FLUOROURACIL,Not Reported,1,4
10016847,ADIRO,Not Reported,2,Not Reported
10016847,OMACOR,Not Reported,2,Not Reported
10016847,ALLOPURINOL,Not Reported,2,Not Reported
10016847,ATENOLOL,Not Reported,2,Not Reported
10016847,ATORVASTATIN,Not Reported,2,Not Reported
10017067,MYCOPHENOLATE MOFETIL,RENAL TRANSPLANT,1,1
10017067,CALCITRIOL,Not Reported,2,Not Reported
10017067,AZATHIOPRINE,RENAL TRANSPLANT,2,Not Reported
10017067,PREDNISONE,RENAL TRANSPLANT,2,Not Reported
10017067,TACROLIMUS,RENAL TRANSPLANT,2,Not Reported
10017067,ATORVASTATIN,DYSLIPIDAEMIA,2,Not Reported
10017067,ATORVASTATIN,Not Reported,2,Not Reported
10017067,METOPROLOL TARTRATE,HYPERTENSION,2,Not Reported
10017067,METOPROLOL TARTRATE,Not Reported,2,Not Reported
10017067,LABETALOL,Not Reported,2,Not Reported
10017067,NORVASC,Not Reported,2,Not Reported
10017067,SODIUM BICARBONATE,Not Reported,2,Not Reported
10017067,DOCUSATE,CONSTIPATION,2,Not Reported
10017067,POLYETHYLENE GLYCOL,CONSTIPATION,2,Not Reported
10017067,IMURAN,Not Reported,2,Not Reported
10017067,AMLODIPINE,HYPERTENSION,2,Not Reported
10017067,FAMOTIDINE,Not Reported,2,Not Reported
10017067,MIRALAX,CONSTIPATION,2,Not Reported
10017135,AMLODIPINE,Not Reported,2,Not Reported
10017135,HYDROCHLOROTHIAZIDE.,Not Reported,2,Not Reported
10017135,ATORVASTATIN,Not Reported,2,Not Reported
10017135,TELMISARTAN.,Not Reported,2,Not Reported
10017135,IPILIMUMAB,MALIGNANT MELANOMA,1,1
10017135,ACETYLSALICYLIC ACID,Not Reported,2,Not Reported
10017135,GLYBURIDE.,Not Reported,2,Not Reported
10017135,RANITIDINE,Not Reported,2,Not Reported
10017135,METFORMIN,Not Reported,2,Not Reported
10017135,INSULIN,Not Reported,2,Not Reported
10017145,ATORVASTATIN,ARTERIAL STENT INSERTION,1,1
10017145,ATORVASTATIN,CARDIOVASCULAR DISORDER,1,1
10017145,OMEPRAZOLE,PRODUCT USED FOR UNKNOWN INDICATION,2,Not Reported
10017145,LATANOPROST,PRODUCT USED FOR UNKNOWN INDICATION,2,Not Reported
10017145,ASPIRIN,PRODUCT USED FOR UNKNOWN INDICATION,2,Not Reported
10017145,BISOPROLOL,PRODUCT USED FOR UNKNOWN INDICATION,2,Not Reported
10017145,CODEINE,PRODUCT USED FOR UNKNOWN INDICATION,2,Not Reported
10017145,FELODIPINE,PRODUCT USED FOR UNKNOWN INDICATION,2,Not Reported
10017145,FUROSEMIDE,PRODUCT USED FOR UNKNOWN INDICATION,2,Not Reported
10017145,ISOSORBIDE,PRODUCT USED FOR UNKNOWN INDICATION,2,Not Reported
10017145,PARACETAMOL,PRODUCT USED FOR UNKNOWN INDICATION,2,Not Reported
10017145,PERINDOPRIL,PRODUCT USED FOR UNKNOWN INDICATION,2,Not Reported
10017145,TICAGRELOR,PRODUCT USED FOR UNKNOWN INDICATION,2,Not Reported
10017148,ATORVASTATIN,BLOOD CHOLESTEROL INCREASED,1,2
10017148,CRESTOR,BLOOD CHOLESTEROL INCREASED,1,4
10017148,ASPIRIN,PRODUCT USED FOR UNKNOWN INDICATION,2,5
10017148,BENDROFLUMETHIAZIDE,PRODUCT USED FOR UNKNOWN INDICATION,2,5
10017148,LISINOPRIL,PRODUCT USED FOR UNKNOWN INDICATION,2,5
10017148,OMACOR,PRODUCT USED FOR UNKNOWN INDICATION,2,5
10017148,VITAMIN B SUBSTANCES,PRODUCT USED FOR UNKNOWN INDICATION,2,5
10017148,VITAMIN C,PRODUCT USED FOR UNKNOWN INDICATION,2,5
10017148,DOXAZOSIN,PRODUCT USED FOR UNKNOWN INDICATION,2,5
10017333,XARELTO,HIP SURGERY,1,5
10017333,XARELTO,THROMBOSIS PROPHYLAXIS,1,5
10017333,XARELTO,KNEE ARTHROPLASTY,1,5
10017333,RAMIPRIL,Not Reported,2,Not Reported
10017333,ATORVASTATIN,Not Reported,2,Not Reported
10017416,VITAMIN C,Not Reported,2,Not Reported
10017416,IRON,Not Reported,2,Not Reported
10017416,SUTENT,RENAL CANCER,1,5
10017416,AMLODIPINE/ATORVASTATIN,Not Reported,2,Not Reported
10017416,ASPIRIN.,Not Reported,2,Not Reported
10017416,ATORVASTATIN CALCIUM.,Not Reported,2,Not Reported
10017416,LISINOPRIL.,Not Reported,2,Not Reported
10017416,METFORMIN HCL,Not Reported,2,Not Reported
10017775,ATORVASTATIN,BLOOD CHOLESTEROL INCREASED,1,Not Reported
10017775,SIMVASTATIN,Not Reported,1,Not Reported
10017775,LISINOPRIL,Not Reported,2,Not Reported
10017775,ASPIRIN,Not Reported,2,Not Reported
10017775,METOPROLOL SUCCINATE,Not Reported,2,Not Reported
10017775,FISH OIL,Not Reported,2,Not Reported
10017775,GARLIC EXTRACT,Not Reported,2,Not Reported
10017775,CO Q10,Not Reported,2,Not Reported
10017775,SAW PALMETTO,Not Reported,2,Not Reported
10017775,VIT D3,Not Reported,2,Not Reported
10017775,PROBIOTIC,Not Reported,2,Not Reported
10017950,ATORVASTATIN CALCIUM,Not Reported,1,5
10017950,GABAPENTIN,Not Reported,2,Not Reported
10017950,PROZAC,Not Reported,2,Not Reported
10017987,METFORMIN HCL,TYPE 2 DIABETES MELLITUS,1,4
10017987,LEVOTHYROX,THYROIDECTOMY,1,4
10017987,ATORVASTATIN,ARTERIAL OCCLUSIVE DISEASE,1,4
10017987,NEBILOX,HYPERTENSION,1,4
10017987,LANSOPRAZOLE,Not Reported,1,4
10017987,COAPROVEL TABS 300MG/12.5MG,HYPERTENSION,1,4
10017987,LORAZEPAM,ANXIETY,1,4
10017987,PLAVIX,ARTERIAL OCCLUSIVE DISEASE,1,4
10018018,ATORVASTATIN CALCIUM,BLOOD CHOLESTEROL,1,Not Reported
10018018,CLOPIDOGREL,Not Reported,2,Not Reported
10018018,CARVEDILOL,Not Reported,2,Not Reported
10018018,LISINOPRIL,Not Reported,2,Not Reported
10003349,MORPHINE SULFATE EXTENDED-RELEASE TABLETS (RHODES 74-862),Not Reported,1,4
10003349,MORPHINE SULFATE (SIMILAR TO NDA 19-516),BACK PAIN,1,4
10003349,AMLODIPINE,HYPERTENSION,1,4
10003349,TRIAMTERENE AND HYDROCHLOROTHIAZID,HYPERTENSION,1,4
10003349,ASPIRIN,PRODUCT USED FOR UNKNOWN INDICATION,2,Not Reported
10003349,CELEXA                             /00582602/,PRODUCT USED FOR UNKNOWN INDICATION,2,Not Reported
10003349,CLOBETASOL PROPRIONATE,PRODUCT USED FOR UNKNOWN INDICATION,2,Not Reported
10003349,FIORICET,MIGRAINE,2,Not Reported
10003359,DOXYCYCLINE,PRODUCT USED FOR UNKNOWN INDICATION,2,5
10003359,AMLODIPINE,PRODUCT USED FOR UNKNOWN INDICATION,2,5
10003359,PARACETAMOL,PRODUCT USED FOR UNKNOWN INDICATION,2,5
10003359,ENALAPRIL,PRODUCT USED FOR UNKNOWN INDICATION,2,5
10003359,DOXAZOSIN (UNKNOWN),HYPERTENSION,1,1
10003359,INDAPAMIDE,PRODUCT USED FOR UNKNOWN INDICATION,2,5
10003496,NORVASC,HYPERTENSION,1,4
10003496,AMLODIPINE,HYPERTENSION,2,Not Reported
10003496,LORAZEPAM,Not Reported,2,Not Reported
10003532,HUMIRA,PRODUCT USED FOR UNKNOWN INDICATION,1,4
10003532,AMLODIPINE,HYPERTENSION,2,Not Reported
10003566,COUMADIN TABS 2 MG,Not Reported,1,1
10003566,CALCIPARINE,Not Reported,1,2
10003566,AMLODIPINE BESYLATE,Not Reported,2,Not Reported
10003566,BISOPROLOL,Not Reported,2,Not Reported
10003566,LASILIX,Not Reported,2,Not Reported
10003636,GRANULOCYTE MACROPHAGE COLONY STIM FACTOR,METASTATIC RENAL CELL CARCINOMA,1,4
10003636,CARVEDILOL.,HYPERTENSION,2,Not Reported
10003636,FLORINEF ACETATE,ADRENAL INSUFFICIENCY,2,Not Reported
10003636,PRAVASTATIN,HYPERCHOLESTEROLAEMIA,2,Not Reported
10003636,IMA901,METASTATIC RENAL CELL CARCINOMA,1,4
10003636,LISINOPRIL.,HYPERTENSION,2,Not Reported
10003636,CATAPRES,HYPERTENSION,2,1
10003636,LEVOTHYROXINE,HYPOTHYROIDISM,2,Not Reported
10003636,PLETAL,PERIPHERAL VASCULAR DISORDER,2,Not Reported
10003636,SUNITINIB MALATE,METASTATIC RENAL CELL CARCINOMA,1,4
10003636,COMPAZINE,PROPHYLAXIS OF NAUSEA AND VOMITING,2,Not Reported
10003636,CYCLOPHOSPHAMIDE.,METASTATIC RENAL CELL CARCINOMA,1,4
10003636,HYDROCORTISONE.,ADRENAL INSUFFICIENCY,2,Not Reported
10003636,SINGULAIR,OBSTRUCTIVE AIRWAYS DISORDER,2,Not Reported
10003636,AMLODIPINE,HYPERTENSION,2,Not Reported
10003636,HYDRALAZINE,HYPERTENSION,2,Not Reported
10003636,PLAVIX,PROPHYLAXIS,2,1
10003636,ASACOL,COLITIS ULCERATIVE,2,Not Reported
10003636,PROZAC,ANXIETY,2,Not Reported
10003636,POTASSIUM CHLORIDE.,HYPOKALAEMIA,2,1
10003636,ADVAIR HFA,OBSTRUCTIVE AIRWAYS DISORDER,2,Not Reported
10003636,PANTOPRAZOLE,OESOPHAGITIS,2,Not Reported
10003636,FUROSEMIDE.,OEDEMA PERIPHERAL,2,Not Reported
10003647,METFORMIN,DIABETES MELLITUS,2,6
10003647,COZAAR,CARDIAC FAILURE,2,6
10003647,ACZ885,CARDIOVASCULAR EVENT PROPHYLAXIS,1,6
10003647,WARAN,ATRIAL FIBRILLATION,2,6
10003647,TROMBYL,PROPHYLAXIS,2,6
10003647,AMLODIPIN//AMLODIPINE,HYPERTENSION,2,6
10003844,SANDOSTATIN LAR DEPOT,Not Reported,1,2
10003844,AMLODIPINE,HYPERTENSION,2,4
10003844,DURATESTON,PRODUCT USED FOR UNKNOWN INDICATION,2,4
10003844,CLORANA,HYPERTENSION,2,4
10003844,ASA,HYPERTENSION,2,4
10003844,HYDROCHLOROTHIAZIDE.,HYPERTENSION,2,4
10003844,PROPANOLOL,Not Reported,2,3
10003844,ENALAPRIL,Not Reported,2,4
10003844,SANDOSTATIN LAR DEPOT,ACROMEGALY,1,2
10003844,PROPANOLOL,HYPERTENSION,2,3
10003915,DEPAKOTE,MENTAL DISORDER,1,4
10003915,RISPERDAL,PSYCHOTIC DISORDER,1,4
10003915,AMLODIPINE BENAZEPRIL,BLOOD PRESSURE,2,Not Reported
10003915,GLIPIZIDE,DIABETES MELLITUS,2,Not Reported
10003915,METFORMIN,DIABETES MELLITUS,2,Not Reported
10003915,JANUVIA,DIABETES MELLITUS,2,Not Reported
10003915,SIMVASTATIN,BLOOD CHOLESTEROL,2,Not Reported
10003915,TRAMADOL,PAIN,2,Not Reported
10003915,LEVEMIR,DIABETES MELLITUS,2,Not Reported
10003915,TYLENOL,PAIN,2,Not Reported
10003915,CENTRUM,VITAMIN SUPPLEMENTATION,2,Not Reported
10003976,OMEPRAZOLE,GASTROOESOPHAGEAL REFLUX DISEASE,1,1
10003976,METHOTREXATE,RHEUMATOID ARTHRITIS,3,1
10003976,AMLODIPINE,Not Reported,2,Not Reported
10003976,CALCICHEW D3,Not Reported,2,Not Reported
10003976,FOLIC ACID,Not Reported,2,Not Reported
10004051,JAKAFI,MYELOPROLIFERATIVE DISORDER,1,Not Reported
10004051,JAKAFI,MYELOFIBROSIS,1,Not Reported
10004051,ULORIC,Not Reported,2,Not Reported
10004051,BENICAR,Not Reported,2,Not Reported
10004051,AMLODIPINE,Not Reported,2,Not Reported
10004051,OMEPRAZOLE,Not Reported,2,Not Reported
10004051,ASPIRIN,Not Reported,2,Not Reported
10004057,JAKAFI,MYELOFIBROSIS,1,1
10004057,FISH OIL,PRODUCT USED FOR UNKNOWN INDICATION,2,Not Reported
10004057,LEXAPRO,PRODUCT USED FOR UNKNOWN INDICATION,2,Not Reported
10004057,JAKAFI,Not Reported,1,1
10004057,ASPIRIN.,PRODUCT USED FOR UNKNOWN INDICATION,2,Not Reported
10004057,VITAMIN D                          /00107901/,PRODUCT USED FOR UNKNOWN INDICATION,2,Not Reported
10004057,SYNTHROID,PRODUCT USED FOR UNKNOWN INDICATION,2,Not Reported
10004057,ALBUTEROL                          /00139501/,PRODUCT USED FOR UNKNOWN INDICATION,2,Not Reported
10004057,METOPROLOL.,PRODUCT USED FOR UNKNOWN INDICATION,2,Not Reported
10004057,MULTIVITAMIN                       /00097801/,PRODUCT USED FOR UNKNOWN INDICATION,2,Not Reported
10004057,RANEXA,PRODUCT USED FOR UNKNOWN INDICATION,2,Not Reported
10004057,CALCIUM,PRODUCT USED FOR UNKNOWN INDICATION,2,Not Reported
10004057,LORAZEPAM.,PRODUCT USED FOR UNKNOWN INDICATION,2,Not Reported
10004057,TYLENOL PM,PRODUCT USED FOR UNKNOWN INDICATION,2,Not Reported
10004057,PRILOSEC,PRODUCT USED FOR UNKNOWN INDICATION,2,Not Reported
10004057,AMLODIPINE,PRODUCT USED FOR UNKNOWN INDICATION,2,Not Reported
10004057,SYMBICORT,PRODUCT USED FOR UNKNOWN INDICATION,2,Not Reported
10004622,JAKAFI,MYELOFIBROSIS,1,2
10004622,JAKAFI,Not Reported,1,2
10004622,CENTRUM SILVER                     /02363801/,Not Reported,2,Not Reported
10004622,ENALAPRIL HCT,Not Reported,2,Not Reported
10004622,AMLODIPINE BESILATE W/BENAZEPRIL HYDROCHLORID,Not Reported,2,Not Reported
10004622,LISINOPRIL AND HYDROCHLOROTHIAZIDE,Not Reported,2,Not Reported
10004622,MAGNESIUM,Not Reported,2,Not Reported
10004622,IBUPROFEN,Not Reported,2,Not Reported
10004622,ASPIRIN,Not Reported,2,Not Reported
10004650,ALENDRONIC ACID,JOINT INJURY,1,1
10004650,ADCAL D3,Not Reported,2,Not Reported
10004650,NASACORT,Not Reported,2,Not Reported
10004650,PARACETAMOL,Not Reported,2,Not Reported
10004650,AMLODIPINE,Not Reported,2,Not Reported
10004650,AMITRIPTYLINE,Not Reported,2,Not Reported
10004717,VENTOLIN,ASTHMA,1,4
10004717,ATROVENT,Not Reported,2,Not Reported
10004717,LORAZEPAM,Not Reported,2,Not Reported
10004717,MECLIZINE,Not Reported,2,Not Reported
10004717,AMLODIPINE,Not Reported,2,Not Reported
10004717,AMBIEN,Not Reported,2,Not Reported
10004717,PREMPRO,Not Reported,2,Not Reported
10004717,HYDROCODONE,Not Reported,2,Not Reported
10005029,GILENYA,MULTIPLE SCLEROSIS,1,Not Reported
10005029,MVI,Not Reported,2,5
10005029,AMLODIPINE BESYLATE,Not Reported,2,5
10005029,URSODIOL,Not Reported,2,5
10005029,BACLOFEN,Not Reported,2,5
10005029,IRON,Not Reported,2,5
10005029,VITAMIN C,Not Reported,2,5
10005029,VITAMIN B6,Not Reported,2,5
10005029,VITAMIN D3,Not Reported,2,5
10005029,OXYBUTYNIN,Not Reported,2,5
10005029,DOCUSATE SODIUM W/SENNOSIDE A+B,Not Reported,2,5
10005029,CRANBERRY//VACCINIUM MACROCARPON,Not Reported,2,5
10005029,OMEPRAZOLE,Not Reported,2,5
10005029,BENAZEPRIL,Not Reported,2,5
10005029,FERROUS SULFATE,Not Reported,2,5
10005029,BUPROPION HCL,Not Reported,2,5
10005029,MULTIVITAMIN                       /00097801/,Not Reported,2,5
10005052,AMLODIPINE BESYLATE.,Not Reported,2,Not Reported
10005052,TRAMADOL.,Not Reported,2,Not Reported
10005052,OMEPRAZOLE.,Not Reported,2,Not Reported
10005052,ADCIRCA,Not Reported,2,Not Reported
10005052,ACETAMINOPHEN.,Not Reported,2,Not Reported
10005052,LETAIRIS,SCLERODERMA,1,4
10005052,LISINOPRIL.,Not Reported,2,Not Reported
10005052,CLOBETASOL PROPIONATE.,Not Reported,2,Not Reported
10005052,HYDROCHLOROTHIAZIDE.,Not Reported,2,Not Reported
10005052,LETAIRIS,PULMONARY HYPERTENSION,1,4
10005052,VENTAVIS,Not Reported,2,Not Reported
10005078,REVLIMID,MYELODYSPLASTIC SYNDROME,1,Not Reported
10005078,HUMALOG,PRODUCT USED FOR UNKNOWN INDICATION,2,Not Reported
10005078,AMLODIPINE BESYLATE,PRODUCT USED FOR UNKNOWN INDICATION,2,Not Reported
10005078,FLUTICASONE PROPIONATE,PRODUCT USED FOR UNKNOWN INDICATION,2,Not Reported
10005078,DEXAMETHASONE,PRODUCT USED FOR UNKNOWN INDICATION,2,Not Reported
10005078,LIPITOR,PRODUCT USED FOR UNKNOWN INDICATION,2,Not Reported
10005078,POTASSIUM CL ER,PRODUCT USED FOR UNKNOWN INDICATION,2,Not Reported
10005078,CLONAZEPAM,PRODUCT USED FOR UNKNOWN INDICATION,2,Not Reported
10005078,GABAPENTIN,PRODUCT USED FOR UNKNOWN INDICATION,2,Not Reported
10005138,LIPITOR,CARDIOVASCULAR DISORDER,1,1
10005138,AMLODIPINE BESYLATE.,HYPERTENSION,2,Not Reported
10005138,LIPITOR,BLOOD CHOLESTEROL ABNORMAL,1,1
10005138,LIPITOR,CARDIOVASCULAR EVENT PROPHYLAXIS,1,1
10005138,SIMVASTATIN.,BLOOD CHOLESTEROL ABNORMAL,2,Not Reported
10005138,LIPITOR,LOW DENSITY LIPOPROTEIN INCREASED,1,1
10005187,TACROLIMUS,IMMUNOSUPPRESSION,1,2
10005187,TACROLIMUS,Not Reported,1,2
10005187,AMLODIPINE,BLOOD PRESSURE INCREASED,1,5
10005187,ENALAPRIL,BLOOD PRESSURE INCREASED,1,5
10005187,METOPROLOL,BLOOD PRESSURE INCREASED,1,5
10005187,GANCICLOVIR,CYTOMEGALOVIRUS INFECTION,2,5
10005187,AZATHIOPRINE,IMMUNOSUPPRESSION,2,1
10005187,PREDNISONE,IMMUNOSUPPRESSION,2,5
10005224,ARAVA,RHEUMATOID ARTHRITIS,1,Not Reported
10005224,TOCILIZUMAB,RHEUMATOID ARTHRITIS,1,Not Reported
10005224,AMITRIPTYLINE,INSOMNIA,2,Not Reported
10005224,METHOTREXATE,RHEUMATOID ARTHRITIS,2,Not Reported
10005224,BENAZEPRIL,Not Reported,2,Not Reported
10005224,AMLODIPINE,HYPERTENSION,2,Not Reported
10005224,HYDROCODONE HYDROCHLORIDE,RHEUMATOID ARTHRITIS,2,Not Reported
10005224,FOLIC ACID,Not Reported,2,Not Reported
10005224,IBUPROFEN,HEADACHE,2,Not Reported
10005224,PREDNISONE,RHEUMATOID ARTHRITIS,2,Not Reported
10005224,PREDNISONE,CHRONIC OBSTRUCTIVE PULMONARY DISEASE,2,Not Reported
10005224,VOLTAREN,RHEUMATOID ARTHRITIS,2,Not Reported
10005224,ZOFRAN,Not Reported,2,Not Reported
10005224,ADVAIR,ASTHMA,2,Not Reported
10005224,SINGULAIR,ASTHMA,2,Not Reported
10005224,VITAMIN D,Not Reported,2,Not Reported
10005245,JAKAFI,Not Reported,1,4
10005245,AMLODIPINE,Not Reported,2,Not Reported
10005285,AMLODIPINE,HYPERTENSION,1,1
10005285,OMEPRAZOLE,SURGERY,2,Not Reported
10005285,LOSARTAN,HYPERTENSION,2,Not Reported
10005422,OMEPRAZOLE.,GASTROOESOPHAGEAL REFLUX DISEASE,2,Not Reported
10005422,PARACETAMOL,Not Reported,2,Not Reported
10005422,SULFASALAZINE.,Not Reported,2,Not Reported
10005422,OMEPRAZOLE.,HIATUS HERNIA,2,Not Reported
10005422,CALCICHEW-D3 FORTE,Not Reported,2,Not Reported
10005422,ALENDRONIC ACID,Not Reported,2,Not Reported
10005422,CODEINE,Not Reported,2,Not Reported
10005422,ETANERCEPT,Not Reported,1,1
10005422,HYDROXYCHLOROQUINE,Not Reported,2,Not Reported
10005422,FOLIC ACID.,Not Reported,2,Not Reported
10005422,LEFLUNOMIDE.,Not Reported,2,Not Reported
10005422,RAMIPRIL.,HYPERTENSION,2,Not Reported
10005422,NAPROXEN.,Not Reported,2,Not Reported
10005422,METHOTREXATE,Not Reported,2,Not Reported
10005422,ETANERCEPT,RHEUMATOID ARTHRITIS,1,1
10005422,PRAVASTATIN,BLOOD CHOLESTEROL INCREASED,2,Not Reported
10005422,AMLODIPINE,HYPERTENSION,2,Not Reported
10005492,ERIVEDGE,PRODUCT USED FOR UNKNOWN INDICATION,1,5
10005492,AMLODIPINE,Not Reported,2,Not Reported
10005492,BACLOFEN,Not Reported,2,Not Reported
10005492,SYMBICORT,Not Reported,2,Not Reported
10005492,TRAZODONE,Not Reported,2,Not Reported
10005492,ACETAMINOPHEN,Not Reported,2,Not Reported
10005492,VITAMIN B6,Not Reported,2,Not Reported
10005762,TECFIDERA,MULTIPLE SCLEROSIS,1,4
10005762,AMLODIPINE BESY-BENAZEPRIL HCL,Not Reported,2,Not Reported
10005762,COREG,Not Reported,2,Not Reported
10005762,LOSARTAN POTASSIUM,Not Reported,2,Not Reported
10005762,ASPIR-LOW,Not Reported,2,Not Reported
10005762,TYLENOL,Not Reported,2,Not Reported
10005778,TECFIDERA,PRODUCT USED FOR UNKNOWN INDICATION,1,1
10005778,AMLODIPINE,Not Reported,2,Not Reported
10005778,LIPITOR,Not Reported,2,Not Reported
10005778,AVAPRO,Not Reported,2,Not Reported
10005778,IRBESARTAN,Not Reported,2,Not Reported
10005778,VALTREX,Not Reported,2,Not Reported
10005778,VITAMIN E,Not Reported,2,Not Reported
10005778,LEVOTHYROXIN,Not Reported,2,Not Reported
10005778,HCTZ/TRIAMT,Not Reported,2,Not Reported
10005778,BABY ASPIRIN,Not Reported,2,Not Reported
10005778,CALCIUM + D,Not Reported,2,Not Reported
10005778,VITAMIN C,Not Reported,2,Not Reported
10005810,SIMVASTATIN,HYPERCHOLESTEROLAEMIA,1,5
10005810,AMLODIPINE,Not Reported,2,Not Reported
10005810,INDAPAMIDE,Not Reported,2,Not Reported
10005810,METFORMIN,Not Reported,2,Not Reported
10005810,PERINDOPRIL,Not Reported,2,Not Reported
10005810,TAMSULOSIN HYDROCHLORIDE,Not Reported,2,Not Reported
10005827,AMLODIPINE,HYPERTENSION,1,4
10005827,ALLOPURINOL,GOUT,1,4
10005827,BISOPROLOL FUMARATE,HYPERTENSION,1,4
10005827,EPLERENONE,HYPERTENSION,1,4
10005827,FUROSEMIDE,HYPERTENSION,1,4
10005827,RAMIPRIL,HYPERTENSION,1,4
10005827,COLCHICINE,PRODUCT USED FOR UNKNOWN INDICATION,2,Not Reported
10005827,LEVOTHYROXINE,PRODUCT USED FOR UNKNOWN INDICATION,2,Not Reported
10005912,NEXIUM,PRODUCT USED FOR UNKNOWN INDICATION,2,Not Reported
10005912,OXYCODONE,PRODUCT USED FOR UNKNOWN INDICATION,2,Not Reported
10005912,ACETAMINOPHEN,Not Reported,1,5
10005912,ACETAMINOPHEN,PRODUCT USED FOR UNKNOWN INDICATION,1,5
10005912,VICODIN,PRODUCT USED FOR UNKNOWN INDICATION,1,5
10005912,AMLODIPINE,PRODUCT USED FOR UNKNOWN INDICATION,2,Not Reported
10005927,CIMZIA,RHEUMATOID ARTHRITIS,1,4
10005927,METHOTREXATE,RHEUMATOID ARTHRITIS,2,4
10005927,SULPHASALAZINE,RHEUMATOID ARTHRITIS,2,4
10005927,LISINOPRIL,Not Reported,2,5
10005927,AMLODIPINE,Not Reported,2,5
10005927,IBUPROFEN,Not Reported,2,5
10005933,LISINOPRIL,PRODUCT USED FOR UNKNOWN INDICATION,1,1
10005933,AMLODIPINE,HYPERTENSION,2,4
10006042,ZOLPIDEM TARTRATE TABLETS,Not Reported,1,4
10006042,AMLODIPINE BESYLATE TABLETS,Not Reported,1,4
10006042,"LISINOPRIL TABLETS, USP",Not Reported,1,4
10006042,CARVEDILOL TABLETS,Not Reported,1,4
10006042,CLOPIDOGREL TABLETS USP,Not Reported,1,4
10006053,XARELTO,THROMBOSIS PROPHYLAXIS,1,1
10006053,XARELTO,HIP ARTHROPLASTY,1,1
10006053,AMITRIPTYLINE/CHLORDIAZEPOXIDE,Not Reported,2,Not Reported
10006053,AMLODIPINE,Not Reported,2,Not Reported
10006053,BUSPIRONE,Not Reported,2,Not Reported
10006053,DIOVAN,Not Reported,2,Not Reported
10006053,FUROSEMIDE,Not Reported,2,Not Reported
10006053,LEXAPRO,Not Reported,2,Not Reported
10006053,NORCO,PROCEDURAL PAIN,2,Not Reported
10006053,METOPROLOL,Not Reported,2,Not Reported
10006053,OMEPRAZOLE,Not Reported,2,Not Reported
10006053,POTASSIUM,Not Reported,2,Not Reported
10006053,DIAZEPAM,Not Reported,2,Not Reported
10006053,CO-Q10,Not Reported,2,Not Reported
10006071,XARELTO,CEREBROVASCULAR ACCIDENT PROPHYLAXIS,1,Not Reported
10006071,XARELTO,ATRIAL FIBRILLATION,1,Not Reported
10006071,ASPIRIN,PRODUCT USED FOR UNKNOWN INDICATION,1,Not Reported
10006071,PLAVIX,PRODUCT USED FOR UNKNOWN INDICATION,1,Not Reported
10006071,SYNTHROID,Not Reported,2,Not Reported
10006071,VALIUM,MUSCLE SPASMS,2,Not Reported
10006071,PROVENTIL,Not Reported,2,Not Reported
10006071,LISINOPRIL,Not Reported,2,Not Reported
10006071,HYDRALAZINE,Not Reported,2,Not Reported
10006071,FLUOXETINE,Not Reported,2,Not Reported
10006071,BACLOFEN,Not Reported,2,Not Reported
10006071,AMLODIPINE,Not Reported,2,Not Reported
10006071,AMBIEN,SLEEP DISORDER,2,Not Reported
10006150,ERLOTINIB TABLET,LUNG NEOPLASM MALIGNANT,1,4
10006150,XALATAN,PRODUCT USED FOR UNKNOWN INDICATION,2,Not Reported
10006150,CADUET,PRODUCT USED FOR UNKNOWN INDICATION,2,Not Reported
10006150,AMLODIPINE BESILATE,PRODUCT USED FOR UNKNOWN INDICATION,2,Not Reported
10006150,AZITHROMYCIN,PRODUCT USED FOR UNKNOWN INDICATION,2,Not Reported
10006150,METFORMIN,PRODUCT USED FOR UNKNOWN INDICATION,2,Not Reported
10006150,VALTREX,PRODUCT USED FOR UNKNOWN INDICATION,2,Not Reported
10006150,VENTOLIN HFA,PRODUCT USED FOR UNKNOWN INDICATION,2,Not Reported
10006150,ADVAIR,PRODUCT USED FOR UNKNOWN INDICATION,2,Not Reported
10006150,ADVAIR,Not Reported,2,Not Reported
10006150,NITROQUICK,PRODUCT USED FOR UNKNOWN INDICATION,2,Not Reported
10006150,HYDROCHLOROTHIAZIDE W/TRIAMTERENE,PRODUCT USED FOR UNKNOWN INDICATION,2,Not Reported
10006150,HYDROCHLOROTHIAZIDE W/TRIAMTERENE,Not Reported,2,Not Reported
10006224,LYRICA,Not Reported,1,3
10006224,AMLODIPINE BESYLATE,HYPERTENSION,2,Not Reported
10006224,LISINOPRIL,HYPERTENSION,2,Not Reported
10006237,DRONEDARONE,PRODUCT USED FOR UNKNOWN INDICATION,1,5
10006237,DABIGATRAN,PRODUCT USED FOR UNKNOWN INDICATION,3,5
10006237,BENAZEPRIL HYDROCHLORIDE,Not Reported,2,Not Reported
10006237,AMLODIPINE,Not Reported,2,Not Reported
10006237,FOLIC ACID,Not Reported,2,Not Reported
10006237,SYNTHROID,Not Reported,2,Not Reported
10006237,CARVEDILOL,Not Reported,2,Not Reported
10006237,SIMVASTATIN,Not Reported,2,Not Reported
10006237,DEXILANT,Not Reported,2,Not Reported
10006237,VITAMIN D,Not Reported,2,Not Reported
10006301,OXYTROL FOR WOMEN,POLLAKIURIA,1,Not Reported
10006301,OXYTROL FOR WOMEN,MICTURITION URGENCY,1,Not Reported
10006301,AMLODIPINE,HYPERTENSION,2,5
10006301,OMEGA-3 MARINE TRIGLYCERIDES,PRODUCT USED FOR UNKNOWN INDICATION,2,5
10006301,TUMS,PRODUCT USED FOR UNKNOWN INDICATION,2,5
10006338,STILNOX,PRODUCT USED FOR UNKNOWN INDICATION,1,1
10006338,INVANZ,PRODUCT USED FOR UNKNOWN INDICATION,1,2
10006338,CIFLOX,PRODUCT USED FOR UNKNOWN INDICATION,1,4
10006338,EUPANTOL,Not Reported,2,Not Reported
10006338,MODOPAR,Not Reported,2,Not Reported
10006338,TRIVASTAL,Not Reported,2,Not Reported
10006338,LYRICA,Not Reported,2,Not Reported
10006338,AMLODIPINE,Not Reported,2,Not Reported
10006338,AERIUS,Not Reported,2,Not Reported
10006338,DOMPERIDONE,Not Reported,2,Not Reported
10006338,CONTRAMAL,Not Reported,2,Not Reported
10006463,DABIGATRAN,Not Reported,1,1
10006463,ISOSORBIDE MONONITRATE.,PRODUCT USED FOR UNKNOWN INDICATION,2,Not Reported
10006463,DABIGATRAN,ATRIAL FIBRILLATION,1,1
10006463,METFORMIN,PRODUCT USED FOR UNKNOWN INDICATION,2,Not Reported
10006463,AMLODIPINE,PRODUCT USED FOR UNKNOWN INDICATION,2,Not Reported
10006463,PROTONIX,PRODUCT USED FOR UNKNOWN INDICATION,2,Not Reported
10006463,LISINOPRIL.,PRODUCT USED FOR UNKNOWN INDICATION,2,Not Reported
10006463,FLUTICASON,PRODUCT USED FOR UNKNOWN INDICATION,2,Not Reported
10006463,VICTOZA S2,PRODUCT USED FOR UNKNOWN INDICATION,2,Not Reported
10006463,AMIODARONE,PRODUCT USED FOR UNKNOWN INDICATION,2,Not Reported
10006463,LIPITOR,PRODUCT USED FOR UNKNOWN INDICATION,2,Not Reported
10006463,AMLODIPINE,Not Reported,2,Not Reported
10006463,ADVIL,ILL-DEFINED DISORDER,2,Not Reported
10006463,CARVEDILOL.,PRODUCT USED FOR UNKNOWN INDICATION,2,Not Reported
10006463,LASIX,PRODUCT USED FOR UNKNOWN INDICATION,2,Not Reported
10006463,SYNTHROID,PRODUCT USED FOR UNKNOWN INDICATION,2,Not Reported
10006463,ALBUTEROL.,PRODUCT USED FOR UNKNOWN INDICATION,2,Not Reported
10006463,ZETIA,PRODUCT USED FOR UNKNOWN INDICATION,2,Not Reported
10006572,LIPITOR,LOW DENSITY LIPOPROTEIN INCREASED,1,5
10006572,CYMBALTA,ANXIETY,2,Not Reported
10006572,VESICARE,HYPERTONIC BLADDER,2,Not Reported
10006572,CYMBALTA,DEPRESSION,2,Not Reported
10006572,ATENOLOL.,CHEST PAIN,2,Not Reported
10006572,CYMBALTA,PAIN,2,Not Reported
10006572,LIPITOR,BLOOD TRIGLYCERIDES INCREASED,1,5
10006572,AMLODIPINE BESYLATE.,HYPERTENSION,2,Not Reported
10006572,LIPITOR,BLOOD CHOLESTEROL INCREASED,1,5
10006572,CYMBALTA,FIBROMYALGIA,2,Not Reported
10006572,LIPITOR,CARDIOVASCULAR EVENT PROPHYLAXIS,1,5
10006572,DIOVAN,HYPERTENSION,2,Not Reported
10006725,EYLEA,AGE-RELATED MACULAR DEGENERATION,1,Not Reported
10006725,OFLOXACIN (OFLOXACIN) (OFLOXACIN),Not Reported,2,Not Reported
10006725,SIMVASTATIN (SIMVASTATIN),Not Reported,2,Not Reported
10006725,WARFARIN (WARFARIN),Not Reported,2,Not Reported
10006725,AMLODIPINE (AMLODIPINE),Not Reported,2,Not Reported
10006725,ASA (ACETYLSALICYLIC ACID),Not Reported,2,Not Reported
10006854,SANTYL OINTMENT (NO PREF. NAME),WOUND,1,Not Reported
10006854,SIMVASTATIN,Not Reported,2,Not Reported
10006854,WARFARIN,Not Reported,2,Not Reported
10006854,AMLODIPINE BESYLATE,Not Reported,2,Not Reported
10006854,JANUMET,Not Reported,2,Not Reported
10006854,MAGNESIUM,Not Reported,2,Not Reported
10006854,UNSPECIFIED MULTIVITAMIN,Not Reported,2,Not Reported
10006854,CALCIUM 600 MG PLUS VITAMIN D,Not Reported,2,Not Reported
10006854,DIOVAN,Not Reported,2,Not Reported
10006854,SILVER NITRATE,Not Reported,1,Not Reported
10006887,OLMETEC (OLMESARTAN MEDOXOMIL),HYPERTENSION,1,Not Reported
10006887,ARTIST (CARVEDILOL) (CARVEDILOL),HYPERTENSION,1,Not Reported
10006887,LOXONIN (LOXOPROFEN SODIUM),PAIN MANAGEMENT,1,Not Reported
10006887,TAKEPRON OD (LANSOPRAZOLE),PROPHYLAXIS AGAINST GASTROINTESTINAL ULCER,1,Not Reported
10006887,VANCOMYCIN HYDROCHLORIDE (VANCOMYCIN HYDROCHLORIDE),Not Reported,1,Not Reported
10006887,MEROPENEM,Not Reported,1,Not Reported
10006887,AMLODIPINE,Not Reported,1,Not Reported
10006887,ANGIOTENSIN II ANTAGONIST+ CALCIUM CHANNEL BLO (ANGIOTENSIN II BLO),HYPERTENSION,1,Not Reported
10006887,DILTIAZEM HYDROCHLORIDE (DILTIAZEM HYDROCHLORIDE),HYPERTENSION,1,Not Reported
10006887,SEPAMIT (NIFEDIPINE),HYPERTENSION,1,Not Reported
10006982,PAROXETINE HYDROCHLORIDE,SLEEP DISORDER,1,Not Reported
10006982,LAMOTRIGINE,Not Reported,2,Not Reported
10006982,TERZOSIN,Not Reported,2,Not Reported
10006982,ASPIRIN,Not Reported,2,Not Reported
10006982,AMLODIPINE,Not Reported,2,Not Reported
10006982,MELATONIN,Not Reported,2,Not Reported
10006982,BUPROPION XL,Not Reported,2,Not Reported
10006982,TESTOSTERONE INJECTION,Not Reported,2,Not Reported
10007246,FLOMAX CAPSULES,BLADDER DISORDER,1,1
10007246,ADVAIR,EMPHYSEMA,2,Not Reported
10007246,AMLODIPINE,HYPERTENSION,2,Not Reported
10007246,LOVASTATIN,BLOOD CHOLESTEROL INCREASED,2,Not Reported
10007246,FINASTERIDE,Not Reported,2,Not Reported
10007246,METOPROLOL,Not Reported,2,Not Reported
10007246,SPIRIVA,Not Reported,2,Not Reported
10007246,ASPIRIN,Not Reported,2,Not Reported
10007246,ALBUTEROL,Not Reported,2,Not Reported
10007246,QUINAPRIL,Not Reported,2,Not Reported
10007313,ACIDO ALENDRONICO TEVA 70 MG COMP EFG 4 COMP,OSTEOPOROSIS,1,1
10007313,AMLODIPINE,HYPERTENSION,2,5
10007313,IRBESARTAN,HYPERTENSION,2,5
10007313,PRAVASTATIN,HYPERTENSION,2,5
10007313,HYDROCHLOROTHIAZIDE,HYPERTENSION,2,Not Reported
10007387,DIANEAL PD2 WITH 1.5% DEXTROSE,PERITONEAL DIALYSIS,1,Not Reported
10007387,DIANEAL PD2 WITH 4.25% DEXTROSE,PERITONEAL DIALYSIS,1,Not Reported
10007387,AMLODIPINE,PRODUCT USED FOR UNKNOWN INDICATION,2,Not Reported
10007387,FERROUS SULPHATE,PRODUCT USED FOR UNKNOWN INDICATION,2,Not Reported
10007441,REVLIMID 5 MG,PLASMA CELL MYELOMA,1,Not Reported
10007441,ACYCLOVIR (ZOVIRAX),Not Reported,2,Not Reported
10007441,AMLODIPINE (NORVASC),Not Reported,2,Not Reported
10007441,CALCIUM CARBONATE,Not Reported,2,Not Reported
10007441,ERGOCALCIFEROL (VITAMIN D),Not Reported,2,Not Reported
10007441,FLUTICASONE (FLONASE),Not Reported,2,Not Reported
10007441,GABAPENTIN (NEURONTIN),Not Reported,2,Not Reported
10007441,INSULIN GLARGINE (LANTUS),Not Reported,2,Not Reported
10007441,INSULIN LISPRO (HUMALOG),Not Reported,2,Not Reported
10007441,LENALIDOMIDE (REVLIMID),Not Reported,2,Not Reported
10007441,LORATADINE (CLARITIN),Not Reported,2,Not Reported
10007441,MULTIPLE VITAMINS/MINERALS (CENTRUM),Not Reported,2,Not Reported
10007441,OMEGA-3 FATTY ACIDS (FISH OIL),Not Reported,2,Not Reported
10007441,OXYCODONE CR (OXYCONTIN),Not Reported,2,Not Reported
10007441,"OXYCODONE, IMMEDIATE RELEASE, (ROXICODONE)",Not Reported,2,Not Reported
10007441,QUETIAPINE (SEROQUEL),Not Reported,2,Not Reported
10007441,RIVAROXABAN (XARELTO),Not Reported,2,Not Reported
10007486,DOXAZOSIN,Not Reported,1,5
10007486,ALENDRONIC ACID,Not Reported,2,Not Reported
10007486,AMITRIPTYLINE HYDROCHLORIDE,Not Reported,2,Not Reported
10007486,AMLODIPINE,Not Reported,2,Not Reported
10007486,CALCEOS,Not Reported,2,Not Reported
10007486,FOSTAIR,Not Reported,2,Not Reported
10007486,HYPROMELLOSE,Not Reported,2,Not Reported
10007486,LACRI-LUBE,Not Reported,2,Not Reported
10007486,LANSOPRAZOLE,Not Reported,2,Not Reported
10007486,LATANOPROST,Not Reported,2,Not Reported
10007486,LEVOTHYROXINE,Not Reported,2,Not Reported
10007486,LOSARTAN,Not Reported,2,Not Reported
10007486,PARACETAMOL,Not Reported,2,Not Reported
10007486,SALBUTAMOL,Not Reported,2,Not Reported
10007486,SIMVASTATIN,Not Reported,2,Not Reported
10007506,AMLODIPINE,HYPERTENSION,1,1
10007506,BUSCOPAN,Not Reported,2,Not Reported
10007506,FENTANYL,Not Reported,2,Not Reported
10007506,FYBOGEL,Not Reported,2,Not Reported
10007506,LIQUIFILM TEARS,Not Reported,2,Not Reported
10007506,OMEPRAZOLE,Not Reported,2,Not Reported
10007506,ORAMORPH,Not Reported,2,Not Reported
10007506,PEPTAC LIQUID,Not Reported,2,Not Reported
10007506,PREGABALIN,Not Reported,2,Not Reported
10007523,THALIDOMIDE,PLASMA CELL MYELOMA,1,Not Reported
10007523,THALIDOMIDE,Not Reported,1,Not Reported
10007523,MELPHALAN,PLASMA CELL MYELOMA,1,Not Reported
10007523,MELPHALAN,Not Reported,1,Not Reported
10007523,PREDNISONE,PLASMA CELL MYELOMA,1,Not Reported
10007523,PREDNISONE,Not Reported,1,Not Reported
10007523,SIMVASTATIN,HYPERCHOLESTEROLAEMIA,2,Not Reported
10007523,PANTOPRAZOL,OESOPHAGITIS,2,Not Reported
10007523,PANTOPRAZOL,GASTROINTESTINAL HAEMORRHAGE,2,Not Reported
10007523,ALEMAZINE TARTRATE,INSOMNIA,2,Not Reported
10007523,ALEMAZINE TARTRATE,Not Reported,2,Not Reported
10007523,BUMETANIDA,OEDEMA,2,Not Reported
10007523,BUMETANIDA,Not Reported,2,Not Reported
10007523,OXYCODONE HYDROCHLORIDE,PAIN,2,Not Reported
10007523,SODIUM PICOSULFATE,CONSTIPATION,2,Not Reported
10007523,ACETYLCYSTEINE,PRODUCT USED FOR UNKNOWN INDICATION,2,Not Reported
10007523,ZOPICLONE,INSOMNIA,2,Not Reported
10007523,METOPROLOL SUCCINATE,ATRIAL FIBRILLATION,2,Not Reported
10007523,METOCLOPRAMIDE,NAUSEA,2,Not Reported
10007523,ONDANSETRON,NAUSEA,2,Not Reported
10007523,BORTEZOMIB,PLASMA CELL MYELOMA,2,Not Reported
10007523,DEXAMETHASONE,PLASMA CELL MYELOMA,2,Not Reported
10007523,LACTULOSE,CONSTIPATION,2,Not Reported
10007523,LACTULOSE,Not Reported,2,Not Reported
10007523,NALOXONE HYDROCHLORIDE,PAIN,2,Not Reported
10007523,INSULIN,DIABETES MELLITUS,2,Not Reported
10007523,INSULIN,Not Reported,2,Not Reported
10007523,MACROGOL,CONSTIPATION,2,Not Reported
10007523,RAMIPRIL,CARDIAC FAILURE,2,Not Reported
10007523,RAMIPRIL,Not Reported,2,Not Reported
10007523,PHENOXYMETHYL PENICILLIN,PRODUCT USED FOR UNKNOWN INDICATION,2,Not Reported
10007523,AMLODIPINE,CARDIAC FAILURE,2,Not Reported
10007523,SPIRONOLACTONE,OEDEMA,2,Not Reported
10007523,DIAZEPAM,ANXIETY,2,Not Reported
10007523,TRANEXAMIC ACID,GASTROINTESTINAL HAEMORRHAGE,2,Not Reported
10007523,VALACICLOVIR,PROPHYLAXIS,2,Not Reported
10007523,DARBEPOETIN ALFA,ANAEMIA,2,Not Reported
10007523,CLOMETHIAZOLE,INSOMNIA,2,Not Reported
10007523,RED BLOOD CELLS,ANAEMIA,2,Not Reported
10007531,ARICEPT,DEMENTIA ALZHEIMER^S TYPE,1,1
10007531,ARICEPT,Not Reported,1,1
10007531,YOKUKANSAN,DEMENTIA ALZHEIMER^S TYPE,2,Not Reported
10007531,AMOBAN,Not Reported,2,Not Reported
10007531,AMLODIPINE OD,Not Reported,2,Not Reported
10007531,SLOW-K,Not Reported,2,Not Reported
10007531,MAGNESIUM OXIDE,Not Reported,2,Not Reported
10007552,LIPITOR,CARDIOVASCULAR EVENT PROPHYLAXIS,1,5
10007552,AMLODIPINE,HYPERTENSION,2,Not Reported
10007552,AMLODIPINE,Not Reported,2,Not Reported
10007552,LOVASTATIN.,BLOOD CHOLESTEROL ABNORMAL,2,Not Reported
10007552,LIPITOR,LOW DENSITY LIPOPROTEIN INCREASED,1,5
10007552,LIPITOR,BLOOD CHOLESTEROL ABNORMAL,1,5
10007940,GLIBENCLAMIDE,DIABETES MELLITUS,1,1
10007940,NEXAVAR,HEPATOCELLULAR CARCINOMA,3,5
10007940,PROPRANOLOL,Not Reported,2,4
10007940,RAMIPRIL,Not Reported,2,4
10007940,TORASEMIDE,Not Reported,2,4
10007940,AMLODIPIN//AMLODIPINE,Not Reported,2,5
10007940,NOVAMINSULFON,Not Reported,2,5
10008133,AMLODIPINE (UNKNOWN),HYPERTENSION,1,1
10008133,OMEPRAZOLE,SURGERY,2,5
10008133,LOSARTAN,HYPERTENSION,2,5
10008241,AMLODIPINE,Not Reported,1,4
10008241,LETAIRIS,PULMONARY HYPERTENSION,1,1
10008241,LETAIRIS,RAYNAUD^S PHENOMENON,1,1
10008360,METHOTREXATE (UNKNOWN),RHEUMATOID ARTHRITIS,1,1
10008360,OMEPRAZOLE (UNKNOWN),GASTROOESOPHAGEAL REFLUX DISEASE,3,1
10008360,AMLODIPINE,PRODUCT USED FOR UNKNOWN INDICATION,2,5
10008360,CALCICHEW D3,PRODUCT USED FOR UNKNOWN INDICATION,2,5
10008360,FOLIC ACID,PRODUCT USED FOR UNKNOWN INDICATION,2,5
10008688,JAKAFI,MYELOFIBROSIS,1,Not Reported
10008688,LISINOPRIL,Not Reported,2,Not Reported
10008688,SEROQUEL,Not Reported,2,Not Reported
10008688,SIMVASTATIN,Not Reported,2,Not Reported
10008688,ALLOPURINOL,Not Reported,2,Not Reported
10008688,DIPYRIDAMOL,Not Reported,2,Not Reported
10008688,AMLODIPINE,Not Reported,2,Not Reported
10008688,FUROSEMIDE,Not Reported,2,Not Reported
10008688,BYSTOLIC,Not Reported,2,Not Reported
10008688,MVI,Not Reported,2,Not Reported
10008688,VITAMIN D3,Not Reported,2,Not Reported
10008767,JAKAFI,POLYCYTHAEMIA VERA,1,3
10008767,AMLODIPINE BESYLATE W/BENAZEPRIL,Not Reported,2,Not Reported
10008767,ALLOPURINOL,Not Reported,2,Not Reported
10008774,JAKAFI,MYELOFIBROSIS,1,2
10008774,JAKAFI,Not Reported,1,2
10008774,LISINOPRIL,Not Reported,2,Not Reported
10008774,AMLODIPINE,Not Reported,2,Not Reported
10008776,JAKAFI,MYELOFIBROSIS,1,4
10008776,JAKAFI,MYELOID METAPLASIA,1,4
10008776,ALLOPURINOL,Not Reported,2,Not Reported
10008776,AMLODIPINE,Not Reported,2,Not Reported
10008776,FOLIC ACID,Not Reported,2,Not Reported
10008776,CENTRUM SILVER,Not Reported,2,Not Reported
10008782,JAKAFI,MYELOFIBROSIS,1,Not Reported
10008782,ASPIRIN,Not Reported,2,Not Reported
10008782,LISINOPRIL,Not Reported,2,Not Reported
10008782,NITROSTAT,Not Reported,2,Not Reported
10008782,PREDNISONE,Not Reported,2,Not Reported
10008782,LIPITOR,Not Reported,2,Not Reported
10008782,PLAVIX,Not Reported,2,Not Reported
10008782,AMLODIPINE,Not Reported,2,Not Reported
10008782,METOPROLOL,Not Reported,2,Not Reported
10008782,FINASTERIDE,Not Reported,2,Not Reported
10008782,MULTIVITAMINS,Not Reported,2,Not Reported
10008883,JAKAFI,MYELOFIBROSIS,1,4
10008883,FLOVENT,Not Reported,2,Not Reported
10008883,FLOMAX,Not Reported,2,Not Reported
10008883,ISOSORBIDE MONONITRATE,Not Reported,2,Not Reported
10008883,AMLODIPINE,Not Reported,2,Not Reported
10008949,JAKAFI,MYELOFIBROSIS,1,1
10008949,AMOXICILLIN,Not Reported,2,Not Reported
10008949,NOVOLIN 70/30,Not Reported,2,Not Reported
10008949,LISINOPRIL,Not Reported,2,Not Reported
10008949,AMLODIPINE,Not Reported,2,Not Reported
10008949,PANTOPRAZOLE,Not Reported,2,Not Reported
10008980,JAKAFI,MYELOFIBROSIS,1,2
10008980,JAKAFI,Not Reported,1,2
10008980,SYNTHROID,Not Reported,2,Not Reported
10008980,AMLODIPINE,Not Reported,2,Not Reported
10008980,HYDROCHLOROTHIAZIDE,Not Reported,2,Not Reported
10008980,TOPROL XL,Not Reported,2,Not Reported
10008980,ALLOPURINOL,Not Reported,2,Not Reported
10008980,WARFARIN,Not Reported,2,Not Reported
10008980,OMEPRAZOLE,Not Reported,2,Not Reported
10008980,LISINOPRIL,Not Reported,2,Not Reported
10008980,HYDROCODONE,Not Reported,2,Not Reported
10008980,ASPIRIN,Not Reported,2,Not Reported
10008980,FISH OIL,Not Reported,2,Not Reported
10008980,STOOL SOFTENER,Not Reported,2,Not Reported
10008980,CALCIUM SUPPLEMENT,Not Reported,2,Not Reported
10009223,DICLOFENAC,ABDOMINAL PAIN,1,1
10009223,METFORMIN,TYPE 2 DIABETES MELLITUS,1,1
10009223,AMLODIPINE,Not Reported,2,5
10009223,BENDROFLUMETHIAZIDE,Not Reported,2,5
10009223,CO-PROXAMOL,Not Reported,2,5
10009223,LEVEMIR,Not Reported,2,5
10009223,NOVORAPID,Not Reported,2,5
10009223,OMEPRAZOLE,Not Reported,2,5
10009223,PAROXETINE,Not Reported,2,5
10009223,SIMVASTATIN,Not Reported,2,5
10009391,JAKAFI,MYELOFIBROSIS,1,4
10009391,METOPROLOL,Not Reported,2,Not Reported
10009391,LISINOPRIL,Not Reported,2,Not Reported
10009391,HYDROCHLOROTHIAZIDE,Not Reported,2,Not Reported
10009391,AMLODIPINE,Not Reported,2,Not Reported
10009391,SYMBICORT,Not Reported,2,Not Reported
10009391,OSTEO BI-FLEX,Not Reported,2,Not Reported
10009391,CALCIUM CITRATE,Not Reported,2,Not Reported
10009391,MULTIVITAMINS,Not Reported,2,Not Reported
10009421,JAKAFI,MYELOFIBROSIS,1,1
10009421,JAKAFI,Not Reported,1,1
10009421,LISINOPRIL,Not Reported,2,Not Reported
10009421,ATENOLOL,Not Reported,2,Not Reported
10009421,LEVOTHYROXINE,Not Reported,2,Not Reported
10009421,OXYCODONE,Not Reported,2,Not Reported
10009421,AMLODIPINE,Not Reported,2,Not Reported
10009421,HYDROCODONE BITARTRATE AND ACETAMINOPHEN,Not Reported,2,Not Reported
10009421,AMBIEN,Not Reported,2,Not Reported
10009427,JAKAFI,MYELOFIBROSIS,1,4
10009427,AMLODIPINE,Not Reported,2,Not Reported
10009427,PANTOPRAZOLE,Not Reported,2,Not Reported
10009434,JAKAFI,MYELOFIBROSIS,1,2
10009434,JAKAFI,Not Reported,1,2
10009434,ATENOLOL,Not Reported,2,Not Reported
10009434,LEVOTHYROXINE SODIUM,Not Reported,2,Not Reported
10009434,AMLODIPINE W/HYDROCHLOROTHIAZIDE,Not Reported,2,Not Reported
10009434,ASA,Not Reported,2,Not Reported
10009434,ESTRADIOL TRANSDERMAL,Not Reported,2,4
10009470,JAKAFI,MYELOFIBROSIS,1,2
10009470,JAKAFI,Not Reported,1,2
10009470,SIMVASTATIN,Not Reported,2,Not Reported
10009470,CITALOPRAM HYDROBROMIDE,Not Reported,2,Not Reported
10009470,METOPROLOL,Not Reported,2,Not Reported
10009470,LOSARTAN,Not Reported,2,Not Reported
10009470,GLIMEPIRIDE,Not Reported,2,Not Reported
10009470,ALLOPURINOL,Not Reported,2,Not Reported
10009470,AMLODIPINE,Not Reported,2,Not Reported
10009470,TRAMADOL,Not Reported,2,Not Reported
10009470,ASPIRIN,Not Reported,2,Not Reported
10009499,JAKAFI,MYELOFIBROSIS,1,4
10009499,JAKAFI,PLATELET COUNT INCREASED,1,4
10009499,ANAGRELIDE,Not Reported,2,Not Reported
10009499,TERAZOSIN,Not Reported,2,Not Reported
10009499,AMLODIPINE,Not Reported,2,Not Reported
10009499,LOVASTATIN,Not Reported,2,Not Reported
10009499,OMEPRAZOLE,Not Reported,2,Not Reported
10009499,PREDNISONE,Not Reported,2,Not Reported
10009499,FUROSEMIDE,Not Reported,2,Not Reported
10009499,ASPIRIN,Not Reported,2,Not Reported
10009499,MVI,Not Reported,2,Not Reported
10009499,PAIN RELIEF,Not Reported,2,Not Reported
10009588,RANOLAZINE,ANGINA PECTORIS,1,4
10009588,RANOLAZINE,Not Reported,3,4
10009588,SIROLIMUS,IMMUNOSUPPRESSANT DRUG THERAPY,3,2
10009588,SIROLIMUS,Not Reported,3,2
10009588,PREDNISONE,Not Reported,2,Not Reported
10009588,TACROLIMUS,Not Reported,2,1
10009588,CLOPIDOGREL,Not Reported,2,Not Reported
10009588,ASPIRIN,Not Reported,2,Not Reported
10009588,AMLODIPINE BESYLATE,Not Reported,2,Not Reported
10009588,LISINOPRIL,Not Reported,2,Not Reported
10009588,METOPROLOL,Not Reported,2,Not Reported
10009588,FUROSEMIDE,Not Reported,2,Not Reported
10009588,INSULIN LISPRO,Not Reported,2,Not Reported
10009588,NITROGLYCERIN,Not Reported,2,Not Reported
10009588,HYDROCODONE HYDROCHLORIDE,Not Reported,2,Not Reported
10009588,VITAMIN D NOS,Not Reported,2,Not Reported
10009600,JAKAFI,MYELOFIBROSIS,1,3
10009600,JAKAFI,Not Reported,1,3
10009600,CYMBALTA,Not Reported,1,1
10009600,METFORMIN,Not Reported,2,Not Reported
10009600,MODAFINIL,Not Reported,2,Not Reported
10009600,SYNTHROID,Not Reported,2,Not Reported
10009600,PANTOPRAZOLE,Not Reported,2,Not Reported
10009600,MELOXICAM,Not Reported,2,Not Reported
10009600,AMLODIPINE,Not Reported,2,Not Reported
10009600,FUROSEMIDE,Not Reported,2,Not Reported
10009600,ESTRADIOL,Not Reported,2,Not Reported
10009600,PROCRIT,Not Reported,2,Not Reported
10009627,JAKAFI,MYELOFIBROSIS,1,4
10009627,METOPROLOL,Not Reported,2,Not Reported
10009627,LOSARTAN,Not Reported,2,Not Reported
10009627,FLOMAX,Not Reported,2,Not Reported
10009627,ALLOPURINOL,Not Reported,2,Not Reported
10009627,AVODART,Not Reported,2,Not Reported
10009627,ASPIRIN,Not Reported,2,Not Reported
10009627,HYDROXYUREA,Not Reported,2,Not Reported
10009627,AMLODIPINE,Not Reported,2,Not Reported
10009627,SPIRIVA,Not Reported,2,Not Reported
10009670,JAKAFI,MYELOFIBROSIS,1,4
10009670,AMLODIPINE,Not Reported,2,Not Reported
10009670,ANAGRELIDE,Not Reported,2,Not Reported
10009670,PREDNISONE,Not Reported,2,Not Reported
10009670,FUROSEMIDE,Not Reported,2,Not Reported
10009670,LOVASTATIN,Not Reported,2,Not Reported
10009670,TERAZOSIN,Not Reported,2,Not Reported
10009728,JAKAFI,MYELOFIBROSIS,1,2
10009728,JAKAFI,Not Reported,1,2
10009728,BACTRIM DS,Not Reported,2,Not Reported
10009728,ACYCLOVIR,Not Reported,2,Not Reported
10009728,PROTONIX,Not Reported,2,Not Reported
10009728,PREDNISONE,Not Reported,2,Not Reported
10009728,AMLODIPINE,Not Reported,2,Not Reported
10009728,WARFARIN SODIUM,Not Reported,2,Not Reported
10009728,FOSAMAX,Not Reported,2,Not Reported
10009728,AMBIEN,Not Reported,2,Not Reported
10009728,CELEXA,Not Reported,2,Not Reported
10009728,MORPHINE,Not Reported,2,Not Reported
10009730,JAKAFI,POLYCYTHAEMIA VERA,1,4
10009730,JAKAFI,MYELOFIBROSIS,1,4
10009730,AMLODIPINE,Not Reported,2,Not Reported
10009730,HYDREA,Not Reported,2,Not Reported
10009730,LASIX,Not Reported,2,Not Reported
10009730,KLOR-CON,Not Reported,2,Not Reported
10009730,COUMADIN,Not Reported,2,Not Reported
10009730,CITRACAL,Not Reported,2,Not Reported
10009730,BELLADONNA AND DERIVATIVES,Not Reported,2,Not Reported
10009730,OMEPRAZOLE,Not Reported,2,Not Reported
10009730,METOPROLOL,Not Reported,2,Not Reported
10009730,GABAPENTIN,Not Reported,2,Not Reported
10009730,EDARBI,Not Reported,2,Not Reported
10009735,JAKAFI,MYELOFIBROSIS,1,1
10009735,JAKAFI,Not Reported,1,1
10009735,ALLOPURINOL,Not Reported,2,Not Reported
10009735,LISINOPRIL,Not Reported,2,Not Reported
10009735,AMLODIPINE,Not Reported,2,Not Reported
10009735,MVI,Not Reported,2,Not Reported
10009736,JAKAFI,MYELOFIBROSIS,1,Not Reported
10009736,CITALOPRAM,Not Reported,2,Not Reported
10009736,SIMVASTATIN,Not Reported,2,Not Reported
10009736,METOPROLOL,Not Reported,2,Not Reported
10009736,LOSARTAN,Not Reported,2,Not Reported
10009736,TRAMADOL,Not Reported,2,Not Reported
10009736,ALLOPURINOL,Not Reported,2,Not Reported
10009736,AMLODIPINE,Not Reported,2,Not Reported
10009736,ASPIRIN,Not Reported,2,Not Reported
10009736,GLIMEPIRIDE,Not Reported,2,Not Reported
10009787,JAKAFI,MYELOFIBROSIS,1,2
10009787,JAKAFI,Not Reported,1,2
10009787,AMLODIPINE,Not Reported,2,Not Reported
10009787,ALEVE,Not Reported,2,Not Reported
10009807,JAKAFI,MYELOFIBROSIS,1,Not Reported
10009807,AMLODIPINE,Not Reported,2,Not Reported
10009820,JAKAFI,MYELOFIBROSIS,1,Not Reported
10009820,LEVOXYL,Not Reported,2,Not Reported
10009820,AMLODIPINE,Not Reported,2,Not Reported
10009820,TERBINAFINE,Not Reported,2,Not Reported
10009820,MULTIVITAMINS,Not Reported,2,Not Reported
10009820,OMEGA 3 FISH OIL,Not Reported,2,Not Reported
10009820,VITAMIN C,Not Reported,2,Not Reported
10009820,NIACIN,Not Reported,2,Not Reported
10009830,JAKAFI,MYELOFIBROSIS,1,5
10009830,ATENOLOL,Not Reported,2,Not Reported
10009830,AMLODIPINE,Not Reported,2,Not Reported
10009830,POTASSIUM CHLORIDE,Not Reported,2,Not Reported
10009830,LOSARTAN,Not Reported,2,Not Reported
10009830,HYDROCHLOROTHIAZIDE,Not Reported,2,Not Reported
10009830,LEVOTHYROXINE,Not Reported,2,Not Reported
10009830,VITAMIN D,Not Reported,2,Not Reported
10009830,ASPIRIN,Not Reported,2,Not Reported
10009830,HYDREA,Not Reported,2,Not Reported
10009835,JAKAFI,MYELOFIBROSIS,1,1
10009835,JAKAFI,Not Reported,1,1
10009835,ALLERGY MEDICATION,Not Reported,2,Not Reported
10009835,AMLODIPINE,Not Reported,2,Not Reported
10009835,TYLENOL,Not Reported,2,Not Reported
10009835,ACETAMINOPHEN W/HYDROCODONE,Not Reported,2,Not Reported
10009835,DIPHENHYDRAMINE,Not Reported,2,Not Reported
10009908,JAKAFI,MYELOFIBROSIS,1,5
10009908,FOSAMAX,Not Reported,2,Not Reported
10009908,CLINDAMYCIN,Not Reported,2,Not Reported
10009908,AMLODIPINE,Not Reported,2,Not Reported
10009908,ATENOLOL,Not Reported,2,Not Reported
10009908,MULTIVITAMINS,Not Reported,2,Not Reported
10009908,LEVOTHYROXINE,Not Reported,2,Not Reported
10009908,PRADAXA,Not Reported,2,Not Reported
10009940,JAKAFI,POLYCYTHAEMIA VERA,1,1
10009940,JAKAFI,Not Reported,1,1
10009940,WARFARIN,Not Reported,2,Not Reported
10009940,PRAVASTATIN,Not Reported,2,Not Reported
10009940,AMLODIPINE,Not Reported,2,Not Reported
10009940,SILODOSIN,Not Reported,2,Not Reported
10009940,METOPROLOL,Not Reported,2,Not Reported
10009940,ALLOPURINOL,Not Reported,2,Not Reported
10009940,ISOSORBIDE,Not Reported,2,Not Reported
10009940,FUROSEMIDE,Not Reported,2,Not Reported
10009992,JAKAFI,MYELOFIBROSIS,1,5
10009992,AMLODIPINE,Not Reported,2,Not Reported
10009992,METOPROLOL,Not Reported,2,Not Reported
10009992,NIASPAN,Not Reported,2,Not Reported
10010030,JAKAFI,MYELOFIBROSIS,1,3
10010030,JAKAFI,Not Reported,1,3
10010030,HYDROXYUREA,Not Reported,2,Not Reported
10010030,ATENOLOL,Not Reported,2,Not Reported
10010030,DIOVAN,Not Reported,2,Not Reported
10010030,AMLODIPINE,Not Reported,2,Not Reported
10010030,DIAZEPAM,Not Reported,2,Not Reported
10010031,JAKAFI,POLYCYTHAEMIA VERA,1,4
10010031,PRADAXA,Not Reported,2,Not Reported
10010031,FOSAMAX,Not Reported,2,Not Reported
10010031,LEVOXYL,Not Reported,2,Not Reported
10010031,AMLODIPINE BESYLATE,Not Reported,2,Not Reported
10010031,MULTIVITAL-M,Not Reported,2,Not Reported
10010103,JAKAFI,Not Reported,1,1
10010103,AMLODIPINE,Not Reported,2,Not Reported
10010103,ANAGRELIDE,Not Reported,2,Not Reported
10010103,ASA,Not Reported,2,Not Reported
10010103,CARVEDILOL,Not Reported,2,Not Reported
10010103,IMDUR,Not Reported,2,Not Reported
10010103,LASIX,Not Reported,2,Not Reported
10010103,LANTUS,Not Reported,2,Not Reported
10010103,NITROGLYCERINE,Not Reported,2,Not Reported
10010103,PERCOCET,Not Reported,2,Not Reported
10010103,PRAVASTATIN,Not Reported,2,Not Reported
10010103,ZOFRAN,Not Reported,2,Not Reported
10010109,JAKAFI,MYELOFIBROSIS,1,4
10010109,JAKAFI,Not Reported,1,4
10010109,CALCIUM SUPPLEMENT,Not Reported,2,Not Reported
10010109,VITAMIN D3,Not Reported,2,Not Reported
10010109,VITAMIN E,Not Reported,2,Not Reported
10010109,PENTOXIFYLLINE,Not Reported,2,Not Reported
10010109,CEPHALEXIN,Not Reported,2,Not Reported
10010109,ANASTROZOLE,Not Reported,2,Not Reported
10010109,ASPIR-81,Not Reported,2,Not Reported
10010109,TRAMADOL,Not Reported,2,Not Reported
10010109,AMLODIPINE,Not Reported,2,Not Reported
10010109,MECLIZINE,Not Reported,2,Not Reported
10010109,ZOLPIDEM,Not Reported,2,Not Reported
10010109,CLONAZEPAM,Not Reported,2,Not Reported
10010228,METHOTREXATE,RHEUMATOID ARTHRITIS,1,1
10010228,OMEPRAZOLE,GASTROOESOPHAGEAL REFLUX DISEASE,3,1
10010228,AMLODIPINE,Not Reported,2,Not Reported
10010228,CALCICHEW D3,Not Reported,2,Not Reported
10010228,FOLIC ACID,Not Reported,2,Not Reported
10010232,TENOFOVIR DISOPROXIL FUMARATE,HIV INFECTION,1,4
10010232,EMTRICITABINE,HIV INFECTION,3,4
10010232,EFAVIRENZ,HIV INFECTION,3,4
10010232,RIFAMPICIN,EXTRAPULMONARY TUBERCULOSIS,3,4
10010232,ISONIAZID,EXTRAPULMONARY TUBERCULOSIS,3,4
10010232,PYRAZINAMIDE,EXTRAPULMONARY TUBERCULOSIS,3,4
10010232,ETHAMBUTOL,EXTRAPULMONARY TUBERCULOSIS,3,4
10010232,COTRIMOXAZOLE,PRODUCT USED FOR UNKNOWN INDICATION,2,4
10010232,PYRIDOXINE,PRODUCT USED FOR UNKNOWN INDICATION,2,4
10010232,AMLODIPINE,HYPERTENSION,2,4
10010232,ENALAPRIL,HYPERTENSION,2,4
10010232,LASIX                              /00032601/,PRODUCT USED FOR UNKNOWN INDICATION,2,1
10010232,AMITRIPTYLINE,PRODUCT USED FOR UNKNOWN INDICATION,2,1
10010232,HYDROCORTISONE,PRODUCT USED FOR UNKNOWN INDICATION,2,1
10010232,CETIRIZINE,PRODUCT USED FOR UNKNOWN INDICATION,2,1
10010232,LACTULOSE,CONSTIPATION,2,1
10010335,HYDROCHLOROTHIAZIDE,PRODUCT USED FOR UNKNOWN INDICATION,1,1
10010335,NO DRUG NAME,PRODUCT USED FOR UNKNOWN INDICATION,2,5
10010335,METFORMIN,PRODUCT USED FOR UNKNOWN INDICATION,2,Not Reported
10010335,AMLODIPINE,PRODUCT USED FOR UNKNOWN INDICATION,2,3
10010681,AMOXICILLIN.,ENDOCARDITIS PROPHYLAXIS,1,5
10010681,INSULIN GLARGINE,PRODUCT USED FOR UNKNOWN INDICATION,2,5
10010681,LISINOPRIL.,PRODUCT USED FOR UNKNOWN INDICATION,1,1
10010681,OMEGA 3,PRODUCT USED FOR UNKNOWN INDICATION,1,5
10010681,AMLODIPINE,PRODUCT USED FOR UNKNOWN INDICATION,2,5
10010681,METOPROLOL.,PRODUCT USED FOR UNKNOWN INDICATION,2,5
10010681,NICOTINIC ACID,PRODUCT USED FOR UNKNOWN INDICATION,2,4
10010681,COLECALCIFEROL,PRODUCT USED FOR UNKNOWN INDICATION,2,5
10010681,ACETYLSALICYLIC ACID,PRODUCT USED FOR UNKNOWN INDICATION,2,5
10010681,METFORMIN,PRODUCT USED FOR UNKNOWN INDICATION,2,5
10010681,GLIPIZIDE.,PRODUCT USED FOR UNKNOWN INDICATION,2,5
10010733,XARELTO,PULMONARY EMBOLISM,1,4
10010733,METOPROLOL,BLOOD PRESSURE INCREASED,2,Not Reported
10010733,LOSARTAN,BLOOD PRESSURE INCREASED,2,Not Reported
10010733,AMLODIPINE,BLOOD PRESSURE INCREASED,2,Not Reported
10010733,LAMICTAL,CONVULSION,2,Not Reported
10010733,SYNTHROID,THYROID DISORDER,2,Not Reported
10010733,LYRICA,NEURALGIA,2,Not Reported
10010733,FLEXERIL,MUSCLE RELAXANT THERAPY,2,Not Reported
10010774,REVLIMID,PARAPROTEINAEMIA,1,1
10010774,DEXAMETHASONE,PRODUCT USED FOR UNKNOWN INDICATION,1,5
10010774,AMLODIPINE BESYLATE,PRODUCT USED FOR UNKNOWN INDICATION,2,Not Reported
10010774,ENALAPRIL MALEATE,PRODUCT USED FOR UNKNOWN INDICATION,2,Not Reported
10010774,GEMFIBROZIL,PRODUCT USED FOR UNKNOWN INDICATION,2,Not Reported
10010774,GLIPIZIDE,PRODUCT USED FOR UNKNOWN INDICATION,2,Not Reported
10010774,LEVOTHYROXINE SODIUM,PRODUCT USED FOR UNKNOWN INDICATION,2,Not Reported
10010774,VITAMIN A,PRODUCT USED FOR UNKNOWN INDICATION,2,Not Reported
10010774,VITAMIN B COMPLEX,PRODUCT USED FOR UNKNOWN INDICATION,2,Not Reported
10010775,OXYTROL FOR WOMEN,URINARY INCONTINENCE,1,Not Reported
10010775,OXYTROL FOR WOMEN,URGE INCONTINENCE,1,Not Reported
10010775,AMLODIPINE,PRODUCT USED FOR UNKNOWN INDICATION,2,5
10010775,ESOMEPRAZOLE,PRODUCT USED FOR UNKNOWN INDICATION,2,5
10010775,HYDROXYZINE,PRODUCT USED FOR UNKNOWN INDICATION,2,5
10010775,LEVOTHYROXINE SODIUM,PRODUCT USED FOR UNKNOWN INDICATION,2,5
10010775,OXYCODONE,PAIN,2,5
10010775,POLYETHYLENE,PRODUCT USED FOR UNKNOWN INDICATION,2,5
10010775,SERTRALINE HYDROCHLORIDE,PRODUCT USED FOR UNKNOWN INDICATION,2,5
10010775,TEMAZEPAM,PRODUCT USED FOR UNKNOWN INDICATION,2,5
10010821,ALENDRONIC ACID,PROPHYLAXIS,1,Not Reported
10010821,ALENDRONIC ACID,JOINT INJURY,1,Not Reported
10010821,ADCAL-D3 (CALCIUM CARBONATE W/CHOLECALCIFEROL/SODIUM),Not Reported,2,Not Reported
10010821,AMITRIPTYLINE (AMITRIPTYLINE),Not Reported,2,Not Reported
10010821,AMLODIPINE (AMLODIPINE),Not Reported,2,Not Reported
10010821,NASACORT (TRIAMCINOLONE ACETONIDE),Not Reported,2,Not Reported
10010821,PARACETAMOL (PARACETAMOL),Not Reported,2,Not Reported
10010875,JANUVIA TABLETS 50MG,DIABETES MELLITUS,1,1
10010875,MICARDIS,HYPERTENSION,1,1
10010875,ASPIRIN,Not Reported,2,Not Reported
10010875,AMLODIPINE,HYPERTENSION,2,Not Reported
10010875,SORENTMIN (BROTIZOLAM),INSOMNIA,2,Not Reported
10010875,SERENACE,INSOMNIA,2,Not Reported
10010875,MAGMITT,CONSTIPATION,2,Not Reported
10010875,ALOSENN (SENNA),CONSTIPATION,2,Not Reported
10010875,PAROXETINE,DEPRESSION,2,Not Reported
10010900,ZYTIGA,PROSTATE CANCER,1,1
10010900,PREDNISOLONE,PROSTATE CANCER,1,1
10010900,AMLODIPINE,Not Reported,2,Not Reported
10010900,BENDROFLUMETHIAZIDE,Not Reported,2,Not Reported
10010900,ASPIRIN,Not Reported,2,Not Reported
10010900,MOVICOL,Not Reported,2,Not Reported
10010900,PARACETAMOL,Not Reported,2,Not Reported
10010900,SIMVASTATIN,Not Reported,2,Not Reported
10011222,OMEPRAZOLE,GASTROOESOPHAGEAL REFLUX DISEASE,1,Not Reported
10011222,METHOTREXATE,RHEUMATOID ARTHRITIS,1,Not Reported
10011222,AMLODIPINE,Not Reported,2,Not Reported
10011222,CALCICHEW D3,Not Reported,2,Not Reported
10011222,FOLIC ACID,Not Reported,2,Not Reported
10011527,KYNAMRO,TYPE IIA HYPERLIPIDAEMIA,1,5
10011527,AMLODIPINE/BENAZEPRIL,HYPERTENSION,2,Not Reported
10011527,OMEPRAZOLE,GASTROOESOPHAGEAL REFLUX DISEASE,2,Not Reported
10011527,VITAMIN D,VITAMIN D DEFICIENCY,2,Not Reported
10011562,AFINITOR,RENAL CELL CARCINOMA,1,Not Reported
10011562,DIOVAN,Not Reported,2,5
10011562,AMLODIPINE,Not Reported,2,5
10011569,ERLOTINIB,LUNG NEOPLASM MALIGNANT,1,Not Reported
10011569,METHADONE                          /00068902/,PAIN,2,Not Reported
10011569,OXYCODONE,PAIN,2,Not Reported
10011569,AMLODIPINE,PRODUCT USED FOR UNKNOWN INDICATION,2,Not Reported
10011663,AMLODIPINE (UNKNOWN),HYPERTENSION,1,1
10011721,AMLODIPINE BESILATE,HYPERTENSION,1,4
10011721,BISOPROLOL FUMARATE,HYPERTENSION,1,4
10011721,EPLERENONE,HYPERTENSION,1,4
10011721,FUROSEMIDE,HYPERTENSION,1,4
10011721,RAMIPRIL,HYPERTENSION,1,4
10011721,ALLOPURINOL,GOUT,1,4
10011721,COLCHICINE,Not Reported,2,Not Reported
10011721,LEVOTHYROXINE,Not Reported,2,Not Reported
10011822,DOXAZOSIN MESILATE,Not Reported,1,5
10011822,AMITRIPTYLINE HYDROCHLORIDE,Not Reported,2,Not Reported
10011822,ALENDRONIC ACID,Not Reported,2,Not Reported
10011822,AMLODIPINE,Not Reported,2,Not Reported
10011822,CALCEOS,Not Reported,2,Not Reported
10011822,FOSTER 100/6,Not Reported,2,Not Reported
10011822,HYPROMELLOSE,Not Reported,2,Not Reported
10011822,LACRI-LUBE,Not Reported,2,Not Reported
10011822,LANSOPRAZOLE,Not Reported,2,Not Reported
10011822,LATANOPROST,Not Reported,2,Not Reported
10011822,LEVOTHYROXINE,Not Reported,2,Not Reported
10011822,LOSARTAN,Not Reported,2,Not Reported
10011822,PARACETAMOL,Not Reported,2,Not Reported
10011822,SALBUTAMOL,Not Reported,2,Not Reported
10011822,SIMVASTATIN,Not Reported,2,Not Reported
10011828,CHAMPIX,SMOKING CESSATION THERAPY,1,1
10011828,AMLODIPINE BESILATE,Not Reported,2,Not Reported
10011907,DICLOFENAC (UNKNOWN),PAIN,1,1
10011907,AMLODIPINE,PRODUCT USED FOR UNKNOWN INDICATION,2,5
10011907,AZATHIOPRINE,CROHN^S DISEASE,2,5
10011907,CARBAMAZEPINE,EPILEPSY,2,5
10011907,TRAMADOL,PRODUCT USED FOR UNKNOWN INDICATION,2,1
10012021,AMLODIPINE ACTAVIS,PRODUCT USED FOR UNKNOWN INDICATION,1,1
10012021,CALCIPARINE,PRODUCT USED FOR UNKNOWN INDICATION,1,1
10012021,IMOVANE,PRODUCT USED FOR UNKNOWN INDICATION,2,4
10012021,AMIODARONE,PRODUCT USED FOR UNKNOWN INDICATION,2,4
10012021,PARACETAMOL,PRODUCT USED FOR UNKNOWN INDICATION,2,4
10012021,XARELTO,PRODUCT USED FOR UNKNOWN INDICATION,2,Not Reported
10012021,SEVIKAR,PRODUCT USED FOR UNKNOWN INDICATION,2,Not Reported
10012163,HYDROCHLOROTHIAZIDE,HYPERTENSION,1,5
10012163,AMLODIPINE,HYPERTENSION,1,5
10012163,FUROSEMIDE,HYPERTENSION,1,5
10012163,CLONIDINE,HYPERTENSION,1,5
10012163,BORTEZOMIB,Not Reported,1,2
10012163,DEXAMETHASONE,Not Reported,2,5
10012178,VOTRIENT 200MG,MALIGNANT FIBROUS HISTIOCYTOMA,1,1
10012178,AMLODIPINE,HYPERTENSION,2,Not Reported
10012208,OXYBUTYNIN,INCONTINENCE,1,Not Reported
10012208,AMLODIPINE,Not Reported,2,Not Reported
10012208,ENLAPRIL,Not Reported,2,Not Reported
10012208,WARFARIN,Not Reported,2,Not Reported
10012208,CEPHALEXIN,Not Reported,2,Not Reported
10012249,METHOTREXATE,RHEUMATOID ARTHRITIS,1,1
10012249,OMEPRAZOLE,GASTROOESOPHAGEAL REFLUX DISEASE,1,Not Reported
10012249,AMLODIPINE,Not Reported,2,Not Reported
10012249,CALCIUM CARBONATE,Not Reported,2,Not Reported
10012249,CHOLECALCIFEROL,Not Reported,2,Not Reported
10012249,VITAMIN D3,Not Reported,2,Not Reported
10012249,FOLIC ACID,Not Reported,2,Not Reported
10012451,LOSARTAN (UNKNOWN),PRODUCT USED FOR UNKNOWN INDICATION,1,1
10012451,AMLODIPINE,PRODUCT USED FOR UNKNOWN INDICATION,2,5
10012460,LEVOTHYROXINE SODIUM,HYPERTHYROIDISM,1,4
10012460,OLMESARTAN,HYPERTENSION,2,Not Reported
10012460,AMLODIPINE,HYPERTENSION,2,Not Reported
10012474,XELJANZ,RHEUMATOID ARTHRITIS,1,1
10012474,COUMADIN,Not Reported,2,Not Reported
10012474,AMLODIPINE,Not Reported,2,Not Reported
10012474,PREVACID,Not Reported,2,Not Reported
10012474,AMITIZA,Not Reported,2,Not Reported
10012474,SINGULAIR,Not Reported,2,Not Reported
10012474,BENEFIBER,Not Reported,2,Not Reported
10012482,ALENDRONIC ACID (UNKNOWN),JOINT INJURY,1,1
10012482,ADCAL D3,PRODUCT USED FOR UNKNOWN INDICATION,2,5
10012482,NASACORT,PRODUCT USED FOR UNKNOWN INDICATION,2,5
10012482,PARACETAMOL,PRODUCT USED FOR UNKNOWN INDICATION,2,5
10012482,AMLODIPINE,PRODUCT USED FOR UNKNOWN INDICATION,2,5
10012482,AMITRIPTYLINE,PRODUCT USED FOR UNKNOWN INDICATION,2,5
10012721,TELAPREVIR,HEPATITIS C,1,1
10012721,SOFOSBUVIR,HEPATITIS C,1,4
10012721,POTASSIUM,Not Reported,1,Not Reported
10012721,CELEBREX,ARTHRALGIA,2,Not Reported
10012721,PRILOSEC,GASTROOESOPHAGEAL REFLUX DISEASE,2,Not Reported
10012721,CALCIUM,OSTEOPENIA,2,Not Reported
10012721,VITAMIN B 12,NUTRITIONAL SUPPLEMENTATION,2,Not Reported
10012721,FLEXERIL,ARTHRALGIA,2,Not Reported
10012721,LEVOTHYROXINE,HYPOTHYROIDISM,2,Not Reported
10012721,LISINOPRIL,HYPERTENSION,2,Not Reported
10012721,ATIVAN,ANXIETY,2,Not Reported
10012721,EFFEXOR,DEPRESSION,2,Not Reported
10012721,AMBIEN,INSOMNIA,2,Not Reported
10012721,VITAMIN D,NUTRITIONAL SUPPLEMENTATION,2,Not Reported
10012721,AMLODIPINE,HYPERTENSION,2,Not Reported
10012721,PANTOPRAZOLE,PROPHYLAXIS,2,Not Reported
10012721,PANTOPRAZOLE,GASTROOESOPHAGEAL REFLUX DISEASE,2,Not Reported
10012738,AMLODIPINE BESILATE W/ OLMESARTAN MEDOXOMIL,HYPERTENSION,1,1
10012738,BELSAR,HYPERTENSION,1,1
10012764,ALPRAZOLAM,Not Reported,1,4
10012764,TRANSTEC,SCIATICA,1,1
10012764,DOGMATIL,Not Reported,1,4
10012764,SEROXAT,Not Reported,1,5
10012764,AMLODIPINE BESILATE,Not Reported,2,Not Reported
10012764,SOTAHEXAL,Not Reported,2,Not Reported
10012764,TEBOFORTAN,Not Reported,2,Not Reported
10012764,THROMBO ASS,Not Reported,2,Not Reported
10012764,VERTIROSAN,Not Reported,2,Not Reported
10012764,AMARYL,Not Reported,2,Not Reported
10012764,ACEMIN,Not Reported,2,Not Reported
10012764,HYLO COMOD,Not Reported,2,Not Reported
10012764,FURADANTIN,URINARY TRACT INFECTION,2,Not Reported
10012765,PREGABALIN,NEURALGIA,1,1
10012765,AMITRIPTYLINE,Not Reported,1,1
10012765,ALENDRONIC ACID,Not Reported,2,Not Reported
10012765,AMLODIPINE,Not Reported,2,Not Reported
10012765,ASPIRIN,Not Reported,2,Not Reported
10012765,BISOPROLOL,Not Reported,2,Not Reported
10012765,HYDROXYZINE,Not Reported,2,Not Reported
10012765,LAXIDO,Not Reported,2,Not Reported
10012765,LEVOTHYROXINE,Not Reported,2,Not Reported
10012765,OMEPRAZOLE,Not Reported,2,Not Reported
10012765,SENNA,Not Reported,2,Not Reported
10012765,SIMVASTATIN,Not Reported,2,Not Reported
10012836,OXYTROL FOR WOMEN,HYPERTONIC BLADDER,1,Not Reported
10012836,OXYTROL FOR WOMEN,Not Reported,1,Not Reported
10012836,LISINOPRIL,HYPERTENSION,2,5
10012836,AMLODIPINE,HYPERTENSION,2,5
10012896,PIOGLITAZONE,TYPE 2 DIABETES MELLITUS,1,4
10012896,BLOPRESS TABLETS 4,Not Reported,2,Not Reported
10012896,HUMALOG,TYPE 2 DIABETES MELLITUS,2,Not Reported
10012896,HUMALOG,Not Reported,2,Not Reported
10012896,LANTUS,TYPE 2 DIABETES MELLITUS,2,Not Reported
10012896,LANTUS,Not Reported,2,Not Reported
10012896,METGLUCO,TYPE 2 DIABETES MELLITUS,2,Not Reported
10012896,DIART,Not Reported,2,Not Reported
10012896,LIPITOR,Not Reported,2,Not Reported
10012896,AMLODIPINE  OD                        /00972402/,Not Reported,2,Not Reported
10012925,EMTRICITABINE/RILPIVIRINE/TENOFOVIR DF,HIV INFECTION,1,4
10012925,AMLODIPINE,HYPERTENSION,2,Not Reported
10012925,CETIRIZINE,RASH,2,Not Reported
10013023,HUMIRA,COLITIS ULCERATIVE,1,4
10013023,HUMIRA,CROHN^S DISEASE,1,4
10013023,BABY ASPIRIN,PRODUCT USED FOR UNKNOWN INDICATION,2,Not Reported
10013023,QUINAPRIL,PRODUCT USED FOR UNKNOWN INDICATION,2,Not Reported
10013023,IMODIUM,PRODUCT USED FOR UNKNOWN INDICATION,2,Not Reported
10013023,PRAVASTATIN,PRODUCT USED FOR UNKNOWN INDICATION,2,Not Reported
10013023,CITALOPRAM,PRODUCT USED FOR UNKNOWN INDICATION,2,Not Reported
10013023,AMLODIPINE,PRODUCT USED FOR UNKNOWN INDICATION,2,Not Reported
10013023,ATENOLOL,PRODUCT USED FOR UNKNOWN INDICATION,2,Not Reported
10013023,OMEPRAZOLE,PRODUCT USED FOR UNKNOWN INDICATION,2,Not Reported
10013023,MULTIVITAMIN,PRODUCT USED FOR UNKNOWN INDICATION,2,Not Reported
10013023,CLARITIN,SEASONAL ALLERGY,2,Not Reported
10013023,VITAMIN B 12,PRODUCT USED FOR UNKNOWN INDICATION,2,Not Reported
10013023,CALCIUM,PRODUCT USED FOR UNKNOWN INDICATION,2,Not Reported
10013023,LORAZEPAM,PRODUCT USED FOR UNKNOWN INDICATION,2,Not Reported
10013039,HALOPERIDOL,AGITATION,1,Not Reported
10013039,AMLODIPINE,Not Reported,2,Not Reported
10013039,ASPIRIN,Not Reported,2,Not Reported
10013039,BISOPROLOL,Not Reported,2,Not Reported
10013039,DONEPEZIL,Not Reported,2,Not Reported
10013039,FERROUS FUMARATE,Not Reported,2,Not Reported
10013039,MOXONIDINE,Not Reported,2,Not Reported
10013136,HUMIRA,PSORIASIS,1,1
10013136,HUMIRA,PSORIATIC ARTHROPATHY,1,1
10013136,METHOTREXAT,PRODUCT USED FOR UNKNOWN INDICATION,1,Not Reported
10013136,FOLIC ACID,PRODUCT USED FOR UNKNOWN INDICATION,2,Not Reported
10013136,AMLODIPINE,PRODUCT USED FOR UNKNOWN INDICATION,2,Not Reported
10013136,NEBILET,PRODUCT USED FOR UNKNOWN INDICATION,2,Not Reported
10013136,INDAPEN,PRODUCT USED FOR UNKNOWN INDICATION,2,Not Reported
10013202,DIANEAL LOW CALCIUM (ULTRABAG),PERITONEAL DIALYSIS,1,Not Reported
10013202,DIANEAL LOW CALCIUM (ULTRABAG),Not Reported,1,Not Reported
10013202,AMLODIPINE,HYPERTENSION,2,Not Reported
10013202,COREG,HYPERTENSION,2,Not Reported
10013202,CLONIDINE,HYPERTENSION,2,Not Reported
10013202,CLONIDINE,Not Reported,2,Not Reported
10013202,DIOVAN,HYPERTENSION,2,Not Reported
10013202,DIOVAN,Not Reported,2,Not Reported
10013202,HYDRALAZINE,HYPERTENSION,2,Not Reported
10013202,HYDRALAZINE,Not Reported,2,Not Reported
10013202,LOSARTAN,HYPERTENSION,2,Not Reported
10013202,LOSARTAN,Not Reported,2,Not Reported
10013329,LYRICA,Not Reported,1,Not Reported
10013329,MELOXICAM,Not Reported,2,Not Reported
10013329,LEVOTHYROXINE,Not Reported,2,Not Reported
10013329,AMLODIPINE,Not Reported,2,Not Reported
10013329,HYDROCHLOROTHIAZIDE,Not Reported,2,Not Reported
10013329,CYMBALTA,Not Reported,2,Not Reported
10013329,METOPROLOL,Not Reported,2,Not Reported
10013329,SIMVASTATIN,Not Reported,2,Not Reported
10013329,RANITIDINE,Not Reported,2,Not Reported
10013368,SPIRIVA,EMPHYSEMA,1,4
10013368,AMLODIPINE,HYPERTENSION,2,Not Reported
10013368,DESIPRAMINE,ANXIETY,2,Not Reported
10013368,CITALOPRAM,ANXIETY,2,Not Reported
10013368,VENLAFAXINE ER,ANXIETY,2,Not Reported
10013398,XELJANZ,RHEUMATOID ARTHRITIS,1,5
10013398,NOVOLOG INSULIN,Not Reported,2,Not Reported
10013398,LEVOTHYROXIN,Not Reported,2,Not Reported
10013398,FOLIC ACID,Not Reported,2,Not Reported
10013398,METHOTREXATE,Not Reported,2,Not Reported
10013398,DOXYCYCLINE,Not Reported,2,Not Reported
10013398,AMLODIPINE,Not Reported,2,Not Reported
10013398,VITAMIN D3,Not Reported,2,Not Reported
10013505,AZD6140,CORONARY ARTERY DISEASE,1,4
10013505,AMLODIPINE,HYPERTENSION,2,Not Reported
10013505,GLUCOTROL XL,TYPE 2 DIABETES MELLITUS,2,Not Reported
10013505,COZAAR,HYPERTENSION,2,Not Reported
10013505,COREG,HYPERTENSION,2,Not Reported
10013505,LIPITOR,HYPERLIPIDAEMIA,2,Not Reported
10013505,TEKTURNA,HYPERTENSION,2,Not Reported
10013505,CHLORTHALIDONE.,HYPERTENSION,2,Not Reported
10013505,METFORMIN,TYPE 2 DIABETES MELLITUS,2,Not Reported
10013505,ZETIA,HYPERLIPIDAEMIA,2,Not Reported
10013505,LANTUS,TYPE 2 DIABETES MELLITUS,2,Not Reported
10013505,ASA,Not Reported,2,Not Reported
10013505,IMDUR,HYPERTENSION,2,Not Reported
10013516,PENICILLIN V                       /00001801/,PROPHYLAXIS,2,Not Reported
10013516,CORTICOSTEROID NOS,PRODUCT USED FOR UNKNOWN INDICATION,2,Not Reported
10013516,ADOPORT,RENAL TRANSPLANT,2,Not Reported
10013516,AMLODIPINE,HYPERTENSION,2,Not Reported
10013516,RAMIPRIL.,HYPERTENSION,2,Not Reported
10013516,SOLIRIS,HAEMOLYTIC URAEMIC SYNDROME,1,4
10013516,DOXAZOSIN,HYPERTENSION,2,Not Reported
10013516,FRUSEMIDE                          /00032601/,HYPERTENSION,2,Not Reported
10013516,PREDNISOLONE.,RENAL TRANSPLANT,2,Not Reported
10013516,ALFACALCIDOL,PARATHYROIDECTOMY,2,Not Reported
10013516,PREDNISOLONE.,PROPHYLAXIS,2,Not Reported
10013516,RANITIDINE,PROPHYLAXIS,2,Not Reported
10013516,VALGANCICLOVIR,RENAL TRANSPLANT,2,Not Reported
10013658,SPIRIVA,CHRONIC OBSTRUCTIVE PULMONARY DISEASE,1,4
10013658,SYMBICORT,CHRONIC OBSTRUCTIVE PULMONARY DISEASE,2,Not Reported
10013658,LISINOPRIL,HYPERTENSION,2,Not Reported
10013658,AMLODIPINE,HYPERTENSION,2,Not Reported
10013658,METOPROLOL ER,HYPERTENSION,2,Not Reported
10013697,OMNISCAN,MUSCULOSKELETAL STIFFNESS,1,Not Reported
10013697,OMNISCAN,PAIN,1,Not Reported
10013697,OMNISCAN,EXTRADURAL ABSCESS,1,Not Reported
10013697,GADOLINIUM (UNSPECIFIED),SPINAL DISORDER,1,Not Reported
10013697,MAGNEVIST,BACK PAIN,1,Not Reported
10013697,MAGNEVIST,PAIN IN EXTREMITY,1,Not Reported
10013697,MAGNEVIST,MUSCLE SPASMS,1,Not Reported
10013697,MAGNEVIST,TREMOR,1,Not Reported
10013697,AMLODIPINE,Not Reported,2,Not Reported
10013697,EPOGEN,Not Reported,2,Not Reported
10013697,PROPANOLOL,Not Reported,2,Not Reported
10013697,LABETALOL,Not Reported,2,Not Reported
10013697,NORTRIPTYLINE,Not Reported,2,Not Reported
10013697,CALCIUM ACETATE,Not Reported,2,Not Reported
10013697,CLONAZEPAM,Not Reported,2,Not Reported
10013697,FEXOFENADINE,Not Reported,2,Not Reported
10013697,TEMAZEPAM,Not Reported,2,Not Reported
10013697,QUININE SULFATE,Not Reported,2,Not Reported
10013697,CALCITRIOL,Not Reported,2,Not Reported
10013697,SINEMET,Not Reported,2,Not Reported
10013697,ARANESP,Not Reported,2,Not Reported
10013697,IRON,Not Reported,2,Not Reported
10013697,RENAGEL,Not Reported,2,Not Reported
10013698,BAYER CHEWABLE LOW DOSE BABY ASPIRIN TABLET ORANGE,ISCHAEMIC HEART DISEASE PROPHYLAXIS,1,1
10013698,BAYER CHEWABLE LOW DOSE BABY ASPIRIN TABLET ORANGE,INFLAMMATION,1,1
10013698,BAYER CHEWABLE LOW DOSE BABY ASPIRIN TABLET CHERRY,ISCHAEMIC HEART DISEASE PROPHYLAXIS,1,Not Reported
10013698,BAYER CHEWABLE LOW DOSE BABY ASPIRIN TABLET CHERRY,INFLAMMATION,1,Not Reported
10013698,BAYER GENUINE ASPIRIN ORIGINAL STRENGTH,Not Reported,1,Not Reported
10013698,ZYRTEC,Not Reported,2,Not Reported
10013698,OMEPRAZOLE,Not Reported,2,Not Reported
10013698,VITAMIN D,Not Reported,2,Not Reported
10013698,DIAZIDE,Not Reported,2,Not Reported
10013698,AMLODIPINE,Not Reported,2,Not Reported
10013698,CETIRIZINE,Not Reported,2,Not Reported
10013698,FAMOTIDINE,Not Reported,2,Not Reported
10013698,HYDROCHLOROTHIAZIDE,Not Reported,2,Not Reported
10013698,POTASSIUM CHLORIDE,Not Reported,2,Not Reported
10013698,WARFARIN,Not Reported,2,Not Reported
10013698,FOLIC ACID,Not Reported,2,Not Reported
10013698,FISH OIL,Not Reported,2,Not Reported
10013698,VITAMIN B COMPLEX,Not Reported,2,Not Reported
10013915,PEGINTRON,HEPATITIS C,1,4
10013915,REBETOL,HEPATITIS C,1,4
10013915,SOVALDI,Not Reported,2,Not Reported
10013915,CREON (PANCRELIPASE),Not Reported,2,Not Reported
10013915,HYDROCODONE,Not Reported,2,Not Reported
10013915,AMLODIPINE BESYLATE,Not Reported,2,Not Reported
10014010,HALOPERIDOL,AGITATION,1,1
10014010,ASPIRIN,Not Reported,2,Not Reported
10014010,MOXONIDINE,Not Reported,2,Not Reported
10014010,DONEPEZIL,Not Reported,2,Not Reported
10014010,FERROUS FUMARATE,Not Reported,2,Not Reported
10014010,AMLODIPINE,Not Reported,2,Not Reported
10014010,BISOPROLOL,Not Reported,2,Not Reported
10014038,BACLOFEN INTRATHECAL,MUSCLE SPASTICITY,1,4
10014038,BACLOFEN,Not Reported,1,5
10014038,AMLODIPINE BESYLATE,Not Reported,1,5
10014038,NITROFURANTOIN,Not Reported,1,5
10014038,OMEPRAZOLE,Not Reported,1,5
10014038,CLONIDINE,Not Reported,1,4
10014038,SYNTHROID,Not Reported,1,5
10014038,MACRODANTIN,Not Reported,1,5
10014038,MULTI-VIT,Not Reported,1,5
10014038,CRANBERRY,Not Reported,1,5
10014038,VITAMIN C,Not Reported,1,5
10014038,HYDROCODONE/ACETAMINOPHEN          /01554201/,Not Reported,1,5
10014038,ACIDOPHILUS,Not Reported,1,5
10014038,MILK OF MAGNESIA,Not Reported,1,5
10014038,VITAMIN D3,Not Reported,1,5
10014038,OXYBUTYNIN CHLORIDE,Not Reported,1,5
10014038,TROSPIUM CHLORIDE,Not Reported,1,5
10014058,NEULASTA,PROPHYLAXIS,1,5
10014058,CUSTIRSEN,LUNG NEOPLASM MALIGNANT,1,Not Reported
10014058,DOCETAXEL,LUNG NEOPLASM MALIGNANT,1,Not Reported
10014058,AMLODIPINE,HYPERTENSION,2,Not Reported
10014058,DOCUSATE,CONSTIPATION PROPHYLAXIS,2,Not Reported
10014058,PERCOCET                           /00867901/,CHEST PAIN,2,Not Reported
10014058,FAMOTIDINE,DYSPEPSIA,2,Not Reported
10014058,FAMOTIDINE,GASTROOESOPHAGEAL REFLUX DISEASE,2,Not Reported
10014058,COMPAZINE                          /00013304/,PROPHYLAXIS OF NAUSEA AND VOMITING,2,Not Reported
10014058,ZOFRAN                             /00955301/,PROPHYLAXIS OF NAUSEA AND VOMITING,2,Not Reported
10014058,ZOFRAN                             /00955301/,Not Reported,2,Not Reported
10014058,IBUPROFEN,PROPHYLAXIS,2,Not Reported
10014058,DECADRON                           /00016001/,PROPHYLAXIS,2,Not Reported
10014058,BENADRYL                           /00000402/,PROPHYLAXIS,2,Not Reported
10014058,INFED,IRON DEFICIENCY ANAEMIA,2,Not Reported
10014058,TYLENOL                            /00020001/,PROPHYLAXIS,2,Not Reported
10014058,DIFLUCAN,CANDIDA INFECTION,2,Not Reported
10014058,INFLUENZA VACCINE,PROPHYLAXIS,2,Not Reported
10014058,MORPHINE,PAIN,2,Not Reported
10014058,MORPHINE,Not Reported,2,Not Reported
10014058,TAMIFLU,INFLUENZA,2,Not Reported
10014058,PIPERACILLIN,INFECTION PROPHYLAXIS,2,Not Reported
10014058,VANCOMYCIN,INFECTION PROPHYLAXIS,2,Not Reported
10014058,VANCOMYCIN,Not Reported,2,Not Reported
10014058,AMBIEN,INSOMNIA,2,Not Reported
10014058,OXYCODONE,PAIN,2,Not Reported
10014058,POTASSIUM CHLORIDE,HYPOKALAEMIA,2,Not Reported
10014264,TECFIDERA,MULTIPLE SCLEROSIS,1,4
10014264,AMLODIPINE BESYLATE,PRODUCT USED FOR UNKNOWN INDICATION,2,Not Reported
10014264,CARVEDILOL,PRODUCT USED FOR UNKNOWN INDICATION,2,Not Reported
10014264,GABAPENTIN,PRODUCT USED FOR UNKNOWN INDICATION,2,Not Reported
10014264,IBUPROFEN,PRODUCT USED FOR UNKNOWN INDICATION,2,Not Reported
10014264,LASIX,PRODUCT USED FOR UNKNOWN INDICATION,2,Not Reported
10014264,LISINOPRIL,PRODUCT USED FOR UNKNOWN INDICATION,2,Not Reported
10014264,METFORMIN HCL,PRODUCT USED FOR UNKNOWN INDICATION,2,Not Reported
10014264,SIMVASTATIN,PRODUCT USED FOR UNKNOWN INDICATION,2,Not Reported
10014264,TRAZODONE HCL,PRODUCT USED FOR UNKNOWN INDICATION,2,Not Reported
10014411,ELIQUIS,CEREBROVASCULAR ACCIDENT,1,Not Reported
10014411,BENICAR,Not Reported,2,Not Reported
10014411,LASIX,Not Reported,2,Not Reported
10014411,AMLODIPINE,Not Reported,2,Not Reported
10014411,JANUVIA,Not Reported,2,Not Reported
10014431,EPIRUBICIN,HEPATOCELLULAR CARCINOMA,1,Not Reported
10014431,COLCHICINE,GOUT,2,5
10014431,TRAMADOL,Not Reported,2,5
10014431,"SALBUTAMOL, IPRATROPIUM BROMIDE",Not Reported,2,5
10014431,OMEPRAZOLE,Not Reported,2,5
10014431,AMLODIPINE,Not Reported,2,5
10014434,USTEKINUMAB,PSORIASIS,1,5
10014434,BENDROFLUAZIDE,Not Reported,2,Not Reported
10014434,HYDROXYZINE,Not Reported,2,Not Reported
10014434,LANSOPRAZOLE,Not Reported,2,Not Reported
10014434,PARACETAMOL,Not Reported,2,Not Reported
10014434,ACITRETIN,Not Reported,2,Not Reported
10014434,RAMIPRIL,Not Reported,2,Not Reported
10014434,AMLODIPINE,Not Reported,2,Not Reported
10014434,METFORMIN,Not Reported,2,Not Reported
10014434,SIMVASTATIN,Not Reported,2,Not Reported
10014435,XARELTO,CEREBROVASCULAR ACCIDENT PROPHYLAXIS,1,1
10014435,XARELTO,ATRIAL FIBRILLATION,1,1
10014435,AMLODIPINE,Not Reported,2,Not Reported
10014435,DIOVAN HCT,Not Reported,2,Not Reported
10014435,KEFLEX,Not Reported,2,Not Reported
10014446,REMICADE,CROHN^S DISEASE,1,1
10014446,SYNTHROID,Not Reported,2,Not Reported
10014446,MAVIK,Not Reported,2,Not Reported
10014446,METOPROLOL,Not Reported,2,Not Reported
10014446,AMLODIPINE,Not Reported,2,Not Reported
10014446,PANTOPRAZOLE,Not Reported,2,Not Reported
10014446,HYDROXYUREA,Not Reported,2,Not Reported
10014446,ANAGRELIDE,Not Reported,2,Not Reported
10014446,ASPIRIN,Not Reported,2,Not Reported
10014511,LUPRON DEPOT,PROSTATE CANCER,1,1
10014511,FERROUS SULFATE,PRODUCT USED FOR UNKNOWN INDICATION,2,Not Reported
10014511,POLYSACCHARIDE-IRON COMPLEX,PRODUCT USED FOR UNKNOWN INDICATION,2,Not Reported
10014511,AMLODIPINE,PRODUCT USED FOR UNKNOWN INDICATION,2,Not Reported
10014511,ALIGN,PRODUCT USED FOR UNKNOWN INDICATION,2,Not Reported
10014511,METFORMIN,PRODUCT USED FOR UNKNOWN INDICATION,2,Not Reported
10014511,LIPOFLAVONOID,PRODUCT USED FOR UNKNOWN INDICATION,2,Not Reported
10014511,PRENATAL PLUS,PRODUCT USED FOR UNKNOWN INDICATION,2,Not Reported
10014511,VITAMIN B1,PRODUCT USED FOR UNKNOWN INDICATION,2,Not Reported
10014511,ASPIRIN,PRODUCT USED FOR UNKNOWN INDICATION,2,Not Reported
10014511,CALCIUM,PRODUCT USED FOR UNKNOWN INDICATION,2,Not Reported
10014511,LASIX,PRODUCT USED FOR UNKNOWN INDICATION,2,Not Reported
10014511,GLYBURIDE,PRODUCT USED FOR UNKNOWN INDICATION,2,Not Reported
10014511,LISINOPRIL,PRODUCT USED FOR UNKNOWN INDICATION,2,Not Reported
10014511,METOPROLOL,PRODUCT USED FOR UNKNOWN INDICATION,2,Not Reported
10014511,POTASSIUM CHLORIDE,PRODUCT USED FOR UNKNOWN INDICATION,2,Not Reported
10014511,SIMVASTATIN,PRODUCT USED FOR UNKNOWN INDICATION,2,Not Reported
10014591,BAYER GENUINE ASPIRIN ORIGINAL STRENGTH,ISCHAEMIC HEART DISEASE PROPHYLAXIS,1,4
10014591,BENAZEPRIL,Not Reported,2,Not Reported
10014591,AMLODIPINE,Not Reported,2,Not Reported
10014591,ETODOLAC,Not Reported,2,Not Reported
10014591,GLYBURIDE,Not Reported,2,Not Reported
10014591,METFORMIN,Not Reported,2,Not Reported
10014591,PRAVASTATIN,Not Reported,2,Not Reported
10014591,ATENOLOL,Not Reported,2,Not Reported
10014622,AMLODIPINE,PRODUCT USED FOR UNKNOWN INDICATION,2,Not Reported
10014622,FOSALAN,PRODUCT USED FOR UNKNOWN INDICATION,2,Not Reported
10014622,TRITACE,PRODUCT USED FOR UNKNOWN INDICATION,2,Not Reported
10014622,NORMITEN,PRODUCT USED FOR UNKNOWN INDICATION,2,Not Reported
10014622,TAVANIC,PRODUCT USED FOR UNKNOWN INDICATION,2,Not Reported
10014622,NORADRENALILN,PRODUCT USED FOR UNKNOWN INDICATION,2,Not Reported
10014622,LIPITOR,PRODUCT USED FOR UNKNOWN INDICATION,2,Not Reported
10014622,DEXAMETHASONE.,PLASMA CELL MYELOMA,1,1
10014622,ASPIRINE,PRODUCT USED FOR UNKNOWN INDICATION,2,Not Reported
10014622,ROCEPHIN,PRODUCT USED FOR UNKNOWN INDICATION,2,Not Reported
10014622,REVLIMID,PLASMA CELL MYELOMA,1,1
10014622,DISOTHIAZIDE,PRODUCT USED FOR UNKNOWN INDICATION,2,Not Reported
10014622,SEPTRIN,PRODUCT USED FOR UNKNOWN INDICATION,2,Not Reported
10014622,NITRIC OXIDE.,PRODUCT USED FOR UNKNOWN INDICATION,2,Not Reported
10014650,CELEBREX,ARTHRITIS,1,4
10014650,FELODIPINE,HYPERTENSION,2,Not Reported
10014650,AMLODIPINE,HYPERTENSION,2,Not Reported
10014650,LISINOPRIL,HYPERTENSION,2,Not Reported
10014714,REVLIMID,PLASMA CELL MYELOMA,1,4
10014714,REVLIMID,Not Reported,1,4
10014714,ISOSORBIDE MONO ER,BONE PAIN,2,Not Reported
10014714,ACYCLOVIR,ANTIVIRAL PROPHYLAXIS,2,Not Reported
10014714,ZOLPIDEM,PRODUCT USED FOR UNKNOWN INDICATION,2,Not Reported
10014714,AMLODIPINE,PRODUCT USED FOR UNKNOWN INDICATION,2,Not Reported
10014714,VIAGRA,PRODUCT USED FOR UNKNOWN INDICATION,2,Not Reported
10014714,OXYCODONE,PRODUCT USED FOR UNKNOWN INDICATION,2,Not Reported
10014714,PLAVIX,PRODUCT USED FOR UNKNOWN INDICATION,2,Not Reported
10014728,HYZAAR,HYPERTENSION,1,1
10014728,AMLODIPINE,Not Reported,2,Not Reported
10014728,ROSUVASTATIN CALCIUM,Not Reported,2,Not Reported
10015022,COUMADIN,Not Reported,2,1
10015022,FUROSEMIDE.,Not Reported,2,Not Reported
10015022,LISINOPRIL.,Not Reported,2,Not Reported
10015022,TIMOLOL.,Not Reported,2,Not Reported
10015022,OXYCODONE,Not Reported,2,Not Reported
10015022,AMLODIPINE,Not Reported,2,Not Reported
10015022,DETROL,Not Reported,2,Not Reported
10015022,VITAMIN D,Not Reported,2,Not Reported
10015022,TRACLEER,PULMONARY ARTERIAL HYPERTENSION,1,4
10015022,GABAPENTIN.,Not Reported,2,Not Reported
10015022,NEXIUM,Not Reported,2,Not Reported
10015022,METHIMAZOLE.,Not Reported,2,Not Reported
10015055,OLANZAPINE,FEELING ABNORMAL,1,5
10015055,WELLBUTRIN,Not Reported,1,Not Reported
10015055,REMERON,Not Reported,1,Not Reported
10015055,CARVEDILOL,HYPERTENSION,2,Not Reported
10015055,AMLODIPINE BESYLATE,Not Reported,2,Not Reported
10015105,DOXAZOSIN MESILATE,Not Reported,1,5
10015105,AMLODIPINE BESILATE,Not Reported,1,5
10015208,LYRICA,SPINAL COLUMN STENOSIS,1,5
10015208,LYRICA,NEUROPATHY PERIPHERAL,1,5
10015208,LYRICA,Not Reported,1,5
10015208,IRBESARTAN,HYPERTENSION,2,Not Reported
10015208,AMLODIPINE,HYPERTENSION,2,Not Reported
10015272,AMLODIPINE BESILATE,Not Reported,1,5
10015296,SUTENT,RENAL CELL CARCINOMA,1,4
10015296,METFORMIN,Not Reported,2,Not Reported
10015296,ENALAPRIL,Not Reported,2,Not Reported
10015296,ATENOLOL,Not Reported,2,Not Reported
10015296,JANUVIA,Not Reported,2,Not Reported
10015296,LOVASTATIN,Not Reported,2,Not Reported
10015296,D3,Not Reported,2,Not Reported
10015296,AMLODIPINE,Not Reported,2,Not Reported
10015296,MAGNESIUM,Not Reported,2,Not Reported
10015296,ASPIRIN,Not Reported,2,Not Reported
10015320,XELJANZ,RHEUMATOID ARTHRITIS,1,5
10015320,AMLODIPINE,BLOOD PRESSURE INCREASED,2,Not Reported
10015335,HUMIRA,RHEUMATOID ARTHRITIS,1,5
10015335,GABAPENTIN,PRODUCT USED FOR UNKNOWN INDICATION,2,Not Reported
10015335,AMITRIPTYLINE,PRODUCT USED FOR UNKNOWN INDICATION,2,Not Reported
10015335,METHOTREXATE,PRODUCT USED FOR UNKNOWN INDICATION,2,Not Reported
10015335,AMLODIPINE BESYLATE,PRODUCT USED FOR UNKNOWN INDICATION,2,Not Reported
10015335,LEVOTHYROXINE SODIUM,PRODUCT USED FOR UNKNOWN INDICATION,2,Not Reported
10015335,LISINOPRIL-HYDROCHLOROTHIAZIDE,PRODUCT USED FOR UNKNOWN INDICATION,2,Not Reported
10015335,PROCRIT,PRODUCT USED FOR UNKNOWN INDICATION,2,Not Reported
10015335,MULTI-VITAMIN/IRON,PRODUCT USED FOR UNKNOWN INDICATION,2,Not Reported
10015335,OMEPRAZOLE,PRODUCT USED FOR UNKNOWN INDICATION,2,Not Reported
10015335,SERTRALINE HCL,PRODUCT USED FOR UNKNOWN INDICATION,2,Not Reported
10015344,CELEBREX,ARTHRALGIA,1,1
10015344,CELEBREX,ROTATOR CUFF SYNDROME,3,1
10015344,ENALAPRIL,HYPERTENSION,3,5
10015344,AMLODIPINE,BLOOD PRESSURE ABNORMAL,2,Not Reported
10015344,LIPITOR,Not Reported,2,Not Reported
10015344,PLAVIX,BLOOD DISORDER,2,Not Reported
10015344,METOPROLOL,BLOOD PRESSURE ABNORMAL,2,Not Reported
10015379,METOPROLOL,Not Reported,2,Not Reported
10015379,DIGOXIN.,Not Reported,2,Not Reported
10015379,AMIODARONE,Not Reported,2,Not Reported
10015379,VITAMIN E,Not Reported,2,Not Reported
10015379,COUMADIN,Not Reported,2,Not Reported
10015379,COREG,Not Reported,2,Not Reported
10015379,PLAVIX,STENT PLACEMENT,1,4
10015379,LIPITOR,Not Reported,2,Not Reported
10015379,CIPRO,Not Reported,2,Not Reported
10015379,MAALOX ANTACID,Not Reported,2,Not Reported
10015379,INEXIUM,Not Reported,2,Not Reported
10015379,AMARYL,Not Reported,2,Not Reported
10015379,CALCIUM,Not Reported,2,Not Reported
10015379,FERROUS SULFATE,Not Reported,2,Not Reported
10015379,PIOGLITAZONE,Not Reported,2,Not Reported
10015379,METFORMIN,Not Reported,2,Not Reported
10015379,NORVASC,Not Reported,2,Not Reported
10015379,AMLODIPINE,Not Reported,2,Not Reported
10015379,VICODIN,Not Reported,2,Not Reported
10015379,DIGITEK,Not Reported,2,Not Reported
10015379,PROTONIX,Not Reported,2,Not Reported
10015379,ZOCOR,Not Reported,2,Not Reported
10015379,VITAMINS NOS,Not Reported,2,Not Reported
10015379,PLAVIX,MYOCARDIAL INFARCTION,1,4
10015379,VITAMIN B12,Not Reported,2,Not Reported
10015462,TOBI,PSEUDOMONAS INFECTION,1,5
10015462,VITAMIN A,PRODUCT USED FOR UNKNOWN INDICATION,2,5
10015462,TOBRAMYCIN.,PSEUDOMONAS INFECTION,1,5
10015462,VITAMIN D,PRODUCT USED FOR UNKNOWN INDICATION,2,5
10015462,THYROID ^CHOAY^,HYPOTHYROIDISM,2,5
10015462,AMLODIPINE,PRODUCT USED FOR UNKNOWN INDICATION,2,5
10015462,TOBI,Not Reported,1,5
10015462,TOBI,BRONCHIECTASIS,1,5
10015462,TOBRAMYCIN.,BRONCHIECTASIS,1,5
10015475,SIMVASTATIN,HYPERCHOLESTEROLAEMIA,1,1
10015475,AMLODIPINE,Not Reported,2,5
10015475,INDAPAMIDE,Not Reported,2,5
10015475,METFORMIN,Not Reported,2,5
10015475,PERINDOPRIL,Not Reported,2,5
10015475,TAMSULOSIN,Not Reported,2,5
10015485,DOXAZOSIN,Not Reported,1,5
10015485,ALENDRONIC ACID,Not Reported,2,5
10015485,AMITRIPTYLINE HYDROCHLORIDE,Not Reported,2,5
10015485,AMLODIPINE,Not Reported,2,5
10015485,CALCEOS,Not Reported,2,5
10015485,FOSTAIR,Not Reported,2,5
10015485,HYPROMELLOSE,Not Reported,2,5
10015485,LACRI-LUBE,Not Reported,2,5
10015485,LANSOPRAZOLE,Not Reported,2,5
10015485,LATANOPROST,Not Reported,2,5
10015485,LEVOTHYROXINE,Not Reported,2,5
10015485,LOSARTAN,Not Reported,2,5
10015485,PARACETAMOL,Not Reported,2,5
10015485,SALBUTAMOL,Not Reported,2,5
10015485,SIMVASTATIN,Not Reported,2,5
10015650,VERAPAMIL HCL SR,PRODUCT USED FOR UNKNOWN INDICATION,1,5
10015650,FLUOXETINE,PRODUCT USED FOR UNKNOWN INDICATION,1,5
10015650,CARBAMAZEPINE SR,PRODUCT USED FOR UNKNOWN INDICATION,1,5
10015650,ALCOHOL,PRODUCT USED FOR UNKNOWN INDICATION,1,5
10015650,OXYCODONE SR,PRODUCT USED FOR UNKNOWN INDICATION,1,5
10015650,AMLODIPINE,PRODUCT USED FOR UNKNOWN INDICATION,1,5
10015650,VALSARTAN,PRODUCT USED FOR UNKNOWN INDICATION,1,5
10015650,METFORMIN,PRODUCT USED FOR UNKNOWN INDICATION,1,5
10015650,TRAZODONE,PRODUCT USED FOR UNKNOWN INDICATION,1,5
10015675,LYRICA,FIBROMYALGIA,1,Not Reported
10015675,LYRICA,DIABETIC NEUROPATHY,1,Not Reported
10015675,AMLODIPINE,HYPERTENSION,2,Not Reported
10015675,METFORMIN,DIABETES MELLITUS,2,Not Reported
10015675,LEVOTHYROXINE,THYROID DISORDER,2,Not Reported
10015690,AMLODIPINE BESILATE,HYPERTENSION,1,5
10015695,GABAPENTIN,Not Reported,1,1
10015695,IRBESARTAN,HYPERTENSION,2,Not Reported
10015695,AMLODIPINE,HYPERTENSION,2,Not Reported
10015777,POMALYST,PLASMA CELL MYELOMA,1,1
10015777,POMALYST,Not Reported,1,1
10015777,DEXAMETHASONE,PRODUCT USED FOR UNKNOWN INDICATION,2,Not Reported
10015777,DEXAMETHASONE,Not Reported,2,Not Reported
10015777,ASPIRIN,PRODUCT USED FOR UNKNOWN INDICATION,2,Not Reported
10015777,MORPHINE,PRODUCT USED FOR UNKNOWN INDICATION,2,Not Reported
10015777,KYPROLIS,PRODUCT USED FOR UNKNOWN INDICATION,2,Not Reported
10015777,VESICARE,PRODUCT USED FOR UNKNOWN INDICATION,2,Not Reported
10015777,PRILOSEC,PRODUCT USED FOR UNKNOWN INDICATION,2,Not Reported
10015777,TOPROL XL,PRODUCT USED FOR UNKNOWN INDICATION,2,Not Reported
10015777,SYNTHROID,PRODUCT USED FOR UNKNOWN INDICATION,2,Not Reported
10015777,CRESTOR,PRODUCT USED FOR UNKNOWN INDICATION,2,Not Reported
10015777,LORTAB,PRODUCT USED FOR UNKNOWN INDICATION,2,Not Reported
10015777,SKELAXIN,PRODUCT USED FOR UNKNOWN INDICATION,2,Not Reported
10015777,AMLODIPINE,PRODUCT USED FOR UNKNOWN INDICATION,2,Not Reported
10015777,NITROQUICK,PRODUCT USED FOR UNKNOWN INDICATION,2,Not Reported
10015777,LYRICA,PRODUCT USED FOR UNKNOWN INDICATION,2,Not Reported
10015777,AZITHROMAX,PRODUCT USED FOR UNKNOWN INDICATION,2,Not Reported
10015777,TRIAMCINOLONE ACETONIDE,PRODUCT USED FOR UNKNOWN INDICATION,2,Not Reported
10015777,VALTREX,PRODUCT USED FOR UNKNOWN INDICATION,2,Not Reported
10015777,LASIX,PRODUCT USED FOR UNKNOWN INDICATION,2,Not Reported
10015777,LASIX,Not Reported,2,Not Reported
10015777,POTASSIUM CL- LIDOCAINE,PRODUCT USED FOR UNKNOWN INDICATION,2,Not Reported
10015777,NOVOLOG,PRODUCT USED FOR UNKNOWN INDICATION,2,Not Reported
10015777,LEVAQUIN,PRODUCT USED FOR UNKNOWN INDICATION,2,Not Reported
10015777,ATARAX,PRODUCT USED FOR UNKNOWN INDICATION,2,Not Reported
10015784,AMLODIPINE,Not Reported,2,Not Reported
10015784,VOTRIENT,RENAL CELL CARCINOMA,1,1
10015784,VOTRIENT,RENAL CANCER,1,1
10015784,PREDNISONE.,Not Reported,2,Not Reported
10015784,LORAZEPAM.,Not Reported,2,Not Reported
10015835,CIPROFLOXACIN.,Not Reported,1,1
10015835,TIORFAN,DIARRHOEA,2,Not Reported
10015835,ORACILLINE,Not Reported,1,Not Reported
10015835,ENDOXAN,Not Reported,2,Not Reported
10015835,ANTILYMPHOCYTE SERUM,Not Reported,2,Not Reported
10015835,ACUPAN,PAIN,2,Not Reported
10015835,CONTRAMAL,PAIN,2,Not Reported
10015835,AMLODIPINE BESILATE,Not Reported,2,Not Reported
10015835,SANDIMMUNE,PROPHYLAXIS,1,Not Reported
10015835,URSOLVAN-200,Not Reported,2,Not Reported
10015835,DIFFU K,Not Reported,2,Not Reported
10015835,IMOVANE,INSOMNIA,2,Not Reported
10015835,WELLVONE,Not Reported,2,Not Reported
10015835,CIFLOX,Not Reported,1,1
10015835,VALACICLOVIR,PROPHYLAXIS,1,Not Reported
10015835,INEXIUM,Not Reported,1,Not Reported
10015835,BUSILVEX,Not Reported,2,Not Reported
10015835,NEORAL,PROPHYLAXIS,1,Not Reported
10015835,CALCIDIA,Not Reported,2,Not Reported
10015835,SEROPLEX,Not Reported,2,Not Reported
10015835,LAROXYL,Not Reported,1,Not Reported
10015835,POSACONAZOLE,Not Reported,2,Not Reported
10015835,CICLOSPORIN,BONE MARROW FAILURE,2,Not Reported
10015835,METHOTREXATE,BONE MARROW FAILURE,2,Not Reported
10015835,SOLUPRED [PREDNISOLONE],Not Reported,2,Not Reported
10015874,PAZOPANIB,METASTATIC RENAL CELL CARCINOMA,1,Not Reported
10015874,KARVEZIDE,HYPERTENSION,1,5
10015874,PREGABALIN.,NEURALGIA,1,5
10015874,OXYCONTIN,PAIN,2,5
10015874,LERCAN,HYPERTENSION,2,5
10015874,MAXOLON,PROPHYLAXIS OF NAUSEA AND VOMITING,1,5
10015874,ATENOLOL.,HYPERTENSION,1,5
10015874,MOVICOL,CONSTIPATION PROPHYLAXIS,1,5
10015874,HYDROCHLOROTHIAZIDE.,HYPERTENSION,2,5
10015874,AMLODIPINE,Not Reported,2,Not Reported
10015874,EVEROLIMUS,METASTATIC RENAL CELL CARCINOMA,1,1
10015874,PANADOL,PAIN,1,5
10015914,LANSOPRAZOLE,GASTROOESOPHAGEAL REFLUX DISEASE,1,1
10015914,LANSOPRAZOLE,Not Reported,1,1
10015914,OLMESARTAN,HYPERTENSION,1,1
10015914,GLYCERYL TRINITRATE,HYPERTENSION,1,1
10015914,ELIQUIS,ATRIAL FIBRILLATION,1,Not Reported
10015914,ELIQUIS,CEREBRAL INFARCTION,1,Not Reported
10015914,AMLODIPINE BESILATE / IRBESARTAN,HYPERTENSION,1,Not Reported
10016246,GLIBENCLAMIDE,TYPE 2 DIABETES MELLITUS,1,1
10016246,NEXAVAR,Not Reported,3,5
10016246,PROPRANOLOL,Not Reported,3,5
10016246,TORASEMIDE,Not Reported,3,5
10016246,AMLODIPINE,Not Reported,3,5
10016246,RAMIPRIL,Not Reported,2,Not Reported
10016246,DIPYRONE,Not Reported,2,Not Reported
10003305,LIPITOR,Not Reported,1,5
10003305,LISINOPRIL,Not Reported,1,5
10003305,LOSARTAN POTASSIUM,Not Reported,1,5
10003305,METOPROLOL TARTRATE,Not Reported,1,5
10003305,MINOCYCLINE,Not Reported,1,5
10003305,BACTRIM,Not Reported,1,5
10003310,LYRICA,Not Reported,2,Not Reported
10003310,METOPROLOL,Not Reported,2,Not Reported
10003310,XANAX,Not Reported,2,Not Reported
10003310,LETAIRIS,PULMONARY ARTERIAL HYPERTENSION,1,4
10003310,ADCIRCA,Not Reported,1,1
10003310,ZOCOR,Not Reported,2,Not Reported
10003310,ADVAIR HFA,Not Reported,2,Not Reported
10003310,ASPIRIN.,Not Reported,2,Not Reported
10003310,NEXIUM,Not Reported,2,Not Reported
10003310,TRIAMTERENE.,Not Reported,2,Not Reported
10003310,SPIRIVA,Not Reported,2,Not Reported
10003581,JAKAFI,Not Reported,1,1
10003581,METOPROLOL.,PRODUCT USED FOR UNKNOWN INDICATION,2,Not Reported
10003581,LORAZEPAM.,PRODUCT USED FOR UNKNOWN INDICATION,2,Not Reported
10003581,MIRTAZAPINE.,PRODUCT USED FOR UNKNOWN INDICATION,2,Not Reported
10003581,JAKAFI,MYELOFIBROSIS,1,1
10003581,EXJADE,PRODUCT USED FOR UNKNOWN INDICATION,2,Not Reported
10003581,NORVASC,PRODUCT USED FOR UNKNOWN INDICATION,2,Not Reported
10003582,LISINOPRIL HCTZ,Not Reported,1,5
10003582,SEROQUEL XR,BIPOLAR I DISORDER,1,5
10003582,SEROQUEL XR,DEPRESSION,1,5
10003582,ASPIRIN,Not Reported,2,Not Reported
10003582,MULTIVITAMIN,Not Reported,2,Not Reported
10003582,FISH OIL,Not Reported,2,Not Reported
10003582,GARLIC,Not Reported,2,Not Reported
10003582,METOPROLOL TARTRATE,Not Reported,2,Not Reported
10003687,DEPAKOTE,BIPOLAR DISORDER,1,Not Reported
10003687,DEPAKOTE,Not Reported,1,Not Reported
10003687,LEXAPRO,DEPRESSION,1,Not Reported
10003687,LEXAPRO,OBSESSIVE-COMPULSIVE DISORDER,1,Not Reported
10003687,LEXAPRO,Not Reported,1,Not Reported
10003687,SEROQUEL,BIPOLAR DISORDER,1,Not Reported
10003687,SEROQUEL,Not Reported,1,Not Reported
10003687,SYNTHROID,HYPOTHYROIDISM,2,Not Reported
10003687,CLOMIPRAMINE,OBSESSIVE-COMPULSIVE DISORDER,2,Not Reported
10003687,METOPROLOL,HYPERTENSION,2,Not Reported
10003717,JAKAFI,MYELOFIBROSIS,1,2
10003717,JAKAFI,Not Reported,1,2
10003717,CELEBREX,Not Reported,2,Not Reported
10003717,LASIX,Not Reported,2,Not Reported
10003717,ZANTAC,Not Reported,2,Not Reported
10003717,METOPROLOL,Not Reported,2,Not Reported
10003717,ALLOPURINOL,Not Reported,2,Not Reported
10003717,ZYRTEC,Not Reported,2,Not Reported
10003717,IMODIUM,Not Reported,2,Not Reported
10003717,ASPIRIN LOW EC,Not Reported,2,Not Reported
10003717,CRANBERRY,Not Reported,2,Not Reported
10003717,SUPER  OMEGA- 3,Not Reported,2,Not Reported
10003717,PLAVIX,Not Reported,2,Not Reported
10003792,DEPAKOTE,GRAND MAL CONVULSION,1,4
10003792,KEPPRA,GRAND MAL CONVULSION,2,Not Reported
10003792,PLAVIX,PRODUCT USED FOR UNKNOWN INDICATION,2,Not Reported
10003792,LISINOPRIL,HYPERTENSION,2,Not Reported
10003792,METOPROLOL,PRODUCT USED FOR UNKNOWN INDICATION,2,Not Reported
10003792,RANEXA,PRODUCT USED FOR UNKNOWN INDICATION,2,Not Reported
10003792,ISOSORBIDE,PRODUCT USED FOR UNKNOWN INDICATION,2,Not Reported
10003792,ASPIRIN,PRODUCT USED FOR UNKNOWN INDICATION,2,Not Reported
10003792,LORAZEPAM,PRODUCT USED FOR UNKNOWN INDICATION,2,Not Reported
10003792,SIMVASTATIN,PRODUCT USED FOR UNKNOWN INDICATION,2,Not Reported
10003792,AMBIEN,SLEEP DISORDER THERAPY,2,Not Reported
10003840,JAKAFI,Not Reported,1,1
10003840,DIOVAN,Not Reported,2,Not Reported
10003840,METOPROLOL,Not Reported,2,Not Reported
10003840,OMEPRAZOLE,Not Reported,2,Not Reported
10003840,FINASTERIDE,Not Reported,2,Not Reported
10003840,ZINC,Not Reported,2,Not Reported
10003840,ALLERGY TAB,Not Reported,2,Not Reported
10003840,MULTIVITAMIN                       /00097801/,Not Reported,2,Not Reported
10003840,OMEGA 3                            /01334101/,Not Reported,2,Not Reported
10003849,JAKAFI,MYELOFIBROSIS,1,1
10003849,JAKAFI,Not Reported,1,1
10003849,CYCLOPHOSPHAMIDE,Not Reported,2,Not Reported
10003849,CITALOPRAM,Not Reported,2,Not Reported
10003849,FUROSEMIDE,Not Reported,2,Not Reported
10003849,ALLOPURINOL,Not Reported,2,Not Reported
10003849,METOPROLOL,Not Reported,2,Not Reported
10003849,LORAZEPAM,Not Reported,2,Not Reported
10003849,TERAZOSIN,Not Reported,2,Not Reported
10003849,BACLOFEN,Not Reported,2,Not Reported
10003899,JAKAFI,MYELOFIBROSIS,1,1
10003899,JAKAFI,Not Reported,1,1
10003899,LOVASTATIN,Not Reported,2,Not Reported
10003899,OMEPRAZOLE,Not Reported,2,Not Reported
10003899,RANITIDINE                         /00550802/,Not Reported,2,Not Reported
10003899,LEXAPRO,Not Reported,2,Not Reported
10003899,DILTIAZEM,Not Reported,2,Not Reported
10003899,RAMIPRIL,Not Reported,2,Not Reported
10003899,METOPROLOL,Not Reported,2,Not Reported
10003899,ALPRAZOLAM,Not Reported,2,Not Reported
10003899,PRADAXA,Not Reported,2,Not Reported
10004008,JAKAFI,MYELOFIBROSIS,1,3
10004008,JAKAFI,Not Reported,1,3
10004008,SYNTHROID,MYELOFIBROSIS,2,Not Reported
10004008,METOPROLOL,BLOOD PRESSURE,2,Not Reported
10004008,EFFEXOR,Not Reported,2,Not Reported
10004101,JAKAFI,POLYCYTHAEMIA VERA,1,1
10004101,JAKAFI,Not Reported,1,1
10004101,LOSARTAN POTASSIUM,Not Reported,2,Not Reported
10004101,LANTUS SOLOSTAR,Not Reported,2,Not Reported
10004101,NOVOLOG,Not Reported,2,Not Reported
10004101,METOPROLOL SUCCINATE,Not Reported,2,Not Reported
10004101,ALLOPURINOL,Not Reported,2,Not Reported
10004101,POTASSIUM,Not Reported,2,Not Reported
10004101,ASPIRIN,Not Reported,2,Not Reported
10004101,MULTIVITAMIN                       /00097801/,Not Reported,2,Not Reported
10004101,NIACIN,Not Reported,2,Not Reported
10004101,ZYRTEC,Not Reported,2,Not Reported
10004244,EXTAVIA,MULTIPLE SCLEROSIS,1,1
10004244,METOPROLOL,HYPERTENSION,2,5
10004480,JAKAFI,LYMPHOCYTIC LEUKAEMIA,1,2
10004480,JAKAFI,ILL-DEFINED DISORDER,1,2
10004480,JAKAFI,Not Reported,1,2
10004480,METOPROLOL,Not Reported,2,Not Reported
10004480,FAMCICLOVIR,Not Reported,2,Not Reported
10004480,ASPIRIN,Not Reported,2,Not Reported
10004480,CEFPROZIL,Not Reported,2,Not Reported
10004480,ZYRTEC,Not Reported,2,Not Reported
10004545,REVLIMID,PLASMA CELL MYELOMA,1,1
10004545,METOPROLOL,PRODUCT USED FOR UNKNOWN INDICATION,2,Not Reported
10004545,SIMVASTATIN,PRODUCT USED FOR UNKNOWN INDICATION,2,Not Reported
10004628,JAKAFI,MYELOFIBROSIS,1,2
10004628,JAKAFI,Not Reported,1,2
10004628,MECLIZINE                          /00072801/,Not Reported,2,Not Reported
10004628,CALCITONIN-SALMON,Not Reported,2,Not Reported
10004628,PREVACID,Not Reported,2,Not Reported
10004628,ALLOPURINOL,Not Reported,2,Not Reported
10004628,LYRICA,Not Reported,2,Not Reported
10004628,VICODIN,Not Reported,2,Not Reported
10004628,NORTRIPTYLINE HCL,Not Reported,2,Not Reported
10004628,SIMVASTATIN,Not Reported,2,Not Reported
10004628,METOPROLOL,Not Reported,2,Not Reported
10004640,JAKAFI,MYELOFIBROSIS,1,5
10004640,ACETAMINOPHEN,Not Reported,2,Not Reported
10004640,ALPRAZOLAM,Not Reported,2,Not Reported
10004640,ASPIRIN,Not Reported,2,Not Reported
10004640,DARBEPOETIN ALFA,Not Reported,2,Not Reported
10004640,ERGOCALCIFEROL,Not Reported,2,Not Reported
10004640,FERROUS SULFATE,Not Reported,2,Not Reported
10004640,FLUTICASONE,Not Reported,2,Not Reported
10004640,FOLIC ACID W/B6 W/B12,Not Reported,2,Not Reported
10004640,IPRATROPIUM,Not Reported,2,Not Reported
10004640,METOPROLOL SUCCINATE,Not Reported,2,Not Reported
10004640,OXYCODONE,Not Reported,2,Not Reported
10004640,PRAVASTATIN,Not Reported,2,Not Reported
10004640,PROAIR HFA,Not Reported,2,Not Reported
10004640,SERTRALINE,Not Reported,2,Not Reported
10004640,LEVOTHYROXINE,Not Reported,2,Not Reported
10004712,AVODART,PRODUCT USED FOR UNKNOWN INDICATION,1,4
10004712,METOPROLOL,Not Reported,2,Not Reported
10004712,TAMSULOSIN,Not Reported,2,Not Reported
10004712,ISOSORBIDE,Not Reported,2,Not Reported
10004759,LOVAZA,CARDIOVASCULAR DISORDER,1,2
10004759,ISOSORBIDE,Not Reported,2,5
10004759,METOPROLOL,Not Reported,2,5
10004759,PRAVASTATIN,Not Reported,2,5
10004759,BENAZEPRIL,Not Reported,2,5
10004759,BABY ASPIRIN,Not Reported,2,5
10004885,MICARDIS HCT,HYPERTENSION,1,4
10004885,FOLIC ACID,Not Reported,2,Not Reported
10004885,METOPROLOL,Not Reported,2,Not Reported
10004885,CRESTOR,Not Reported,2,Not Reported
10004885,MULTIVITAMIN,Not Reported,2,Not Reported
10005015,JAKAFI,MYELODYSPLASTIC SYNDROME,1,5
10005015,SYMBICORT,Not Reported,2,Not Reported
10005015,BUMEX,Not Reported,2,Not Reported
10005015,LOPERAMIDE,Not Reported,2,Not Reported
10005015,METAZOLINE,Not Reported,2,Not Reported
10005015,METOPROLOL,Not Reported,2,Not Reported
10005015,PREVACID,Not Reported,2,Not Reported
10005102,SPIRIVA,CHRONIC OBSTRUCTIVE PULMONARY DISEASE,1,1
10005102,ALBUTEROL NEBULIZER,Not Reported,2,Not Reported
10005102,COUMADIN,Not Reported,2,Not Reported
10005102,METOPROLOL,Not Reported,2,Not Reported
10005102,LEVOTHYROXINE,Not Reported,2,Not Reported
10005102,SIMVASTATIN,Not Reported,2,Not Reported
10005102,OMEPRAZOLE,Not Reported,2,Not Reported
10005102,FLUOXETINE,Not Reported,2,Not Reported
10005102,FUROSEMIDE,Not Reported,2,Not Reported
10005102,ALBUTEROL MDI,Not Reported,2,Not Reported
10005174,BENICAR,HYPERTENSION,2,Not Reported
10005174,LIPITOR,BLOOD CHOLESTEROL INCREASED,1,5
10005174,METOPROLOL.,HYPERTENSION,2,Not Reported
10005174,METFORMIN,HYPERGLYCAEMIA,2,Not Reported
10005174,LISINOPRIL.,HYPERTENSION,2,Not Reported
10005174,PLENDIL,HYPERTENSION,2,Not Reported
10005174,JANUVIA,HYPERGLYCAEMIA,2,Not Reported
10005174,LIPITOR,Not Reported,1,5
10005174,METFORMIN,GLUCOSE TOLERANCE IMPAIRED,2,Not Reported
10005174,PIOGLITAZONE.,HYPERGLYCAEMIA,2,Not Reported
10005345,PROTAPHANE,PRODUCT USED FOR UNKNOWN INDICATION,2,Not Reported
10005345,NALOXONE W/TILIDINE,PRODUCT USED FOR UNKNOWN INDICATION,2,Not Reported
10005345,ACTRAPID,PRODUCT USED FOR UNKNOWN INDICATION,2,Not Reported
10005345,LOCOL,PRODUCT USED FOR UNKNOWN INDICATION,2,Not Reported
10005345,METOPROLOL,PRODUCT USED FOR UNKNOWN INDICATION,2,Not Reported
10005345,ALLOPURINOL.,PRODUCT USED FOR UNKNOWN INDICATION,2,Not Reported
10005345,METAMIZOLE,PRODUCT USED FOR UNKNOWN INDICATION,2,Not Reported
10005345,PULMICORT TURBUHALER,PRODUCT USED FOR UNKNOWN INDICATION,2,Not Reported
10005345,ACCUZIDE,PRODUCT USED FOR UNKNOWN INDICATION,2,Not Reported
10005345,OXIS,PRODUCT USED FOR UNKNOWN INDICATION,2,Not Reported
10005345,PARICALCITOL.,HYPERPARATHYROIDISM SECONDARY,1,4
10005345,FUROSEMIDE.,PRODUCT USED FOR UNKNOWN INDICATION,2,Not Reported
10005345,LYRICA,PRODUCT USED FOR UNKNOWN INDICATION,2,Not Reported
10005377,HUMIRA,CROHN^S DISEASE,1,1
10005377,HUMIRA,Not Reported,1,1
10005377,PREDNISONE,CROHN^S DISEASE,2,Not Reported
10005377,FLECAINIDE,ARRHYTHMIA,2,Not Reported
10005377,WARFARIN,ARRHYTHMIA,2,Not Reported
10005377,METOPROLOL,HYPERTENSION,2,Not Reported
10005377,BARACLUDE,LIVER DISORDER,2,Not Reported
10005377,ZANTAC,DYSPEPSIA,2,Not Reported
10005592,TECFIDERA,MULTIPLE SCLEROSIS,1,1
10005592,CARDURA,Not Reported,2,Not Reported
10005592,CHLORTHALIDONE,Not Reported,2,Not Reported
10005592,COZAAR,Not Reported,2,Not Reported
10005592,LUMIGAN,Not Reported,2,Not Reported
10005592,METFORMIN HCL,Not Reported,2,Not Reported
10005592,METOPROLOL TARTRATE,Not Reported,2,Not Reported
10005592,SINGULAIR,Not Reported,2,Not Reported
10005592,SYNTHROID,Not Reported,2,Not Reported
10005592,TIZANIDINE,Not Reported,2,Not Reported
10005592,VITAMIN B12,Not Reported,2,Not Reported
10005708,TECFIDERA,MULTIPLE SCLEROSIS,1,5
10005708,FOLIC ACID,Not Reported,2,Not Reported
10005708,HYDROXYUREA,Not Reported,2,Not Reported
10005708,METOPROLOL,Not Reported,2,Not Reported
10005708,LANSOPRAZOLE,Not Reported,2,Not Reported
10005708,HYDRALAZINE,Not Reported,2,Not Reported
10005708,VIT B,Not Reported,2,Not Reported
10005908,VICTOZA,TYPE 2 DIABETES MELLITUS,1,3
10005908,VICTOZA,Not Reported,3,3
10005908,METFORMIN,TYPE 2 DIABETES MELLITUS,3,1
10005908,METFORMIN,Not Reported,3,1
10005908,LEVEMIR,TYPE 2 DIABETES MELLITUS,2,4
10005908,VALSARTAN,HYPERTENSION,2,Not Reported
10005908,AMLODIPIN                          /00972401/,HYPERTENSION,2,Not Reported
10005908,METOPROLOL,HYPERTENSION,2,Not Reported
10005908,CYMBALTA,DEPRESSION,2,Not Reported
10006072,XARELTO,EMBOLISM,1,5
10006072,XARELTO,CEREBROVASCULAR ACCIDENT PROPHYLAXIS,1,5
10006072,XARELTO,ATRIAL FIBRILLATION,1,5
10006072,LIPITOR,Not Reported,2,Not Reported
10006072,SYNTHROID,Not Reported,2,Not Reported
10006072,METOPROLOL,Not Reported,2,Not Reported
10006072,LASIX,Not Reported,2,Not Reported
10006072,COZAAR,Not Reported,2,Not Reported
10006072,LUMIGAN,Not Reported,2,Not Reported
10006072,PREDFORTE EYE DROPS,Not Reported,2,Not Reported
10006072,ALPHAGAN,Not Reported,2,Not Reported
10006100,DRONEDARONE,PRODUCT USED FOR UNKNOWN INDICATION,1,5
10006100,DABIGATRAN,PRODUCT USED FOR UNKNOWN INDICATION,3,5
10006100,ROSUVASTATIN,Not Reported,2,Not Reported
10006100,ARICEPT,Not Reported,2,Not Reported
10006100,ACTONEL,Not Reported,2,Not Reported
10006100,METOPROLOL SUCCINATE,Not Reported,2,Not Reported
10006100,HYDROCHLOROTHIAZIDE,Not Reported,2,Not Reported
10006100,EZETIMIBE,Not Reported,2,Not Reported
10006100,VITAMIN D,Not Reported,2,Not Reported
10006100,CALCIUM CARBONATE,Not Reported,2,Not Reported
10006100,MEMANTINE,Not Reported,2,Not Reported
10006100,VALSARTAN,Not Reported,2,Not Reported
10006100,NASAL PREPARATIONS,Not Reported,2,Not Reported
10006109,DRONEDARONE,PRODUCT USED FOR UNKNOWN INDICATION,1,5
10006109,DABIGATRAN,PRODUCT USED FOR UNKNOWN INDICATION,3,5
10006109,FUROSEMIDE,Not Reported,2,Not Reported
10006109,ACTONEL,Not Reported,2,Not Reported
10006109,TRICOR,Not Reported,2,Not Reported
10006109,WARFARIN SODIUM,Not Reported,2,Not Reported
10006109,LEXAPRO,Not Reported,2,Not Reported
10006109,METOPROLOL SUCCINATE,Not Reported,2,Not Reported
10006126,DRONEDARONE,PRODUCT USED FOR UNKNOWN INDICATION,1,5
10006126,DABIGATRAN,PRODUCT USED FOR UNKNOWN INDICATION,3,5
10006126,MULTIVITAMINS,Not Reported,2,Not Reported
10006126,CRESTOR,Not Reported,2,Not Reported
10006126,METOPROLOL TARTRATE,Not Reported,2,Not Reported
10006126,LISINOPRIL,Not Reported,2,Not Reported
10006126,HYDROCHLOROTHIAZIDE,Not Reported,2,Not Reported
10006147,ERLOTINIB,LUNG NEOPLASM MALIGNANT,1,Not Reported
10006147,IMODIUM,PRODUCT USED FOR UNKNOWN INDICATION,2,Not Reported
10006147,FOLIC ACID,PRODUCT USED FOR UNKNOWN INDICATION,2,Not Reported
10006147,LOSARTAN POTASSIUM,PRODUCT USED FOR UNKNOWN INDICATION,2,Not Reported
10006147,ASPIRIN,PRODUCT USED FOR UNKNOWN INDICATION,2,Not Reported
10006147,METOPROLOL TARTRATE,PRODUCT USED FOR UNKNOWN INDICATION,2,Not Reported
10006147,MINOCYCLINE,PRODUCT USED FOR UNKNOWN INDICATION,2,Not Reported
10006147,VITAMIN D                          /00107901/,PRODUCT USED FOR UNKNOWN INDICATION,2,Not Reported
10006283,PRADAXA,ATRIAL FIBRILLATION,1,4
10006283,AMLODPINE,HYPERTENSION,2,Not Reported
10006283,METFORMIN,DIABETES MELLITUS,2,Not Reported
10006283,ALLOPURNIOL,GOUT,2,Not Reported
10006283,METOPROLOL,HYPERTENSION,2,Not Reported
10006283,SIMVASTATIN,BLOOD CHOLESTEROL INCREASED,2,Not Reported
10006283,LISINOPRIL,HYPERTENSION,2,Not Reported
10006283,HYDROCHLOROTHIAZIDE,FLUID RETENTION,2,Not Reported
10006314,DRONEDARONE,PRODUCT USED FOR UNKNOWN INDICATION,1,5
10006314,DABIGATRAN,PRODUCT USED FOR UNKNOWN INDICATION,3,5
10006314,VALSARTAN,Not Reported,2,Not Reported
10006314,ASPIRIN,Not Reported,2,Not Reported
10006314,ZOCOR,Not Reported,2,Not Reported
10006314,AMOXICILLIN,Not Reported,2,Not Reported
10006314,METFORMIN HYDROCHLORIDE,Not Reported,2,Not Reported
10006314,CALTRATE,Not Reported,2,Not Reported
10006314,IMDUR,Not Reported,2,Not Reported
10006314,WELCHOL,Not Reported,2,Not Reported
10006314,METOPROLOL TARTRATE,Not Reported,2,Not Reported
10006412,DRONEDARONE,PRODUCT USED FOR UNKNOWN INDICATION,1,5
10006412,DABIGATRAN,PRODUCT USED FOR UNKNOWN INDICATION,3,5
10006412,SIMVASTATIN,Not Reported,2,Not Reported
10006412,METOPROLOL,Not Reported,2,Not Reported
10006412,ASPIRIN,Not Reported,2,Not Reported
10006465,DABIGATRAN,ATRIAL FIBRILLATION,1,4
10006465,ASA,Not Reported,2,Not Reported
10006465,ZOCOR,Not Reported,2,Not Reported
10006465,METOPROLOL,Not Reported,2,Not Reported
10006465,LISINOPRIL,Not Reported,2,Not Reported
10006465,AMIODARONE,Not Reported,2,Not Reported
10006465,PROTONIX,Not Reported,2,Not Reported
10006475,METOPROLOL,PRODUCT USED FOR UNKNOWN INDICATION,1,Not Reported
10006475,ADROXIAL,PRODUCT USED FOR UNKNOWN INDICATION,1,Not Reported
10006512,DRONEDARONE,PRODUCT USED FOR UNKNOWN INDICATION,1,5
10006512,DABIGATRAN,PRODUCT USED FOR UNKNOWN INDICATION,3,5
10006512,METOPROLOL TARTRATE,Not Reported,2,Not Reported
10006512,RAMIPRIL,Not Reported,2,Not Reported
10006512,XANAX,Not Reported,2,Not Reported
10006512,LEVAQUIN,Not Reported,2,Not Reported
10006512,ANTIHYPERTENSIVES,Not Reported,2,Not Reported
10006512,ASPIRIN,Not Reported,2,Not Reported
10006512,FLOMAX,Not Reported,2,Not Reported
10006712,LEVOTHYROXINE SODIUM.,Not Reported,2,Not Reported
10006712,VITAMIN B1,Not Reported,2,Not Reported
10006712,METOPROLOL TARTRATE.,Not Reported,2,Not Reported
10006712,DULCOLAX,Not Reported,2,Not Reported
10006712,LOSARTAN POTASSIUM.,Not Reported,2,Not Reported
10006712,ANTI-DIARRHEAL,DIARRHOEA,2,Not Reported
10006712,CENTRUM SILVER,Not Reported,2,Not Reported
10006712,CLARITIN,Not Reported,2,Not Reported
10006712,OMEPRAZOLE.,Not Reported,2,Not Reported
10006712,TUMS,Not Reported,2,Not Reported
10006712,METAXALONE.,Not Reported,2,Not Reported
10006712,VITAMIN D,Not Reported,2,Not Reported
10006712,SUTENT,RENAL CANCER,1,5
10006712,SERTRALINE HYDROCHLORIDE.,Not Reported,2,Not Reported
10007058,LETAIRIS,PRODUCT USED FOR UNKNOWN INDICATION,1,1
10007058,METOPROLOL,Not Reported,2,5
10007058,ISOSORBIDE.,Not Reported,2,5
10007105,METOPROLOL TARTRATE,Not Reported,1,Not Reported
10007133,VENLAFAXINE HCL,DEPRESSION,1,5
10007133,METOPROLOL,HYPERTENSION,2,Not Reported
10007147,COSYNTROPIN,ACTH STIMULATION TEST,1,Not Reported
10007147,HYDROCODONE/ACETAMINOPHEN,Not Reported,2,Not Reported
10007147,PREDNISONE,Not Reported,2,Not Reported
10007147,LEFLUNOMIDE,Not Reported,2,Not Reported
10007147,LEVOTHYROXINE,Not Reported,2,Not Reported
10007147,SULINDAC,Not Reported,2,Not Reported
10007147,METOPROLOL,Not Reported,2,Not Reported
10007147,ALBUTEROL,Not Reported,2,Not Reported
10007187,VENLAFAXINE HCL,DEPRESSION,1,5
10007187,METOPROLOL,HYPERTENSION,2,Not Reported
10007232,PRADAXA,ATRIAL FIBRILLATION,1,4
10007232,SOTALOL,ATRIAL FIBRILLATION,2,Not Reported
10007232,GABAPENTIN,FIBROMYALGIA,2,Not Reported
10007232,FUROSEMIDE,HYPERTENSION,2,Not Reported
10007232,CLONAZEPAM,Not Reported,2,Not Reported
10007232,HYDROCODONE,ARTHRITIS,2,Not Reported
10007232,PHENFIBRATE,BLOOD CHOLESTEROL INCREASED,2,Not Reported
10007232,FLEXERIL,FIBROMYALGIA,2,Not Reported
10007232,ZETIA,BLOOD CHOLESTEROL INCREASED,2,Not Reported
10007232,METOPROLOL TARTRATE,HYPERTENSION,2,Not Reported
10007232,SYMBICORT,ASTHMA,2,Not Reported
10007232,NASONEX,HYPERSENSITIVITY,2,Not Reported
10007232,MIRALAX,CONSTIPATION,2,Not Reported
10007234,ZANTAC (RANITIDINE HYDROCHLORIDE),ULCER,1,4
10007234,BENICAR,HYPERTENSION,2,Not Reported
10007234,METOPROLOL,HYPERTENSION,2,Not Reported
10007234,EXTRA STRENGTH TYLENOL,ARTHRITIS,2,Not Reported
10007397,DRONEDARONE,PRODUCT USED FOR UNKNOWN INDICATION,1,5
10007397,DABIGATRAN,PRODUCT USED FOR UNKNOWN INDICATION,3,5
10007397,CRESTOR,Not Reported,2,Not Reported
10007397,OMEPRAZOLE,Not Reported,2,Not Reported
10007397,METOPROLOL,Not Reported,2,Not Reported
10007397,HYDROCHLOROTHIAZIDE,Not Reported,2,Not Reported
10007397,METFORMIN,Not Reported,2,Not Reported
10007397,ASPIRIN,Not Reported,2,Not Reported
10007397,LYRICA,Not Reported,2,Not Reported
10007468,DRONEDARONE,PRODUCT USED FOR UNKNOWN INDICATION,1,5
10007468,DABIGATRAN,PRODUCT USED FOR UNKNOWN INDICATION,3,5
10007468,WELCHOL,Not Reported,2,Not Reported
10007468,ASPIRIN,Not Reported,2,Not Reported
10007468,VALSARTAN,Not Reported,2,Not Reported
10007468,AMOXICILLIN,Not Reported,2,Not Reported
10007468,IMDUR,Not Reported,2,Not Reported
10007468,ZOCOR,Not Reported,2,Not Reported
10007468,METOPROLOL,Not Reported,2,Not Reported
10007468,METFORMIN,Not Reported,2,Not Reported
10007468,CALTRATE,Not Reported,2,Not Reported
10007670,HYDROCHLOROTHIAZIDE.,Not Reported,2,Not Reported
10007670,METOPROLOL SUCCINATE.,Not Reported,2,Not Reported
10007670,FISH OIL,Not Reported,2,Not Reported
10007670,NIFEDIPINE.,Not Reported,2,Not Reported
10007670,PREDNISONE.,Not Reported,2,Not Reported
10007670,DIOVAN,Not Reported,2,Not Reported
10007670,LETAIRIS,PRODUCT USED FOR UNKNOWN INDICATION,1,4
10007670,COLESTIPOL,Not Reported,2,Not Reported
10007670,CALCIUM,Not Reported,2,Not Reported
10007670,LAMICTAL,Not Reported,2,Not Reported
10007670,NEXIUM,Not Reported,2,Not Reported
10007670,RANITIDINE,Not Reported,2,Not Reported
10007839,XYREM,Not Reported,1,Not Reported
10007839,RITALIN,Not Reported,2,Not Reported
10007839,PROVIGIL (MODAFINIL),Not Reported,2,Not Reported
10007839,FLUVOXAMINE,Not Reported,2,Not Reported
10007839,METOPROLOL- 1 A PHARMA (METOPROLOL TARTRATE),Not Reported,2,Not Reported
10007839,ASPIRIN (ACETYLSALICYLIC ACID),Not Reported,2,Not Reported
10007839,LYRICA (PREGABALIN),Not Reported,2,Not Reported
10007839,FUROSEMIDE (FUROSEMIDE),Not Reported,2,Not Reported
10007839,KLOR-CON (POTASSIUM CHLORIDE),Not Reported,2,Not Reported
10007839,"CEREFOLIN NAC (CALICUM MEFOLINATE, CYANOCOBALAMIN, PYRIDOXINE, RIBOFLAVIN)",Not Reported,2,Not Reported
10007839,TRAMADOL (TRAMADOL HYDROCHLORIDE),Not Reported,2,Not Reported
10007850,RECLAST,Not Reported,2,Not Reported
10007850,DIGOXIN.,Not Reported,2,Not Reported
10007850,SIMVASTATIN.,Not Reported,2,Not Reported
10007850,KLOR-CON,Not Reported,2,Not Reported
10007850,LETAIRIS,SYSTEMIC SCLEROSIS,1,1
10007850,OMEPRAZOLE.,Not Reported,2,Not Reported
10007850,ADCIRCA,Not Reported,1,1
10007850,METOPROLOL,Not Reported,2,Not Reported
10007850,FUROSEMIDE.,Not Reported,2,Not Reported
10008006,SINTROM,Not Reported,1,Not Reported
10008006,SINTROM,Not Reported,3,Not Reported
10008006,METOPROLOL,Not Reported,1,4
10008006,DIGOXIN,Not Reported,1,1
10008006,CORDARONE,ARRHYTHMIA SUPRAVENTRICULAR,3,4
10008006,LISITRIL,Not Reported,2,1
10008006,ALDACTONE,Not Reported,2,1
10008006,TOREM,Not Reported,2,1
10008006,EZETROL,Not Reported,2,4
10008006,ELTROXIN,POSTPARTUM HYPOPITUITARISM,2,4
10008006,ELTROXIN,Not Reported,2,4
10008006,HYDROCORTISONE,POSTPARTUM HYPOPITUITARISM,2,4
10008095,HUMIRA,PSORIATIC ARTHROPATHY,1,1
10008095,ASTELIN,NASAL DRYNESS,2,Not Reported
10008095,TRAMADOL,PAIN,2,Not Reported
10008095,METOPROLOL,HYPERTENSION,2,Not Reported
10008095,SPIRIVA,CHRONIC OBSTRUCTIVE PULMONARY DISEASE,2,Not Reported
10008095,SYMBICORT,DYSPNOEA,2,Not Reported
10008095,LYRICA,PAIN,2,Not Reported
10008095,COLCRYS,GOUT,2,Not Reported
10008409,PRADAXA,ATRIAL FIBRILLATION,1,4
10008409,GLIPIZIDE XL,DIABETES MELLITUS,2,Not Reported
10008409,METOPROLOL TARTRATE,ATRIAL FIBRILLATION,2,Not Reported
10008409,OMEPRAZOLE,GASTROINTESTINAL DISORDER,2,Not Reported
10008409,LOSARTIN POTASSIUM,HYPERTENSION,2,Not Reported
10008409,PRAVASTATIN,BLOOD CHOLESTEROL INCREASED,2,Not Reported
10008409,BIOTEN,Not Reported,2,Not Reported
10008409,VITAMIN D3,Not Reported,2,Not Reported
10008409,CENTRUM SILVER,Not Reported,2,Not Reported
10008409,VITAMIN B 12,Not Reported,2,Not Reported
10008506,TRACLEER,PULMONARY ARTERIAL HYPERTENSION,1,1
10008506,VENTOLIN HFA,Not Reported,2,Not Reported
10008506,CUBICIN,Not Reported,2,Not Reported
10008506,MIDODRINE HCL,Not Reported,2,Not Reported
10008506,DILAUDID,Not Reported,2,Not Reported
10008506,CIPROFLOXACIN HCL,Not Reported,2,Not Reported
10008506,ZOLPIDEM TARTRATE.,Not Reported,2,Not Reported
10008506,PROAIR HFA,Not Reported,2,Not Reported
10008506,MONTELUKAST SODIUM.,Not Reported,2,Not Reported
10008506,DICYCLOMINE HCL,Not Reported,2,Not Reported
10008506,METOPROLOL SUCCINATE.,Not Reported,2,Not Reported
10008506,CITALOPRAM HYDROBROMIDE.,Not Reported,2,Not Reported
10008506,SENSIPAR,Not Reported,2,Not Reported
10008506,SPIRIVA,Not Reported,2,Not Reported
10008506,DICLOFENAC,Not Reported,2,Not Reported
10008506,LIDOCAINE HYDROCHLORIDE JELLY,Not Reported,2,Not Reported
10008553,JAKAFI,MYELOFIBROSIS,1,Not Reported
10008553,POTASSIUM,SUPPLEMENTATION THERAPY,2,Not Reported
10008553,PERCOCET,Not Reported,2,Not Reported
10008553,VALIUM,Not Reported,2,Not Reported
10008553,LISINOPRIL,Not Reported,2,Not Reported
10008553,METOPROLOL,Not Reported,2,Not Reported
10008553,LASIX,Not Reported,2,Not Reported
10008553,XANAX,Not Reported,2,Not Reported
10008553,ASPIRIN,Not Reported,2,Not Reported
10008553,VITAMIN D,Not Reported,2,Not Reported
10008553,MAGNESIUM,SUPPLEMENTATION THERAPY,2,Not Reported
10008553,PRILOSEC,Not Reported,2,Not Reported
10008553,CYMBALTA,Not Reported,2,Not Reported
10008553,ZOFRAN,Not Reported,2,Not Reported
10008553,NORTRIPTYLINE,Not Reported,2,Not Reported
10008595,JAKAFI,MYELOFIBROSIS,1,2
10008595,JAKAFI,Not Reported,1,2
10008595,METOPROLOL,Not Reported,2,Not Reported
10008595,LISINOPRIL,Not Reported,2,Not Reported
10008622,JAKAFI,MYELOFIBROSIS,1,4
10008622,LANTUS,TYPE 2 DIABETES MELLITUS,2,2
10008622,LANTUS,Not Reported,2,2
10008622,GLIPIZIDE,TYPE 2 DIABETES MELLITUS,2,1
10008622,ADVAIR,Not Reported,2,Not Reported
10008622,OMEPRAZOLE,Not Reported,2,Not Reported
10008622,GABAPENTIN,Not Reported,2,Not Reported
10008622,DANAZOL,Not Reported,2,Not Reported
10008622,TORSEMIDE,Not Reported,2,Not Reported
10008622,METOPROLOL,Not Reported,2,Not Reported
10008622,DEFEROXAMINE,Not Reported,2,Not Reported
10008622,HYDROCODONE,Not Reported,2,Not Reported
10008674,JAKAFI,MYELOFIBROSIS,1,4
10008674,METOPROLOL,Not Reported,2,Not Reported
10008674,FUROSEMIDE,Not Reported,2,Not Reported
10008674,LEVOTHYROXINE,Not Reported,2,Not Reported
10008674,IMDUR,Not Reported,2,Not Reported
10008674,ENOXAPARIN,Not Reported,2,Not Reported
10008729,JAKAFI,MYELOFIBROSIS,1,2
10008729,JAKAFI,Not Reported,1,2
10008729,LEVOTHYROXINE,Not Reported,2,Not Reported
10008729,RAMIPRIL,Not Reported,2,Not Reported
10008729,METOPROLOL,Not Reported,2,Not Reported
10008729,ASPIRIN,Not Reported,2,Not Reported
10008729,PRILOSEC,Not Reported,2,Not Reported
10008734,JAKAFI,MYELOFIBROSIS,1,1
10008734,METOPROLOL,Not Reported,2,Not Reported
10008737,JAKAFI,MYELOFIBROSIS,1,Not Reported
10008737,ENALAPRIL,HYPERTENSION,2,3
10008737,ENALAPRIL,Not Reported,2,3
10008737,METOPROLOL,HYPERTENSION,2,3
10008737,METOPROLOL,Not Reported,2,3
10008737,LEVAQUIN,Not Reported,2,Not Reported
10008737,ALLEGRA-D,Not Reported,2,Not Reported
10008737,ASPIRIN,Not Reported,2,Not Reported
10008781,JAKAFI,MYELOFIBROSIS,1,4
10008781,METOPROLOL,Not Reported,2,Not Reported
10008781,TRICOR,Not Reported,2,Not Reported
10008781,LIPITOR,Not Reported,2,Not Reported
10008781,CELEXA,Not Reported,2,Not Reported
10008793,JAKAFI,MYELOFIBROSIS,1,Not Reported
10008793,LOSARTAN,Not Reported,2,Not Reported
10008793,HYDRALAZINE,Not Reported,2,Not Reported
10008793,METOPROLOL,Not Reported,2,Not Reported
10008819,JAKAFI,MYELOFIBROSIS,1,2
10008819,JAKAFI,Not Reported,1,2
10008819,ASPIRIN,Not Reported,2,Not Reported
10008819,METOPROLOL,Not Reported,2,Not Reported
10008819,ALLOPURINOL,Not Reported,2,Not Reported
10008819,LIPITOR,Not Reported,2,Not Reported
10008824,JAKAFI,MYELOFIBROSIS,1,4
10008824,PRADAXA,Not Reported,2,Not Reported
10008824,METOPROLOL,Not Reported,2,Not Reported
10008831,JAKAFI,MYELOFIBROSIS,1,2
10008831,JAKAFI,Not Reported,1,2
10008831,LEVOTHYROXINE,HYPOTHYROIDISM,2,Not Reported
10008831,METOPROLOL,HYPERTENSION,2,Not Reported
10008831,WARFARIN,ANTICOAGULANT THERAPY,2,Not Reported
10008846,JAKAFI,MYELOFIBROSIS,1,1
10008846,JAKAFI,Not Reported,1,1
10008846,CLONAZEPAM,Not Reported,2,Not Reported
10008846,CRESTOR,Not Reported,2,Not Reported
10008846,METOPROLOL,Not Reported,2,Not Reported
10008846,CYMBALTA,Not Reported,2,Not Reported
10008846,TAMSULOSIN,Not Reported,2,Not Reported
10008846,ZYPREXA,Not Reported,2,Not Reported
10008846,VITAMIN D,Not Reported,2,Not Reported
10008846,FISH OIL,Not Reported,2,Not Reported
10008847,JAKAFI,MYELOFIBROSIS,1,1
10008847,OXYCONTIN,Not Reported,2,Not Reported
10008847,METOPROLOL,Not Reported,2,Not Reported
10008847,LISINOPRIL,Not Reported,2,Not Reported
10008847,SIMVASTATIN,Not Reported,2,Not Reported
10008847,METFORMIN,Not Reported,2,Not Reported
10008847,GLIPIZIDE,Not Reported,2,Not Reported
10008847,OMEPRAZOLE,Not Reported,2,Not Reported
10008847,ADDERALL,Not Reported,2,Not Reported
10008914,JAKAFI,MYELOFIBROSIS,1,4
10008914,PREDNISONE,Not Reported,2,Not Reported
10008914,FUROSEMIDE,Not Reported,2,Not Reported
10008914,VITAMIN B12,Not Reported,2,Not Reported
10008914,VITAMIN C,Not Reported,2,Not Reported
10008914,LEVOXYL,Not Reported,2,Not Reported
10008914,DEPAKOTE,Not Reported,2,Not Reported
10008914,ASPIRIN,Not Reported,2,Not Reported
10008914,PANTOPRAZOLE,Not Reported,2,Not Reported
10008914,METOPROLOL,Not Reported,2,Not Reported
10008914,PLAVIX,Not Reported,2,Not Reported
10008914,ALLOPURINOL,Not Reported,2,Not Reported
10008914,LIPITOR,Not Reported,2,Not Reported
10008960,JAKAFI,MYELOFIBROSIS,1,4
10008960,ASPIRIN,Not Reported,2,Not Reported
10008960,METOPROLOL,Not Reported,2,Not Reported
10008960,LISINOPRIL,Not Reported,2,Not Reported
10008960,POTASSIUM,Not Reported,2,Not Reported
10008960,FUROSEMIDE,Not Reported,2,Not Reported
10008986,JAKAFI,MYELOFIBROSIS,1,5
10008986,GLIPIZIDE,Not Reported,2,Not Reported
10008986,SYNTHROID,Not Reported,2,Not Reported
10008986,METOPROLOL,Not Reported,2,Not Reported
10009019,JAKAFI,MYELOFIBROSIS,1,4
10009019,PRILOSEC,Not Reported,2,Not Reported
10009019,LISINOPRIL,Not Reported,2,Not Reported
10009019,DIOVAN,Not Reported,2,Not Reported
10009019,METOPROLOL,Not Reported,2,Not Reported
10009019,WARFARIN,Not Reported,2,Not Reported
10009019,GABAPENTIN,Not Reported,2,Not Reported
10009019,LORAZEPAM,Not Reported,2,Not Reported
10009019,HYDROCODONE W/ACETAMINOPHEN,Not Reported,2,Not Reported
10009019,LASIX,Not Reported,2,Not Reported
10009019,MICRO K,Not Reported,2,Not Reported
10009019,MECLIZINE,Not Reported,2,Not Reported
10009019,BELLADONNA TINCTURE,Not Reported,2,Not Reported
10009038,JAKAFI,MYELOFIBROSIS,1,5
10009038,ACCUPRIL,Not Reported,2,Not Reported
10009038,ARANESP,Not Reported,2,Not Reported
10009038,AMIODARONE HCL,Not Reported,2,Not Reported
10009038,METOPROLOL,Not Reported,2,Not Reported
10009038,PLAVIX,Not Reported,2,Not Reported
10009044,METOPROLOL (UNKNOWN),HYPERTENSION,1,Not Reported
10009044,BISOPROLOL,HYPERTENSION,2,Not Reported
10009044,INSULIN,GESTATIONAL DIABETES,2,Not Reported
10009044,FOLIO,PROPHYLAXIS OF NEURAL TUBE DEFECT,2,Not Reported
10009044,DOPEGYT,HYPERTENSION,2,Not Reported
10009044,ASS,THROMBOSIS PROPHYLAXIS,2,Not Reported
10009464,METOPROLOL,Not Reported,2,Not Reported
10009464,METOLAZONE.,Not Reported,2,Not Reported
10009464,JAKAFI,MYELOFIBROSIS,1,1
10009464,AMLODIPIN                          /00972401/,Not Reported,2,Not Reported
10009464,FOLIC ACID.,Not Reported,2,Not Reported
10009464,JAKAFI,Not Reported,1,1
10009464,HYDREA,Not Reported,2,Not Reported
10009464,ENALAPRIL,Not Reported,2,Not Reported
10009493,JAKAFI,POLYCYTHAEMIA VERA,1,1
10009493,JAKAFI,MYELOID METAPLASIA,1,1
10009493,JAKAFI,SPLENOMEGALY,1,1
10009493,JAKAFI,MYELOPROLIFERATIVE DISORDER,1,1
10009493,JAKAFI,Not Reported,1,1
10009493,TRACLEER,PULMONARY HYPERTENSION,2,Not Reported
10009493,SYNTHROID,Not Reported,2,Not Reported
10009493,ALLOPURINOL,Not Reported,2,Not Reported
10009493,SODIUM BICARBONATE,Not Reported,2,Not Reported
10009493,METOPROLOL,Not Reported,2,Not Reported
10009493,DILTIAZEM,Not Reported,2,Not Reported
10009493,PROCRIT,Not Reported,2,Not Reported
10009493,IMODIUM,Not Reported,2,Not Reported
10009493,ANARESP,ANAEMIA,2,Not Reported
10009493,DIGOXIN,Not Reported,2,Not Reported
10009493,ASPIRIN,Not Reported,2,Not Reported
10009493,CALCIUM,Not Reported,2,Not Reported
10009493,LASIX,Not Reported,2,Not Reported
10009493,AMBIEN,Not Reported,2,Not Reported
10009508,JAKAFI,MYELOFIBROSIS,1,4
10009508,METOPROLOL,Not Reported,2,Not Reported
10009508,PRADAXA,Not Reported,2,Not Reported
10009508,LASIX,Not Reported,2,Not Reported
10009508,MULTIVITAMIN,Not Reported,2,Not Reported
10009510,JAKAFI,MYELOFIBROSIS,1,5
10009510,JAKAFI,Not Reported,1,5
10009510,METOPROLOL,Not Reported,2,Not Reported
10009529,VITAMIN D                          /00107901/,Not Reported,2,Not Reported
10009529,GABAPENTIN.,Not Reported,2,Not Reported
10009529,METOPROLOL,Not Reported,2,Not Reported
10009529,ISOSORBID DINITRATE,Not Reported,2,Not Reported
10009529,LASIX,Not Reported,2,Not Reported
10009529,XANAX,Not Reported,2,Not Reported
10009529,VITAMIN B12,Not Reported,2,Not Reported
10009529,PRAVACHOL,Not Reported,2,Not Reported
10009529,ARANESP,Not Reported,2,Not Reported
10009529,JAKAFI,MYELOFIBROSIS,1,Not Reported
10009529,LEVOTHYROXINE,Not Reported,2,Not Reported
10009529,POTASSIUM,Not Reported,2,Not Reported
10009529,ALLOPURINOL.,Not Reported,2,Not Reported
10009538,JAKAFI,MYELOFIBROSIS,1,2
10009538,JAKAFI,Not Reported,1,2
10009538,ASPIRIN,Not Reported,2,Not Reported
10009538,FOLIC ACID,Not Reported,2,Not Reported
10009538,FUROSEMIDE,Not Reported,2,Not Reported
10009538,LEVOTHYROXINE,Not Reported,2,Not Reported
10009538,METOPROLOL,Not Reported,2,Not Reported
10009538,METAZOLINE,Not Reported,2,Not Reported
10009539,JAKAFI,MYELOFIBROSIS,1,2
10009539,JAKAFI,Not Reported,1,2
10009539,ALLOPURINOL,Not Reported,2,Not Reported
10009539,MELOXICAM,Not Reported,2,Not Reported
10009539,HYDROCODONE BITARTRATE AND ACETAMINOPHEN,Not Reported,2,Not Reported
10009539,METOPROLOL,Not Reported,2,Not Reported
10009539,WARFARIN,Not Reported,2,Not Reported
10009539,FOLIC ACID,Not Reported,2,Not Reported
10009539,OMEPRAZOLE,Not Reported,2,Not Reported
10009539,ASPIRIN,Not Reported,2,Not Reported
10009539,OMEGA 3,Not Reported,2,Not Reported
10009594,JAKAFI,MYELOFIBROSIS,1,2
10009594,JAKAFI,Not Reported,1,2
10009594,NOVOLOG,Not Reported,2,Not Reported
10009594,NIFEDIPINE,Not Reported,2,Not Reported
10009594,METOPROLOL,Not Reported,2,Not Reported
10009594,FOLIC ACID,Not Reported,2,Not Reported
10009594,LOSARTAN,Not Reported,2,Not Reported
10009594,JANUVIA,Not Reported,2,Not Reported
10009594,HYDROXYZINE,Not Reported,2,Not Reported
10009594,VOLTAREN,Not Reported,2,Not Reported
10009609,JAKAFI,POLYCYTHAEMIA VERA,1,5
10009609,ADVAIR,Not Reported,2,Not Reported
10009609,CLONAZEPAM,Not Reported,2,Not Reported
10009609,LEVEMIR,Not Reported,2,Not Reported
10009609,LEVOTHYROXINE,Not Reported,2,Not Reported
10009609,METOPROLOL,Not Reported,2,Not Reported
10009609,PLAVIX,Not Reported,2,Not Reported
10009609,RANITIDINE,Not Reported,2,Not Reported
10009609,SIMVASTATIN,Not Reported,2,Not Reported
10009609,SPIRIVA,Not Reported,2,Not Reported
10009609,TAMSULOSIN,Not Reported,2,Not Reported
10009657,JAKAFI,MYELOFIBROSIS,1,1
10009657,JAKAFI,SPLENOMEGALY,1,1
10009657,METOPROLOL,Not Reported,2,Not Reported
10009657,LISINOPRIL,Not Reported,2,Not Reported
10009657,HCTZ,Not Reported,2,Not Reported
10009657,LEVOTHYROXINE,Not Reported,2,Not Reported
10009725,JAKAFI,MYELOFIBROSIS,1,5
10009725,ACYCLOVIR,Not Reported,2,Not Reported
10009725,CITALOPRAM,Not Reported,2,Not Reported
10009725,DIGOXIN,Not Reported,2,Not Reported
10009725,METOPROLOL,Not Reported,2,Not Reported
10009725,TYLENOL,Not Reported,2,Not Reported
10009725,ASPIRIN,Not Reported,2,Not Reported
10009725,IRON,SUPPLEMENTATION THERAPY,2,Not Reported
10009725,CHLOROPHYLL,Not Reported,2,Not Reported
10009726,JAKAFI,MYELOFIBROSIS,1,2
10009726,JAKAFI,Not Reported,1,2
10009726,GLYBURIDE,Not Reported,2,Not Reported
10009726,ASPIRIN,Not Reported,2,Not Reported
10009726,LOSARTAN,Not Reported,2,Not Reported
10009726,METOPROLOL,Not Reported,2,Not Reported
10009749,JAKAFI,MYELOFIBROSIS,1,1
10009749,JAKAFI,Not Reported,1,1
10009749,METOPROLOL,Not Reported,2,Not Reported
10009749,XANAX,Not Reported,2,Not Reported
10009788,JAKAFI,MYELOFIBROSIS,1,5
10009788,PREDNISONE,Not Reported,2,Not Reported
10009788,ALLOPURINOL,Not Reported,2,Not Reported
10009788,NORVASC,Not Reported,2,Not Reported
10009788,ASPIRIN,Not Reported,2,Not Reported
10009788,AVODART,Not Reported,2,Not Reported
10009788,SYMBICORT,Not Reported,2,Not Reported
10009788,HYDROCODONE,Not Reported,2,Not Reported
10009788,HYDREA,Not Reported,2,Not Reported
10009788,LOSARTAN,Not Reported,2,Not Reported
10009788,METOPROLOL,Not Reported,2,Not Reported
10009788,FLOMAX,Not Reported,2,Not Reported
10009808,JAKAFI,MYELOFIBROSIS,1,2
10009808,JAKAFI,Not Reported,1,2
10009808,GLYBURIDE,Not Reported,2,Not Reported
10009808,METOPROLOL TARTRATE,Not Reported,2,Not Reported
10009808,ASPIRIN,Not Reported,2,Not Reported
10009808,LOSARTAN POTASSIUM,Not Reported,2,Not Reported
10009808,NEXIUM,Not Reported,2,Not Reported
10009837,JAKAFI,MYELOFIBROSIS,1,1
10009837,ASPIRIN,Not Reported,2,Not Reported
10009837,VICODIN,Not Reported,2,Not Reported
10009837,METOPROLOL,Not Reported,2,Not Reported
10009837,LASIX,Not Reported,2,Not Reported
10009837,POTASSIUM,Not Reported,2,Not Reported
10009837,LISINOPRIL,Not Reported,2,Not Reported
10009893,JAKAFI,POLYCYTHAEMIA VERA,1,5
10009893,METOPROLOL,Not Reported,2,Not Reported
10009893,REQUIP,Not Reported,2,Not Reported
10009893,CRESTOR,Not Reported,2,Not Reported
10009893,ASPIRIN,Not Reported,2,Not Reported
10009893,ALLOPURINOL,Not Reported,2,Not Reported
10009893,SYNTHROID,Not Reported,2,Not Reported
10009893,AMANTADINE,Not Reported,2,Not Reported
10009893,OMEPRAZOLE,Not Reported,2,Not Reported
10009894,JAKAFI,POLYCYTHAEMIA VERA,1,1
10009894,ANAGRELIDE,Not Reported,1,1
10009894,PROPAFENONE,Not Reported,2,Not Reported
10009894,METOPROLOL,Not Reported,2,Not Reported
10009897,JAKAFI,POLYCYTHAEMIA VERA,1,4
10009897,ASPIRIN,Not Reported,2,Not Reported
10009897,LOSARTAN,Not Reported,2,Not Reported
10009897,SIMVASTATIN,Not Reported,2,Not Reported
10009897,"MULTIVITAMINS, PLAIN",Not Reported,2,Not Reported
10009897,CALCIUM,Not Reported,2,Not Reported
10009897,METOPROLOL,Not Reported,2,Not Reported
10009901,JAKAFI,MYELOFIBROSIS,1,2
10009901,JAKAFI,MYELOPROLIFERATIVE DISORDER,1,2
10009901,CRESTOR,Not Reported,2,Not Reported
10009901,METOPROLOL,Not Reported,2,Not Reported
10009901,ASPIRIN,Not Reported,2,Not Reported
10009901,LOSARTAN,Not Reported,2,Not Reported
10009901,NORVASC,Not Reported,2,Not Reported
10009901,GLIPIZIDE,Not Reported,2,Not Reported
10009901,AMBIEN CR,Not Reported,2,Not Reported
10009901,ZOLOFT,Not Reported,2,Not Reported
10009901,GABAPENTIN,Not Reported,2,Not Reported
10009944,JAKAFI,MYELODYSPLASTIC SYNDROME,1,5
10009944,MOTRIN,Not Reported,2,Not Reported
10009944,PROCRIT,Not Reported,2,Not Reported
10009944,FUROSEMIDE,Not Reported,2,Not Reported
10009944,LEVOTHYROXINE,Not Reported,2,Not Reported
10009944,COMPAZINE,Not Reported,2,Not Reported
10009944,METRONIDAZOLE,Not Reported,2,Not Reported
10009944,METOPROLOL,Not Reported,2,Not Reported
10009944,MULTIVITAMINS,Not Reported,2,Not Reported
10010015,LISINOPRIL.,PRODUCT USED FOR UNKNOWN INDICATION,2,Not Reported
10010015,HYDROCHLOROTHIAZIDE.,PRODUCT USED FOR UNKNOWN INDICATION,2,Not Reported
10010015,METOPROLOL.,PRODUCT USED FOR UNKNOWN INDICATION,2,Not Reported
10010015,SYMBICORT,PRODUCT USED FOR UNKNOWN INDICATION,2,Not Reported
10010015,JAKAFI,MYELOFIBROSIS,1,5
10010015,JAKAFI,Not Reported,1,5
10010018,JAKAFI,MYELOFIBROSIS,1,Not Reported
10010018,BABY ASPIRIN,Not Reported,2,Not Reported
10010018,HYDROXYCHLOROQUINE,Not Reported,2,Not Reported
10010018,PLAQUENIL,Not Reported,2,Not Reported
10010018,OMEPRAZOL,Not Reported,2,Not Reported
10010018,METOPROLOL,Not Reported,2,Not Reported
10010018,ALLOPURINOL,Not Reported,2,Not Reported
10010018,LOSARTAN,Not Reported,2,Not Reported
10010058,JAKAFI,Not Reported,1,5
10010058,TERAZOSIN,Not Reported,2,Not Reported
10010058,CENTRUM,Not Reported,2,Not Reported
10010058,FLONASE,Not Reported,2,Not Reported
10010058,XALATAN,Not Reported,2,Not Reported
10010058,TRAZODONE,Not Reported,2,Not Reported
10010058,SIMVASTATIN,Not Reported,2,Not Reported
10010058,ASPIRIN,Not Reported,2,Not Reported
10010058,VITAMIN B COMPLEX,Not Reported,2,Not Reported
10010058,METOPROLOL,Not Reported,2,Not Reported
10010058,CETIRIZINE,Not Reported,2,Not Reported
10010071,JAKAFI,MYELOFIBROSIS,1,5
10010071,SPIRIVA,Not Reported,2,Not Reported
10010071,METOPROLOL,Not Reported,2,Not Reported
10010071,SIMVASTATIN,Not Reported,2,Not Reported
10010071,VALACYCLOVIR,Not Reported,2,Not Reported
10010071,WARFARIN,Not Reported,2,Not Reported
10010071,FLOMAX,Not Reported,2,Not Reported
10010071,VITAMIN D,Not Reported,2,Not Reported
10010071,TYLENOL,Not Reported,2,Not Reported
10010077,VITAMIN B12,PRODUCT USED FOR UNKNOWN INDICATION,2,Not Reported
10010077,ASPIRIN [ACETYLSALICYLIC ACID],PRODUCT USED FOR UNKNOWN INDICATION,2,Not Reported
10010077,IRON,SUPPLEMENTATION THERAPY,2,Not Reported
10010077,JAKAFI,MYELOFIBROSIS,1,6
10010077,VANCOMYCIN,PRODUCT USED FOR UNKNOWN INDICATION,2,Not Reported
10010077,FERROUS [IRON],PRODUCT USED FOR UNKNOWN INDICATION,2,Not Reported
10010077,JAKAFI,Not Reported,1,6
10010077,PRILOSEC,PRODUCT USED FOR UNKNOWN INDICATION,2,Not Reported
10010077,LEVOTHYROXINE.,PRODUCT USED FOR UNKNOWN INDICATION,2,Not Reported
10010077,METOPROLOL.,PRODUCT USED FOR UNKNOWN INDICATION,2,Not Reported
10010077,CEPHALEXIN [CEFALEXIN],PRODUCT USED FOR UNKNOWN INDICATION,2,Not Reported
10010077,VITAMIN D [VITAMIN D NOS],PRODUCT USED FOR UNKNOWN INDICATION,2,Not Reported
10010077,KAOPECTATE [ATTAPULGITE],PRODUCT USED FOR UNKNOWN INDICATION,2,Not Reported
10010077,ALENDRONATE SODIUM.,PRODUCT USED FOR UNKNOWN INDICATION,2,Not Reported
10010077,HYDREA,PRODUCT USED FOR UNKNOWN INDICATION,2,Not Reported
10010077,CALCIUM,PRODUCT USED FOR UNKNOWN INDICATION,2,Not Reported
10010077,FOLIC ACID.,PRODUCT USED FOR UNKNOWN INDICATION,2,Not Reported
10010078,JAKAFI,MYELOFIBROSIS,1,5
10010078,PLAVIX,Not Reported,2,Not Reported
10010078,METOPROLOL,Not Reported,2,Not Reported
10010078,ULORIC,Not Reported,2,Not Reported
10010078,COZAAR,Not Reported,2,Not Reported
10010078,LASIX,Not Reported,2,Not Reported
10010078,TRAZODONE,Not Reported,2,Not Reported
10010078,PROTONIX,Not Reported,2,Not Reported
10010078,XANAX,Not Reported,2,Not Reported
10010078,LEXAPRO,Not Reported,2,Not Reported
10010091,JAKAFI,MYELOFIBROSIS,1,5
10010091,ASPIRIN,Not Reported,2,Not Reported
10010091,METOPROLOL,Not Reported,2,Not Reported
10010091,LIPITOR,Not Reported,2,Not Reported
10010091,PANTOPRAZOLE,Not Reported,2,Not Reported
10010091,ALLOPURINOL,Not Reported,2,Not Reported
10010091,TENOFOVIR,Not Reported,2,Not Reported
10010091,METFORMIN,Not Reported,2,Not Reported
10010091,GLICLAZIDE,Not Reported,2,Not Reported
10010092,JAKAFI,Not Reported,1,Not Reported
10010092,LASIX,Not Reported,2,Not Reported
10010092,GABAPENTIN,Not Reported,2,Not Reported
10010092,LEVOTHYROXINE,Not Reported,2,Not Reported
10010092,ALLOPURINOL,Not Reported,2,Not Reported
10010092,PRAVACOL,Not Reported,2,Not Reported
10010092,METOPROLOL,Not Reported,2,Not Reported
10010092,XANAX,Not Reported,2,Not Reported
10010092,POTASSIUM,Not Reported,2,Not Reported
10010092,VITAMIN B12,Not Reported,2,Not Reported
10010092,VITAMIN D,Not Reported,2,Not Reported
10010092,ARANESP,Not Reported,2,Not Reported
10010092,ISOSORBIDE DINITRATE,Not Reported,2,Not Reported
10010100,JAKAFI,MYELOFIBROSIS,1,5
10010100,LEVOTHYROXINE,Not Reported,2,Not Reported
10010100,METOPROLOL,Not Reported,2,Not Reported
10010100,CALCIUM,Not Reported,2,Not Reported
10010100,ASPIRIN,Not Reported,2,Not Reported
10010104,JAKAFI,MYELOFIBROSIS,1,Not Reported
10010104,LASIX,Not Reported,2,Not Reported
10010104,PREDNISONE,Not Reported,2,Not Reported
10010104,POTASSIUM CL ER,Not Reported,2,Not Reported
10010104,DIGOXIN,Not Reported,2,Not Reported
10010104,METOPROLOL SUCCINATE ER,Not Reported,2,Not Reported
10010104,ALLOPURINOL,Not Reported,2,Not Reported
10010168,JAKAFI,POLYCYTHAEMIA VERA,1,4
10010168,JAKAFI,MYELOFIBROSIS,1,4
10010168,METOPROLOL,Not Reported,2,Not Reported
10010168,LOSARTAN,Not Reported,2,Not Reported
10010168,HYDROXYCHLOROQUINE,Not Reported,2,Not Reported
10010168,ASPIRIN,Not Reported,2,Not Reported
10010168,ALLOPURINOL,Not Reported,2,Not Reported
10010168,OMEPRAZOLE,Not Reported,2,Not Reported
10010168,AMBIEN,Not Reported,2,Not Reported
10010168,SERTRALINE,Not Reported,2,Not Reported
10010170,JAKAFI,MYELOFIBROSIS,1,2
10010170,JAKAFI,Not Reported,1,2
10010170,TYLENOL,Not Reported,2,Not Reported
10010170,COENZYME Q10,Not Reported,2,Not Reported
10010170,COLACE,Not Reported,2,Not Reported
10010170,ANAGRELIDE,Not Reported,2,Not Reported
10010170,FAMOTIDINE.,Not Reported,2,Not Reported
10010170,HYDROCODONE COMPOUND               /01224801/,Not Reported,2,Not Reported
10010170,METOPROLOL                         /00376902/,Not Reported,2,Not Reported
10010170,CITALOPRAM,Not Reported,2,Not Reported
10010170,LIPITOR,Not Reported,2,Not Reported
10010170,PLAVIX,Not Reported,2,Not Reported
10010170,ISOSORBIDE.,Not Reported,2,Not Reported
10010170,SPIRONOLACTONE.,Not Reported,2,Not Reported
10010170,AMIODARONE                         /00133102/,Not Reported,2,Not Reported
10010170,POTASSIUM                          /00209301/,Not Reported,2,Not Reported
10010170,LASIX,Not Reported,2,Not Reported
10010170,LEVOTHYROXINE.,Not Reported,2,Not Reported
10010170,TRAZODONE,Not Reported,2,Not Reported
10010170,CRANBERRY                          /01512301/,Not Reported,2,Not Reported
10010170,MIRABEGRON,Not Reported,2,Not Reported
10010170,VESICARE,Not Reported,2,Not Reported
10010543,ELIQUIS,ATRIAL FIBRILLATION,1,Not Reported
10010543,LIPITOR,Not Reported,2,Not Reported
10010543,METOPROLOL,Not Reported,2,Not Reported
10010543,MOBIC,Not Reported,2,Not Reported
10010674,MOLSIDOMINE,CORONARY ARTERY DISEASE,1,5
10010674,CLOPIDOGREL,THROMBOSIS PROPHYLAXIS,1,5
10010674,SIMVASTATIN,HYPERLIPIDAEMIA,1,5
10010674,RAMIPRIL,HYPERTENSION,1,5
10010674,HERZ ASS,THROMBOSIS PROPHYLAXIS,2,5
10010674,OMEPRAZOL,GASTRITIS PROPHYLAXIS,2,5
10010674,METOPROLOL,HYPERTENSION,2,5
10010827,LERCANIDIPINE,PRODUCT USED FOR UNKNOWN INDICATION,2,1
10010827,OLMESARTAN,HYPERTENSION,1,1
10010827,ENALAPRIL,PRODUCT USED FOR UNKNOWN INDICATION,1,1
10010827,METOPROLOL.,PRODUCT USED FOR UNKNOWN INDICATION,2,1
10010827,NIFEDIPINE.,PRODUCT USED FOR UNKNOWN INDICATION,2,1
10010827,METHYLDOPA.,PRODUCT USED FOR UNKNOWN INDICATION,2,1
10010829,METOPROLOL,PRODUCT USED FOR UNKNOWN INDICATION,1,Not Reported
10010829,EXFORGE HCT,PRODUCT USED FOR UNKNOWN INDICATION,1,Not Reported
10011255,CETIRIZINE 10 MG,HYPERSENSITIVITY,1,Not Reported
10011255,CETIRIZINE 10 MG,Not Reported,1,Not Reported
10011255,METOPROLOL SUCCINATE,PRODUCT USED FOR UNKNOWN INDICATION,2,Not Reported
10011255,ALPRAZOLAM,PRODUCT USED FOR UNKNOWN INDICATION,2,Not Reported
10011255,FUROSEMIDE,PRODUCT USED FOR UNKNOWN INDICATION,2,Not Reported
10011255,LEXAPRO,PRODUCT USED FOR UNKNOWN INDICATION,2,Not Reported
10011255,BUPROPION,PRODUCT USED FOR UNKNOWN INDICATION,2,Not Reported
10011255,LYRICA,PRODUCT USED FOR UNKNOWN INDICATION,2,Not Reported
10011255,SPIRONOLACTONE,PRODUCT USED FOR UNKNOWN INDICATION,2,Not Reported
10011255,POTASSIUM,PRODUCT USED FOR UNKNOWN INDICATION,2,Not Reported
10011255,LEVOTHYROXINE,PRODUCT USED FOR UNKNOWN INDICATION,2,Not Reported
10011439,GAMMAGARD LIQUID,BLOOD IMMUNOGLOBULIN G DECREASED,1,4
10011439,GAMMAGARD LIQUID,Not Reported,1,4
10011439,HIZENTRA,PRODUCT USED FOR UNKNOWN INDICATION,1,Not Reported
10011439,HIZENTRA,Not Reported,1,Not Reported
10011439,METOPROLOL,HYPERTENSION,2,Not Reported
10011439,LOSARTAN POTASSIUM,HYPERTENSION,2,Not Reported
10011648,REMICADE,RHEUMATOID ARTHRITIS,1,4
10011648,LISINOPRIL,HYPERTENSION,2,Not Reported
10011648,METHOTREXATE,RHEUMATOID ARTHRITIS,2,Not Reported
10011648,VERAPAMIL,ATRIAL FIBRILLATION,2,Not Reported
10011648,METOPROLOL,ATRIAL FIBRILLATION,2,Not Reported
10011648,SOTALOL,HEART RATE,2,Not Reported
10011648,FOLIC ACID,RHEUMATOID ARTHRITIS,2,Not Reported
10011648,ZYRTEC,MULTIPLE ALLERGIES,2,Not Reported
10011648,VITAMIN D,Not Reported,2,Not Reported
10011722,METOPROLOL TARTRATE,HYPERTENSION,1,5
10011722,EFFEXOR XR,DEPRESSION,1,5
10011722,FLECAINIDE ACETATE,ATRIAL FIBRILLATION,1,5
10011783,PRADAXA,ATRIAL FIBRILLATION,1,1
10011783,METOPROLOL XL,HYPERTENSION,2,Not Reported
10011783,LASIX,HYPERTENSION,2,Not Reported
10011783,LOSARTAN,HYPERTENSION,2,Not Reported
10011783,CRESTOR,Not Reported,2,Not Reported
10011783,OMEPRAZOLE,Not Reported,2,Not Reported
10011926,ZYPADHERA,SCHIZOPHRENIA,1,4
10011926,METOPROLOL,Not Reported,2,Not Reported
10011926,CARDURA,Not Reported,2,Not Reported
10011926,LOZAP                              /01121602/,Not Reported,2,Not Reported
10011926,PROCORALAN,Not Reported,2,Not Reported
10011926,SORTIS,Not Reported,2,Not Reported
10011926,SPIRIX,Not Reported,2,Not Reported
10011931,AFINITOR,PANCREATIC NEUROENDOCRINE TUMOUR METASTATIC,1,1
10011931,AFINITOR,Not Reported,1,1
10011931,METOCLOPRAMIDE,NAUSEA,2,5
10011931,SALBUTAMOL,Not Reported,2,4
10011931,PARACETAMOL,Not Reported,2,5
10011931,PANTOPRAZOLO DR RED,PEPTIC ULCER,2,4
10011931,NODIA//LOPERAMIDE HYDROCHLORIDE,DIARRHOEA,2,4
10011931,ASPIRIN,Not Reported,2,5
10011931,SYMBICORT TU,Not Reported,2,4
10011931,ARROW-RANITIDINE,Not Reported,2,4
10011931,NEO-MERCAZOLE,Not Reported,2,4
10011931,PLENDIL ER,Not Reported,2,4
10011931,METOPROLOL,BLOOD PRESSURE,2,4
10011931,ACCURETIC,Not Reported,2,5
10011931,RANITIDINE,PEPTIC ULCER,2,5
10011931,BUDESONIDE W/FORMOTEROL FUMARATE,ASTHMA,2,5
10011931,FELODIPINE,BLOOD PRESSURE,2,5
10011931,METFORMIN,Not Reported,2,5
10011931,OMEPRAZOLE,Not Reported,2,5
10012040,AMIODARONE,PRODUCT USED FOR UNKNOWN INDICATION,2,Not Reported
10012040,TAPAZOLE,PRODUCT USED FOR UNKNOWN INDICATION,2,Not Reported
10012040,METOPROLOL TARTRATE,PRODUCT USED FOR UNKNOWN INDICATION,2,Not Reported
10012040,PERCOCET,PRODUCT USED FOR UNKNOWN INDICATION,2,Not Reported
10012040,SUCRALFATE,PRODUCT USED FOR UNKNOWN INDICATION,2,Not Reported
10012040,KLOR-CON,PRODUCT USED FOR UNKNOWN INDICATION,2,Not Reported
10012040,KLOR-CON,Not Reported,2,Not Reported
10012040,VALTREX,PRODUCT USED FOR UNKNOWN INDICATION,2,Not Reported
10012040,VALTREX,Not Reported,2,Not Reported
10012040,COUMADIN,PRODUCT USED FOR UNKNOWN INDICATION,2,Not Reported
10012040,METHIMAZOLE,PRODUCT USED FOR UNKNOWN INDICATION,2,Not Reported
10012040,DECADRON,PLASMA CELL MYELOMA,2,Not Reported
10012040,ZOFRAN,NAUSEA,2,Not Reported
10012040,DERMAGRAN,DECUBITUS ULCER,2,Not Reported
10012040,VELCADE,PLASMA CELL MYELOMA,2,Not Reported
10012040,ZOMETA,PLASMA CELL MYELOMA,2,Not Reported
10012040,REVLIMID,PLASMA CELL MYELOMA,1,5
10012040,REVLIMID,Not Reported,1,5
10012054,METOPROLOL,BLOOD PRESSURE,2,Not Reported
10012054,LIPITOR,LOW DENSITY LIPOPROTEIN INCREASED,1,4
10012054,LIPITOR,CARDIOVASCULAR EVENT PROPHYLAXIS,1,4
10012054,LISINOPRIL.,BLOOD PRESSURE,2,Not Reported
10012075,LIPITOR,BLOOD TRIGLYCERIDES INCREASED,1,5
10012075,LIPITOR,LOW DENSITY LIPOPROTEIN INCREASED,1,5
10012075,LIPITOR,MYOCARDIAL INFARCTION,1,5
10012075,LIPITOR,BLOOD CHOLESTEROL INCREASED,1,5
10012075,LIPITOR,CARDIOVASCULAR DISORDER,1,5
10012075,ASPIRIN.,CARDIOVASCULAR EVENT PROPHYLAXIS,2,Not Reported
10012075,LIPITOR,CARDIOVASCULAR EVENT PROPHYLAXIS,1,5
10012075,METOPROLOL,MYOCARDIAL INFARCTION,2,Not Reported
10012075,ASPIRIN.,CARDIAC DISORDER,2,Not Reported
10012175,LAPATINIB,BREAST CANCER METASTATIC,1,1
10012175,ERIBULIN,BREAST CANCER METASTATIC,1,1
10012175,METOPROLOL,Not Reported,2,5
10012175,VALSARTAN,Not Reported,2,5
10012175,LETROZOLE,Not Reported,2,5
10012205,DABRAFENIB,NON-SMALL CELL LUNG CANCER,1,Not Reported
10012205,CALCICHEW,PROPHYLAXIS,2,Not Reported
10012205,METOPROLOL,HYPERTENSION,2,Not Reported
10012205,MICARDIS PLUS,HYPERTENSION,2,Not Reported
10012205,PARACETAMOL,PAIN,2,Not Reported
10012205,ZOFRAN,NAUSEA,2,Not Reported
10012205,PREDNISON,PYREXIA,2,Not Reported
10012386,SUTENT,RENAL CANCER,1,1
10012386,METOPROLOL,Not Reported,2,Not Reported
10012386,ACTOS,DIABETES MELLITUS,2,Not Reported
10012386,LOSARTAN,Not Reported,2,Not Reported
10012419,ASPIRIN.,PRODUCT USED FOR UNKNOWN INDICATION,2,Not Reported
10012419,EFFEXOR,PRODUCT USED FOR UNKNOWN INDICATION,2,Not Reported
10012419,METOPROLOL.,PRODUCT USED FOR UNKNOWN INDICATION,2,Not Reported
10012419,AMPYRA,GAIT DISTURBANCE,1,5
10012419,XANAX,PRODUCT USED FOR UNKNOWN INDICATION,2,Not Reported
10012419,SIMVASTATIN.,PRODUCT USED FOR UNKNOWN INDICATION,2,Not Reported
10012419,AMPYRA,ABDOMINAL DISCOMFORT,1,5
10012450,SUTENT,RENAL CELL CARCINOMA,1,Not Reported
10012450,METOPROLOL,HYPERTENSION,2,Not Reported
10012450,LISINOPRIL,HYPERTENSION,2,Not Reported
10012518,KLOR-CON TABLETS,BLOOD POTASSIUM DECREASED,1,1
10012518,METOPROLOL,HYPERTENSION,2,Not Reported
10012518,MESALAMINE,COLITIS,2,Not Reported
10012518,SYNTHROID,HYPOTHYROIDISM,2,Not Reported
10012518,ADVAIR,Not Reported,2,Not Reported
10012518,SPIRIVA,Not Reported,2,Not Reported
10012518,LASIX,Not Reported,2,Not Reported
10012704,HUMALOG LISPRO,DIABETES MELLITUS,1,5
10012704,XANAX,Not Reported,2,5
10012704,METOPROLOL,Not Reported,2,5
10012704,CRESTOR,Not Reported,2,5
10012704,CALCIUM,Not Reported,2,5
10012704,CRANBERRY                          /01512301/,Not Reported,2,5
10012704,CINNAMON                           /01647501/,Not Reported,2,5
10012704,BABY ASPIRIN,Not Reported,2,5
10012704,NITROFURANTOIN,Not Reported,2,5
10012725,NEXIUM,GASTROOESOPHAGEAL REFLUX DISEASE,1,4
10012725,NEXIUM,DYSPEPSIA,1,4
10012725,LISINOPRIL,BLOOD PRESSURE ABNORMAL,1,4
10012725,Z PACK,NASOPHARYNGITIS,1,5
10012725,Z PACK,COUGH,1,5
10012725,COUMADIN,BLOOD DISORDER,1,1
10012725,ENTERIC COATED BABY ASPIRIN,BLOOD DISORDER,2,Not Reported
10012725,LIPITOR,BLOOD CHOLESTEROL ABNORMAL,2,Not Reported
10012725,ZETIA,BLOOD CHOLESTEROL ABNORMAL,2,Not Reported
10012725,HCTZ,BLOOD PRESSURE ABNORMAL,2,Not Reported
10012725,METOPROLOL TARTRATE,BLOOD PRESSURE ABNORMAL,2,Not Reported
10012725,MIRALAX,CONSTIPATION,2,Not Reported
10012725,GAS X,Not Reported,2,Not Reported
10012725,STOOL SOFTNER,CONSTIPATION,2,Not Reported
10012770,PRADAXA,CEREBRAL INFARCTION,1,4
10012770,KEPPRA,EPILEPSY,1,5
10012770,VIMPAT,PRODUCT USED FOR UNKNOWN INDICATION,1,5
10012770,ORFIRIL,PRODUCT USED FOR UNKNOWN INDICATION,1,2
10012770,SIMVASTATIN,CEREBROVASCULAR ACCIDENT,2,Not Reported
10012770,METOPROLOL,Not Reported,2,Not Reported
10012770,RAMIPRIL,Not Reported,2,Not Reported
10012889,ORENCIA,Not Reported,1,1
10012889,PREDNISOLONE,Not Reported,2,Not Reported
10012889,RISEDRONIC ACID,Not Reported,2,Not Reported
10012889,CLOPIDOGREL BISULFATE,Not Reported,2,Not Reported
10012889,DEXTRAN 40 + HYPROMELLOSE,Not Reported,2,Not Reported
10012889,ACETYLSALICYLIC ACID,Not Reported,2,Not Reported
10012889,THYRAX,Not Reported,2,Not Reported
10012889,SIMVASTATIN,Not Reported,2,Not Reported
10012889,METOPROLOL,Not Reported,2,Not Reported
10012889,PARACETAMOL TABS,Not Reported,2,Not Reported
10012889,OMEPRAZOLE,Not Reported,2,Not Reported
10012889,CALCIFEROL,Not Reported,2,Not Reported
10012889,NITROGLYCERINE,Not Reported,2,Not Reported
10012889,OXAZEPAM,Not Reported,2,Not Reported
10012904,BRILINTA,Not Reported,1,1
10012904,METOPROLOL,Not Reported,2,Not Reported
10013047,LORAZEPAM,Not Reported,1,5
10013047,METOPROLOL TARTRATE,Not Reported,1,5
10013047,ACCUPRIL,Not Reported,1,5
10013047,ASA,Not Reported,1,5
10013116,LISINOPRIL,Not Reported,1,1
10013116,METOPROLOL,Not Reported,1,1
10013116,EXFORGE,Not Reported,2,Not Reported
10013116,CLONIDINE,Not Reported,2,Not Reported
10013419,XANAX,Not Reported,1,5
10013419,METOPROLOL,Not Reported,1,5
10013419,VICODIN,Not Reported,1,5
10013453,PRADAXA,PROPHYLAXIS,1,1
10013453,PRADAXA,Not Reported,1,1
10013453,NOVALGIN,Not Reported,2,Not Reported
10013453,METOPROLOL,Not Reported,2,Not Reported
10013453,DELIX 2.5,Not Reported,2,Not Reported
10013453,SIMVASTATIN,Not Reported,2,Not Reported
10013453,IBU 800,Not Reported,2,Not Reported
10013453,PANTOZOL,Not Reported,2,Not Reported
10013453,TILIDIN 50,Not Reported,2,Not Reported
10013460,AZILECT,PARKINSON^S DISEASE,1,5
10013460,MIRAPEX,Not Reported,2,Not Reported
10013460,METOPROLOL,Not Reported,2,Not Reported
10013613,OMNISCAN,RENAL CYST,1,Not Reported
10013613,OMNISCAN,RENAL FAILURE,1,Not Reported
10013613,EPOGEN,Not Reported,2,Not Reported
10013613,PROCRIT,Not Reported,2,Not Reported
10013613,LISINOPRIL,Not Reported,2,Not Reported
10013613,ASPIRIN,Not Reported,2,Not Reported
10013613,FERROUS SULFATE,Not Reported,2,Not Reported
10013613,DIOVAN,Not Reported,2,Not Reported
10013613,HECTOROL,Not Reported,2,Not Reported
10013613,METOPROLOL,Not Reported,2,Not Reported
10013613,LASIX,Not Reported,2,Not Reported
10013613,COUMADIN,Not Reported,2,Not Reported
10013613,VENOFER,Not Reported,2,Not Reported
10013613,SENSIPAR,Not Reported,2,Not Reported
10013613,FOSRENOL,Not Reported,2,Not Reported
10013613,PREDNISONE,Not Reported,2,Not Reported
10013613,CELLCEPT,Not Reported,2,Not Reported
10013613,PROGRAF,Not Reported,2,Not Reported
10013613,VALTREX,Not Reported,2,Not Reported
10013613,BACTRIM,Not Reported,2,Not Reported
10013699,XARELTO,ATRIAL FIBRILLATION,1,1
10013699,XARELTO,CEREBROVASCULAR ACCIDENT PROPHYLAXIS,3,1
10013699,ASPIRIN CARDIO,CORONARY ARTERY DISEASE,3,5
10013699,PANTOPRAZOLE,Not Reported,2,Not Reported
10013699,REMERON,Not Reported,2,Not Reported
10013699,QUETIAPINE,Not Reported,2,Not Reported
10013699,ZOLPIDEM TARTRATE,Not Reported,2,Not Reported
10013699,METOPROLOL,Not Reported,2,Not Reported
10013702,AVELOX,LUNG INFECTION,1,4
10013702,SYNTHROID,Not Reported,2,Not Reported
10013702,CARBAMAZEPINE,Not Reported,2,Not Reported
10013702,LIPITOR,Not Reported,2,Not Reported
10013702,WELCHOL,Not Reported,2,Not Reported
10013702,SILODOSIN,Not Reported,2,Not Reported
10013702,METOPROLOL,Not Reported,2,Not Reported
10013702,ADVAIR,Not Reported,2,Not Reported
10013702,SPIRIVA,Not Reported,2,Not Reported
10013702,ASPIRIN,Not Reported,2,Not Reported
10013702,MUCINEX DM,Not Reported,2,Not Reported
10013833,OXYTROL FOR WOMEN,INCONTINENCE,1,1
10013833,JANUVIA,DIABETES MELLITUS,2,5
10013833,SYNTHROID,PRODUCT USED FOR UNKNOWN INDICATION,2,5
10013833,FUROSEMIDE,PRODUCT USED FOR UNKNOWN INDICATION,2,5
10013833,NEXIUM,PRODUCT USED FOR UNKNOWN INDICATION,2,5
10013833,ZOLOFT,PRODUCT USED FOR UNKNOWN INDICATION,2,5
10013833,CLONAZEPAM,PRODUCT USED FOR UNKNOWN INDICATION,2,5
10013833,CRESTOR,PRODUCT USED FOR UNKNOWN INDICATION,2,5
10013833,METOPROLOL,PRODUCT USED FOR UNKNOWN INDICATION,2,5
10013833,PLAVIX,PRODUCT USED FOR UNKNOWN INDICATION,2,5
10013833,ASPIRIN,PRODUCT USED FOR UNKNOWN INDICATION,2,5
10013833,HYDROCHLOROTHIAZIDE (+) LOSARTAN POTASSIUM,PRODUCT USED FOR UNKNOWN INDICATION,2,5
10013833,AMIODARONE,PRODUCT USED FOR UNKNOWN INDICATION,2,5
10013849,HERZ ASS,THROMBOSIS PROPHYLAXIS,2,Not Reported
10013849,SIMVASTATIN.,HYPERLIPIDAEMIA,1,1
10013849,OMEPRAZOLE.,GASTRITIS PROPHYLAXIS,2,Not Reported
10013849,RAMIPRIL.,HYPERTENSION,1,1
10013849,METOPROLOL,HYPERTENSION,2,Not Reported
10013849,MOLSIDOMINE,CORONARY ARTERY DISEASE,1,1
10013849,CLOPIDOGREL,THROMBOSIS PROPHYLAXIS,1,1
10013850,MOLSIDOMINE,CORONARY ARTERY DISEASE,1,1
10013850,CLOPIDOGREL,THROMBOSIS PROPHYLAXIS,1,1
10013850,SIMVASTATIN,HYPERLIPIDAEMIA,1,1
10013850,RAMIPRIL,HYPERTENSION,1,1
10013850,HERZ ASS,THROMBOSIS PROPHYLAXIS,2,Not Reported
10013850,OMEPRAZOLE,GASTRITIS PROPHYLAXIS,2,Not Reported
10013850,METOPROLOL,HYPERTENSION,2,Not Reported
10013851,MOLSIDOMINE,CORONARY ARTERY DISEASE,1,1
10013851,CLOPIDOGREL,THROMBOSIS PROPHYLAXIS,1,1
10013851,SIMVASTATIN,HYPERLIPIDAEMIA,1,1
10013851,RAMIPRIL,HYPERTENSION,1,1
10013851,HERZ ASS,THROMBOSIS PROPHYLAXIS,2,Not Reported
10013851,OMEPRAZOLE,GASTRITIS PROPHYLAXIS,2,Not Reported
10013851,METOPROLOL,HYPERTENSION,2,Not Reported
10013917,ASA,PRODUCT USED FOR UNKNOWN INDICATION,2,Not Reported
10013917,FRAGMIN,ADVERSE EVENT,2,Not Reported
10013917,KCL,ADVERSE EVENT,2,Not Reported
10013917,DILAUDID,ADVERSE EVENT,2,Not Reported
10013917,REVLIMID,PLASMA CELL MYELOMA,1,1
10013917,HYDROMORPHONE HCL,ADVERSE EVENT,2,Not Reported
10013917,CYCLOBENZAPRINE,ADVERSE EVENT,2,Not Reported
10013917,FLOVENT,ADVERSE EVENT,2,Not Reported
10013917,SENEKOT,PRODUCT USED FOR UNKNOWN INDICATION,2,Not Reported
10013917,DEXAMETHASONE.,Not Reported,1,1
10013917,VANCOMYCIN,Not Reported,2,Not Reported
10013917,NORMAL SALINE,Not Reported,2,Not Reported
10013917,FLAGYL,Not Reported,2,Not Reported
10013917,LEVOFLOXACIN.,Not Reported,2,Not Reported
10013917,HYDROMORPH CONTIN,Not Reported,2,Not Reported
10013917,QUETIAPINE.,ADVERSE EVENT,2,Not Reported
10013917,MG OXIDE,ADVERSE EVENT,2,Not Reported
10013917,HALOPERIDOL.,PRODUCT USED FOR UNKNOWN INDICATION,2,Not Reported
10013917,SCOPOLAMINE,PRODUCT USED FOR UNKNOWN INDICATION,2,Not Reported
10013917,LEVOFLOXACIN.,ADVERSE EVENT,2,Not Reported
10013917,HYDROMORPH CONTIN,ADVERSE EVENT,2,Not Reported
10013917,SENNOSIDES.,ADVERSE EVENT,2,Not Reported
10013917,HYDROMORPHONE HCL,Not Reported,2,Not Reported
10013917,VANCOMYCIN,ADVERSE EVENT,2,Not Reported
10013917,TYLENOL,ADVERSE EVENT,2,Not Reported
10013917,K-TEN,ADVERSE EVENT,2,Not Reported
10013917,CEFUROXIME.,PRODUCT USED FOR UNKNOWN INDICATION,2,Not Reported
10013917,DEXAMETHASONE.,PLASMA CELL MYELOMA,1,1
10013917,FLAGYL,ADVERSE EVENT,2,Not Reported
10013917,MGSO4,ADVERSE EVENT,2,Not Reported
10013917,REVLIMID,Not Reported,1,1
10013917,ELOTUZUMAB.,PLASMA CELL MYELOMA,1,1
10013917,PAMIDRONATE,PRODUCT USED FOR UNKNOWN INDICATION,2,Not Reported
10013917,NORMAL SALINE,ADVERSE EVENT,2,Not Reported
10013917,METOPROLOL.,ADVERSE EVENT,2,Not Reported
10013917,CEFTRIAXONE.,ADVERSE EVENT,2,Not Reported
10013917,OXYGEN.,ADVERSE EVENT,2,Not Reported
10013917,LACTULOSE.,ADVERSE EVENT,2,Not Reported
10013917,THIAMINE.,ADVERSE EVENT,2,Not Reported
10013917,POTASSIUM,ADVERSE EVENT,2,Not Reported
10013917,AZITHROMYCIN ANHYDROUS.,ADVERSE EVENT,2,Not Reported
10013917,MAGNESIUM BOLUS,ADVERSE EVENT,2,Not Reported
10013917,D5/0.5NS/KCL,ADVERSE EVENT,2,Not Reported
10013917,CEPHALEXIN.,PRODUCT USED FOR UNKNOWN INDICATION,2,Not Reported
10013917,MORPHINE,PRODUCT USED FOR UNKNOWN INDICATION,2,Not Reported
10013917,LORAZEPAM.,ADVERSE EVENT,2,Not Reported
10013917,G-CSF,ADVERSE EVENT,2,Not Reported
10014036,JANUMET,DIABETES MELLITUS,1,4
10014036,ENALAPRIL MALEATE.,Not Reported,2,Not Reported
10014036,METOPROLOL,Not Reported,2,Not Reported
10014036,ASPIRIN.,Not Reported,2,Not Reported
10014036,GLIMEPIRIDE.,Not Reported,2,Not Reported
10014036,MEVACOR,Not Reported,2,Not Reported
10014466,ARAVA,PRODUCT USED FOR UNKNOWN INDICATION,2,Not Reported
10014466,PREDNISOLONE,PRODUCT USED FOR UNKNOWN INDICATION,2,Not Reported
10014466,CALCIMAGON D3,PRODUCT USED FOR UNKNOWN INDICATION,2,Not Reported
10014466,ASA,PRODUCT USED FOR UNKNOWN INDICATION,2,Not Reported
10014466,PANTOZOL,PRODUCT USED FOR UNKNOWN INDICATION,2,Not Reported
10014466,SIMVASTATINE,PRODUCT USED FOR UNKNOWN INDICATION,2,Not Reported
10014466,METOPROLOL,PRODUCT USED FOR UNKNOWN INDICATION,2,Not Reported
10014466,TORASEMIDE,PRODUCT USED FOR UNKNOWN INDICATION,2,Not Reported
10014466,ENALAPRIL,PRODUCT USED FOR UNKNOWN INDICATION,2,Not Reported
10014466,TILIDINE,PRODUCT USED FOR UNKNOWN INDICATION,2,Not Reported
10014466,HUMIRA,RHEUMATOID ARTHRITIS,1,1
10014466,METHOTREXATE,PRODUCT USED FOR UNKNOWN INDICATION,1,Not Reported
10014466,LEFLUNOMID,PRODUCT USED FOR UNKNOWN INDICATION,2,Not Reported
10014530,TARCEVA,LUNG NEOPLASM MALIGNANT,1,Not Reported
10014530,SYNTHROID,PRODUCT USED FOR UNKNOWN INDICATION,2,Not Reported
10014530,ABTEI BIOTIN,PRODUCT USED FOR UNKNOWN INDICATION,2,Not Reported
10014530,NYQUIL,PRODUCT USED FOR UNKNOWN INDICATION,2,Not Reported
10014530,METOPROLOL,PRODUCT USED FOR UNKNOWN INDICATION,2,Not Reported
10014530,ORSYTHIA,PRODUCT USED FOR UNKNOWN INDICATION,2,Not Reported
10014575,XARELTO,ATRIAL FIBRILLATION,1,1
10014575,XARELTO,CEREBROVASCULAR ACCIDENT PROPHYLAXIS,1,1
10014575,RAMIPRIL,CORONARY ARTERY DISEASE,2,Not Reported
10014575,SIMVASTATIN,HYPERLIPIDAEMIA,2,Not Reported
10014575,METOPROLOL,CORONARY ARTERY DISEASE,2,Not Reported
10014575,ASS,CORONARY ARTERY DISEASE,2,Not Reported
10014638,BLINDED EZETIMIBE (+) SIMVASTATIN,ACUTE CORONARY SYNDROME,1,1
10014638,BLINDED THERAPY,ACUTE CORONARY SYNDROME,1,1
10014638,SIMVASTATIN,Not Reported,1,4
10014638,ALBUTEROL SULFATE (+) IPRATROPIUM BROMIDE,Not Reported,1,5
10014638,FRAXIPARINE,Not Reported,1,5
10014638,PANTOPRAZOLE,Not Reported,1,5
10014638,CEFTRIAXONE SODIUM,Not Reported,1,5
10014638,HALOPERIDOL,Not Reported,1,5
10014638,METOPROLOL SUCCINATE,Not Reported,1,5
10014638,ACENOCOUMAROL,Not Reported,1,4
10014638,METOPROLOL,Not Reported,1,4
10014638,DICLOFENAC,Not Reported,1,5
10014638,HYDROCHLOROTHIAZIDE,Not Reported,1,4
10014864,ARSENIC TRIOXIDE,ACUTE PROMYELOCYTIC LEUKAEMIA,1,1
10014864,ARSENIC TRIOXIDE,Not Reported,1,1
10014864,TRETINOIN,ACUTE PROMYELOCYTIC LEUKAEMIA,1,1
10014864,TRETINOIN,Not Reported,1,1
10014864,GEMTUZUMAB OZOGAMICIN,ACUTE PROMYELOCYTIC LEUKAEMIA,1,1
10014864,CASPOFUNGIN,Not Reported,2,Not Reported
10014864,HYDROCORTISONE,Not Reported,2,Not Reported
10014864,IPRATROPIUM,Not Reported,2,Not Reported
10014864,LEVOSALBUTAMOL,Not Reported,2,Not Reported
10014864,MEROPENEM,Not Reported,2,Not Reported
10014864,METOPROLOL TARTRATE,Not Reported,2,Not Reported
10014864,MOXIFLOXACIN,Not Reported,2,Not Reported
10014864,GLYCERYL TRINITRATE,Not Reported,2,Not Reported
10014864,NOREPINEPHRINE,Not Reported,2,Not Reported
10014864,ADDERALL,Not Reported,2,Not Reported
10014864,LISINOPRIL,Not Reported,2,Not Reported
10014864,TEMAZEPAM,Not Reported,2,Not Reported
10014864,CEFEPIME,Not Reported,2,Not Reported
10014864,LINEZOLID,Not Reported,2,Not Reported
10014864,METRONIDAZOLE,Not Reported,2,Not Reported
10014864,MIDAZOLAM,Not Reported,2,Not Reported
10014864,PANTOPRAZOLE,Not Reported,2,Not Reported
10014977,TRADJENTA,TYPE 2 DIABETES MELLITUS,1,1
10014977,LYRICA,FIBROMYALGIA,2,Not Reported
10014977,METOPROLOL,HYPERTENSION,2,Not Reported
10014977,GLYBURIDE,TYPE 2 DIABETES MELLITUS,2,Not Reported
10014977,HCTZ/LISINOPRIL,FLUID RETENTION,2,Not Reported
10014977,HCTZ/LISINOPRIL,HYPERTENSION,2,Not Reported
10015449,CORTISONE,OSTEOARTHRITIS,2,Not Reported
10015449,FUROSEMIDE.,OEDEMA,2,Not Reported
10015449,ENZALUTAMIDE,PROSTATE CANCER,1,Not Reported
10015449,AMIODARONE,PROPHYLAXIS,2,Not Reported
10015449,LORATADINE.,SEASONAL ALLERGY,2,Not Reported
10015449,ASPIRIN.,PROPHYLAXIS,2,Not Reported
10015449,MULTIVITAMIN                       /00097801/,VITAMIN SUPPLEMENTATION,2,Not Reported
10015449,OSTEO BI-FLEX,ARTHRITIS,2,Not Reported
10015449,CARBAMIDE PEROXIDE,CERUMEN IMPACTION,2,Not Reported
10015449,ENZALUTAMIDE,Not Reported,1,Not Reported
10015449,METOPROLOL TARTRATE.,HYPERTENSION,2,Not Reported
10015449,TRAZODONE,DEPRESSION,2,Not Reported
10015449,LATANOPROST.,GLAUCOMA,2,Not Reported
10015449,DIPHENHYDRAMINE,INSOMNIA,2,Not Reported
10015449,FEXOFENADINE HYDROCHLORIDE.,SEASONAL ALLERGY,2,Not Reported
10015682,OXYTROL FOR WOMEN,BLADDER DISORDER,1,4
10015682,OXYTROL FOR WOMEN,URINARY INCONTINENCE,1,4
10015682,METOPROLOL,PRODUCT USED FOR UNKNOWN INDICATION,2,5
10015682,SOTALOL HYDROCHLORIDE,PRODUCT USED FOR UNKNOWN INDICATION,2,5
10015682,DILTIAZEM HYDROCHLORIDE,PRODUCT USED FOR UNKNOWN INDICATION,2,5
10015682,LOSARTAN POTASSIUM,PRODUCT USED FOR UNKNOWN INDICATION,2,5
10015743,SPIRIVA,CHRONIC OBSTRUCTIVE PULMONARY DISEASE,1,4
10015743,LOSARTAN,HYPERTENSION,2,Not Reported
10015743,METOPROLOL,Not Reported,2,Not Reported
10015785,REVLIMID,PLASMA CELL MYELOMA,1,4
10015785,GABAPENTIN,NEUROPATHY PERIPHERAL,2,Not Reported
10015785,CALTRATE 600 +D,PRODUCT USED FOR UNKNOWN INDICATION,2,Not Reported
10015785,DEXAMETHASONE,PRODUCT USED FOR UNKNOWN INDICATION,2,Not Reported
10015785,ECOTRIN,PRODUCT USED FOR UNKNOWN INDICATION,2,Not Reported
10015785,ICAPS,PRODUCT USED FOR UNKNOWN INDICATION,2,Not Reported
10015785,MULTIVITAMINS,PRODUCT USED FOR UNKNOWN INDICATION,2,Not Reported
10015785,PRILOSEC,PRODUCT USED FOR UNKNOWN INDICATION,2,Not Reported
10015785,VITAMIN B12,PRODUCT USED FOR UNKNOWN INDICATION,2,Not Reported
10015785,SIMVASTATIN,PRODUCT USED FOR UNKNOWN INDICATION,2,Not Reported
10015785,METOPROLOL TARTRATE,PRODUCT USED FOR UNKNOWN INDICATION,2,Not Reported
10015785,ALLOPURINOL,PRODUCT USED FOR UNKNOWN INDICATION,2,Not Reported
10015785,TRICOR,PRODUCT USED FOR UNKNOWN INDICATION,2,Not Reported
10015785,FLUCONAZOLE,PRODUCT USED FOR UNKNOWN INDICATION,2,Not Reported
10015785,FUROSEMIDE,PRODUCT USED FOR UNKNOWN INDICATION,2,Not Reported
10015785,METRONIDAZOLE,PRODUCT USED FOR UNKNOWN INDICATION,2,Not Reported
10015785,MOVIPREP,PRODUCT USED FOR UNKNOWN INDICATION,2,Not Reported
10015785,OXYCODONE/ACETAMINOPHEN,PRODUCT USED FOR UNKNOWN INDICATION,2,Not Reported
10015785,PROCTOSOL HC,PRODUCT USED FOR UNKNOWN INDICATION,2,Not Reported
10015785,RESTASIS,PRODUCT USED FOR UNKNOWN INDICATION,2,Not Reported
10015785,VALACYCLOVIR,PRODUCT USED FOR UNKNOWN INDICATION,2,Not Reported
10015806,VOTRIENT,RENAL CANCER,1,4
10015806,RADIATION THERAPY,Not Reported,1,5
10015806,METOPROLOL,Not Reported,2,Not Reported
10015806,PEPCID,Not Reported,2,Not Reported
10015806,SPIRONOLACTONE,Not Reported,2,Not Reported
10015806,DIOVAN,Not Reported,2,Not Reported
10015806,IMODIUM,Not Reported,2,Not Reported
10015806,LEVOTHYROXINE,Not Reported,2,Not Reported
10015806,SENNA,Not Reported,2,Not Reported
10015806,ZYRTEC,Not Reported,2,Not Reported
10015838,FLOVENT,ASTHMA EXERCISE INDUCED,1,1
10015838,LEVOTHYROXINE,PRODUCT USED FOR UNKNOWN INDICATION,1,3
10015838,METOPROLOL,Not Reported,2,5
10015883,XELJANZ,RHEUMATOID ARTHRITIS,1,4
10015883,LEXAPRO,DEPRESSION,2,Not Reported
10015883,METOPROLOL,HYPERTENSION,2,Not Reported
10015883,METHOTREXATE,RHEUMATOID ARTHRITIS,2,Not Reported
10015920,XARELTO,CEREBROVASCULAR ACCIDENT PROPHYLAXIS,1,1
10015920,XARELTO,ATRIAL FIBRILLATION,1,1
10015920,ASA,PRODUCT USED FOR UNKNOWN INDICATION,1,5
10015920,METOPROLOL SUCCINATE,Not Reported,2,Not Reported
10015920,MEMANTINE,Not Reported,2,Not Reported
10015920,DONEPEZIL,Not Reported,2,Not Reported
10015920,QUETIAPINE,Not Reported,2,Not Reported
10015920,DIGOXIN,Not Reported,2,Not Reported
10015920,DILTIAZEM,Not Reported,2,Not Reported
10015921,XARELTO,CEREBROVASCULAR ACCIDENT PROPHYLAXIS,1,1
10015921,XARELTO,HEART RATE ABNORMAL,1,1
10015921,METOPROLOL TARTRATE,Not Reported,2,Not Reported
10015921,MAGNESIUM OXIDE,Not Reported,2,Not Reported
10015921,DIGOXIN,Not Reported,2,Not Reported
10015921,SIMVASTATIN,Not Reported,2,Not Reported
10015921,ELIQUIS,Not Reported,2,Not Reported
10015921,CALCIUM CITRATE + VITAMIN D,Not Reported,2,Not Reported
10015921,CO-Q10,Not Reported,2,Not Reported
10015921,FOLIC ACID,Not Reported,2,Not Reported
10015921,B 12,Not Reported,2,Not Reported
10015921,B-6,Not Reported,2,Not Reported
10016029,LETAIRIS,PULMONARY ARTERIAL HYPERTENSION,1,4
10016029,METOPROLOL,Not Reported,2,Not Reported
10016029,LASIX                              /00032601/,Not Reported,2,Not Reported
10016029,K-LOR,Not Reported,2,Not Reported
10016029,ASPIRIN,Not Reported,2,Not Reported
10016029,PREDNISONE,Not Reported,2,Not Reported
10016038,REVLIMID,PLASMA CELL MYELOMA,1,1
10016038,REVLIMID,Not Reported,1,1
10016038,ASPIRIN LOW DOSE,PRODUCT USED FOR UNKNOWN INDICATION,2,Not Reported
10016038,B-COMPLEX,PRODUCT USED FOR UNKNOWN INDICATION,2,Not Reported
10016038,CALCIUM 1000+D,PRODUCT USED FOR UNKNOWN INDICATION,2,Not Reported
10016038,CITALOPRAM HYDROBROMIDE,PRODUCT USED FOR UNKNOWN INDICATION,2,Not Reported
10016038,FENTANYL,PRODUCT USED FOR UNKNOWN INDICATION,2,Not Reported
10016038,FISH OIL,PRODUCT USED FOR UNKNOWN INDICATION,2,Not Reported
10016038,GABAPENTIN,PRODUCT USED FOR UNKNOWN INDICATION,2,Not Reported
10016038,CONENZYME Q10,PRODUCT USED FOR UNKNOWN INDICATION,2,Not Reported
10016038,ZOMETA,PRODUCT USED FOR UNKNOWN INDICATION,2,Not Reported
10016038,NAMENDA,DEMENTIA,2,Not Reported
10016038,CALCIUM,PRODUCT USED FOR UNKNOWN INDICATION,2,Not Reported
10016038,DEXAMETHASONE,PRODUCT USED FOR UNKNOWN INDICATION,2,Not Reported
10016038,LEVOTHYROXINE,PRODUCT USED FOR UNKNOWN INDICATION,2,Not Reported
10016038,LIPITOR,PRODUCT USED FOR UNKNOWN INDICATION,2,Not Reported
10016038,LORAZEPAM,PRODUCT USED FOR UNKNOWN INDICATION,2,Not Reported
10016038,METOPROLOL SUCCINATE,PRODUCT USED FOR UNKNOWN INDICATION,2,Not Reported
10016038,MIRALAX,PRODUCT USED FOR UNKNOWN INDICATION,2,Not Reported
10016038,MIACIN,PRODUCT USED FOR UNKNOWN INDICATION,2,Not Reported
10016038,NORVASC,PRODUCT USED FOR UNKNOWN INDICATION,2,Not Reported
10016038,OMEPRAZOLE,PRODUCT USED FOR UNKNOWN INDICATION,2,Not Reported
10016038,SENNA,PRODUCT USED FOR UNKNOWN INDICATION,2,Not Reported
10016038,WAFARIN,PRODUCT USED FOR UNKNOWN INDICATION,2,Not Reported
10016058,LATANOPROST.,Not Reported,2,Not Reported
10016058,CYANOCOBALAMIN.,Not Reported,2,Not Reported
10016058,GUAIFENESIN.,Not Reported,2,Not Reported
10016058,CARBIDOPA/LEVODOPA,Not Reported,2,Not Reported
10016058,TRAMADOL HYDROCHLORIDE.,PAIN,2,Not Reported
10016058,FERROUS SULFATE,Not Reported,2,Not Reported
10016058,SALSALATE.,Not Reported,2,Not Reported
10016058,IMDUR,Not Reported,2,Not Reported
10016058,FELODIPINE.,BLOOD PRESSURE,2,Not Reported
10016058,LISINOPRIL.,BLOOD PRESSURE,2,Not Reported
10016058,ZOCOR,BLOOD CHOLESTEROL INCREASED,2,Not Reported
10016058,RABEPRAZOLE SODIUM.,Not Reported,2,Not Reported
10016058,PLAVIX,PRODUCT USED FOR UNKNOWN INDICATION,1,4
10016058,TRAVOPROST,Not Reported,2,Not Reported
10016058,AZITHROMYCIN,Not Reported,2,Not Reported
10016058,METHYLPREDNISOLONE.,Not Reported,2,Not Reported
10016058,ASPIRIN.,Not Reported,2,Not Reported
10016058,BISACODYL.,Not Reported,2,Not Reported
10016058,ISOSORBIDE MONONITRATE.,Not Reported,2,Not Reported
10016058,DORZOLAMIDE,Not Reported,2,Not Reported
10016058,METOPROLOL TARTRATE.,Not Reported,2,Not Reported
10016058,LORAZEPAM.,Not Reported,2,Not Reported
10016058,OMEPRAZOLE.,Not Reported,2,Not Reported
10016058,FERROUS GLUCONATE,Not Reported,2,Not Reported
10016058,ETODOLAC.,Not Reported,2,Not Reported
10016058,NITROSTAT,CHEST PAIN,2,Not Reported
10016058,POLYETHYLENE GLYCOL,Not Reported,2,Not Reported
10016136,PLAVIX,PERIPHERAL ARTERIAL OCCLUSIVE DISEASE,1,4
10016136,PLAVIX,STENT PLACEMENT,1,4
10016136,IBUPROFEN.,Not Reported,2,Not Reported
10016136,METOPROLOL,Not Reported,2,Not Reported
10016136,ASPIRIN.,Not Reported,1,5
10016136,ATENOLOL.,Not Reported,2,Not Reported
10016136,CRESTOR,Not Reported,2,Not Reported
10016136,PLAVIX,MYOCARDIAL INFARCTION,1,4
10016136,PROTONIX,Not Reported,2,Not Reported
10016136,ZETIA,Not Reported,2,Not Reported
10016136,REGLAN,Not Reported,2,Not Reported
10016136,NITROGLYCERINE,Not Reported,2,Not Reported
10016136,ZANTAC,GASTROOESOPHAGEAL REFLUX DISEASE,2,Not Reported
10016136,PLAVIX,ACUTE CORONARY SYNDROME,1,4
10016174,VENTAVIS,PULMONARY ARTERIAL HYPERTENSION,1,4
10016174,VENTAVIS,Not Reported,1,4
10016174,ADCIRCA,Not Reported,2,Not Reported
10016174,COUMADIN,Not Reported,2,Not Reported
10016174,PRILOSEC,Not Reported,2,Not Reported
10016174,MULTIVITAMIN,Not Reported,2,Not Reported
10016174,SUCRALFATE,Not Reported,2,Not Reported
10016174,PROZAC,Not Reported,2,Not Reported
10016174,DICYCLOMINE,Not Reported,2,Not Reported
10016174,SYNTHROID,Not Reported,2,Not Reported
10016174,DILANTIN,Not Reported,2,Not Reported
10016174,LANOXIN,Not Reported,2,Not Reported
10016174,ALDACTONE,Not Reported,2,Not Reported
10016174,KLOR-CON,Not Reported,2,Not Reported
10016174,DUONEB,Not Reported,2,Not Reported
10016174,MAGNESIUM OXIDE,Not Reported,2,Not Reported
10016174,BUMEX,Not Reported,2,Not Reported
10016174,ACETAMINOPHEN,Not Reported,2,Not Reported
10016174,NITROSTAT,Not Reported,2,Not Reported
10016174,OXYGEN,Not Reported,2,Not Reported
10016174,TESSALON,Not Reported,2,Not Reported
10016174,METOPROLOL TARTRATE,Not Reported,2,Not Reported
10016174,METOLAZONE,Not Reported,2,Not Reported
10016174,GLUCOPHAGE,Not Reported,2,Not Reported
10016174,LETAIRIS,Not Reported,2,Not Reported
10016174,FORADIL,Not Reported,2,Not Reported
10016271,PREDNISONE.,PRODUCT USED FOR UNKNOWN INDICATION,2,5
10016271,CYCLOBENZAPRINE HCL,PRODUCT USED FOR UNKNOWN INDICATION,2,5
10016271,VITAMIN C,PRODUCT USED FOR UNKNOWN INDICATION,2,5
10016271,VITAMIN B 6,PRODUCT USED FOR UNKNOWN INDICATION,2,5
10016271,LEVOTHYROXINE SODIUM.,PRODUCT USED FOR UNKNOWN INDICATION,2,5
10016271,LEFLUNOMIDE.,PRODUCT USED FOR UNKNOWN INDICATION,2,5
10016271,ABATACEPT,PSORIATIC ARTHROPATHY,1,5
10016271,IBUPROFEN.,PRODUCT USED FOR UNKNOWN INDICATION,2,5
10016271,METOPROLOL SUCCINATE.,PRODUCT USED FOR UNKNOWN INDICATION,2,5
10016297,BAYER ASPIRIN REGIMEN ADULT LOW STRENGTH,ISCHAEMIC HEART DISEASE PROPHYLAXIS,1,Not Reported
10016297,BAYER ASPIRIN REGIMEN ADULT LOW STRENGTH,ANTICOAGULANT THERAPY,1,Not Reported
10016297,ACCUPRIL,Not Reported,2,Not Reported
10016297,METOPROLOL TARTRATE,Not Reported,2,Not Reported
10016297,PLAVIX,Not Reported,2,Not Reported
10003320,TYVASO,Not Reported,1,Not Reported
10003320,LOSARTAN.,SLEEP APNOEA SYNDROME,1,Not Reported
10003320,LETAIRIS,SLEEP APNOEA SYNDROME,1,4
10003320,LOSARTAN.,PULMONARY HYPERTENSION,1,Not Reported
10003320,LETAIRIS,PULMONARY HYPERTENSION,1,4
10003332,PRADAXA,CEREBROVASCULAR ACCIDENT PROPHYLAXIS,1,4
10003332,LOSARTAN,HYPERTENSION,2,Not Reported
10003332,CRESTOR,BLOOD CHOLESTEROL INCREASED,2,Not Reported
10003332,DIABETES MEDICATION,TYPE 2 DIABETES MELLITUS,2,Not Reported
10003642,TOFACITINIB CITRATE,RHEUMATOID ARTHRITIS,1,1
10003642,TOFACITINIB CITRATE,Not Reported,1,1
10003642,METHOTREXATE,RHEUMATOID ARTHRITIS,1,1
10003642,SEA KELP,SUPPLEMENTATION THERAPY,2,Not Reported
10003642,ARMOUR THYROID,HYPOTHYROIDISM,2,Not Reported
10003642,LOSARTAN,HYPERTENSION,2,Not Reported
10003642,METFORMIN,TYPE 2 DIABETES MELLITUS,2,Not Reported
10003642,VITAMIN E,SUPPLEMENTATION THERAPY,2,Not Reported
10003642,OMEGA 3-6-9,SUPPLEMENTATION THERAPY,2,Not Reported
10003642,JANUVIA,TYPE 2 DIABETES MELLITUS,2,Not Reported
10003642,FOLIC ACID,SUPPLEMENTATION THERAPY,2,Not Reported
10003885,DEPAKOTE,PRODUCT USED FOR UNKNOWN INDICATION,1,5
10003885,CLOZAPINE,SCHIZOAFFECTIVE DISORDER,1,1
10003885,KEPPRA,PRODUCT USED FOR UNKNOWN INDICATION,2,Not Reported
10003885,NIASPAN,PRODUCT USED FOR UNKNOWN INDICATION,2,Not Reported
10003885,LOSARTAN,PRODUCT USED FOR UNKNOWN INDICATION,2,Not Reported
10003885,LITHIUM,PRODUCT USED FOR UNKNOWN INDICATION,2,Not Reported
10003885,FENOFIBRATE,PRODUCT USED FOR UNKNOWN INDICATION,2,Not Reported
10003885,CLONAZEPAM,PRODUCT USED FOR UNKNOWN INDICATION,2,Not Reported
10003885,HALDOL,PRODUCT USED FOR UNKNOWN INDICATION,2,Not Reported
10003885,LORAZA,PRODUCT USED FOR UNKNOWN INDICATION,2,Not Reported
10003959,JAKAFI,MYELOFIBROSIS,1,2
10003959,JAKAFI,Not Reported,1,2
10003959,FINASTERIDE,Not Reported,2,Not Reported
10003959,TERAZOSIN,Not Reported,2,Not Reported
10003959,LOSARTAN,Not Reported,2,Not Reported
10003959,SILDENAFIL,Not Reported,2,Not Reported
10003959,FUROSEMIDE,Not Reported,2,Not Reported
10003959,HYDRALAZINE,Not Reported,2,Not Reported
10003959,METFORMIN,Not Reported,2,Not Reported
10003959,WARFARIN,Not Reported,2,Not Reported
10003959,SPIRONOLACTONE,Not Reported,2,Not Reported
10004111,JAKAFI,MYELOFIBROSIS,1,1
10004111,JAKAFI,Not Reported,1,1
10004111,TRICOR                             /00090101/,Not Reported,2,Not Reported
10004111,METFORMIN,Not Reported,2,Not Reported
10004111,GLIPIZIDE,Not Reported,2,Not Reported
10004111,LOSARTAN + HIDROCLOROTIAZIDA,Not Reported,2,Not Reported
10004111,ALLOPURINOL,Not Reported,2,Not Reported
10004111,AMITRIPTYLINE,Not Reported,2,Not Reported
10004111,ASPIRIN,Not Reported,2,Not Reported
10004111,FLOVENT,Not Reported,2,Not Reported
10004111,IPRATROPIUM  INHALER                    /00391402/,Not Reported,2,Not Reported
10004111,AZITHROMYCIN,Not Reported,2,Not Reported
10004111,MULTIVITAMINS,Not Reported,2,Not Reported
10004111,THIAMINE,Not Reported,2,Not Reported
10004111,NIACIN,Not Reported,2,Not Reported
10004111,CALCIUM  SUPPLEMENT                          /00060701/,Not Reported,2,Not Reported
10004111,MAGNESIUM  SUPPLEMENT                        /00123201/,Not Reported,2,Not Reported
10004443,INDAPAMIDE,Not Reported,1,1
10004443,CHLORTALIDONE,Not Reported,2,Not Reported
10004443,LOSARTAN,Not Reported,2,Not Reported
10004506,SIMPONI,RHEUMATOID ARTHRITIS,1,1
10004506,SOLU-MEDROL,RHEUMATOID ARTHRITIS,1,5
10004506,PREDNISONE,RHEUMATOID ARTHRITIS,2,Not Reported
10004506,SUMATRIPTAN,MIGRAINE,2,Not Reported
10004506,LASIX,OEDEMA PERIPHERAL,2,Not Reported
10004506,POTASSIUM CHLORIDE,OEDEMA PERIPHERAL,2,Not Reported
10004506,ZOLOFT,DEPRESSION,2,Not Reported
10004506,ESTRADIOL,HYSTERECTOMY,2,Not Reported
10004506,LOSARTAN,BLOOD PRESSURE,2,Not Reported
10004506,CLONAZEPAM,ANXIETY,2,Not Reported
10004506,ADVIL,Not Reported,2,Not Reported
10004687,ASPIRIN.,Not Reported,2,Not Reported
10004687,METFORMIN,Not Reported,2,Not Reported
10004687,TRIMETHOPRIM.,Not Reported,2,Not Reported
10004687,LOSARTAN POTASSIUM.,HYPERTENSION,1,1
10004687,EZETIMIBE.,Not Reported,2,Not Reported
10004687,NOVORAPID,Not Reported,2,Not Reported
10005094,PRADAXA,ATRIAL FIBRILLATION,1,Not Reported
10005094,SPIRIVA,PRODUCT USED FOR UNKNOWN INDICATION,1,Not Reported
10005094,ALENDRONINEZUUR,Not Reported,2,Not Reported
10005094,PANTOPRAZOL,Not Reported,2,Not Reported
10005094,TRAMADOL,Not Reported,2,Not Reported
10005094,RASILEZ,Not Reported,2,Not Reported
10005094,LOSARTAN,Not Reported,2,Not Reported
10005378,MABTHERA,Not Reported,1,Not Reported
10005378,MYCOPHENOLATE MOFETIL.,Not Reported,1,Not Reported
10005378,HYDROXYCHLOROQUINE,Not Reported,2,Not Reported
10005378,NIFEDIPINE RETARD,HYPERTENSION,2,Not Reported
10005378,LOSARTAN,Not Reported,2,Not Reported
10005378,METICORTEN,Not Reported,2,Not Reported
10005378,PROPANOLOL,Not Reported,2,Not Reported
10005378,FUROSEMIDE.,Not Reported,2,Not Reported
10005378,ENALAPRIL,Not Reported,2,Not Reported
10005378,DIMENHYDRINATE/PYRIDOXINE HYDROCHLORIDE,NAUSEA,2,Not Reported
10005378,HYDRALAZINE,HYPERTENSION,2,Not Reported
10005378,ALDOMET,HYPERTENSION,2,Not Reported
10005378,AZATHIOPRINE.,SLE ARTHRITIS,1,Not Reported
10005378,HYDROXYCHLOROQUINE,SYSTEMIC LUPUS ERYTHEMATOSUS,2,Not Reported
10005378,DIPYRONE,PAIN,2,Not Reported
10005378,HYDRALAZINE,Not Reported,2,Not Reported
10005378,PINDOLOL.,Not Reported,2,Not Reported
10005378,AZATHIOPRINE.,Not Reported,1,Not Reported
10005378,DEXCHLORPHENIRAMINE,HYPERSENSITIVITY,2,Not Reported
10005378,NIFEDIPINE RETARD,Not Reported,2,Not Reported
10005378,PARACETAMOL,PAIN,2,Not Reported
10005378,PINDOLOL.,HYPERTENSION,2,Not Reported
10005378,MABTHERA,SLE ARTHRITIS,1,Not Reported
10005378,MYCOPHENOLATE MOFETIL.,SLE ARTHRITIS,1,Not Reported
10005378,METICORTEN,IMMUNOSUPPRESSION,2,Not Reported
10005378,METHYLDOPA.,Not Reported,2,Not Reported
10005537,ENBREL,RHEUMATOID ARTHRITIS,1,1
10005537,LEFLUNOMIDE,RHEUMATOID ARTHRITIS,2,Not Reported
10005537,PREDNISONE,RHEUMATOID ARTHRITIS,2,Not Reported
10005537,LOSARTAN,HYPERTENSION,2,Not Reported
10005537,HYDROCHLOROTHIAZIDE,HYPERTENSION,2,Not Reported
10005537,DIACEREIN,OSTEOARTHRITIS,2,Not Reported
10005632,LUCENTIS,MACULAR DEGENERATION,1,5
10005632,LUCENTIS,DIABETIC RETINAL OEDEMA,1,5
10005632,LOSARTAN,Not Reported,2,Not Reported
10005632,FUROSEMIDE,Not Reported,2,Not Reported
10005632,INSULIN,Not Reported,2,Not Reported
10005759,TECFIDERA,MULTIPLE SCLEROSIS,1,1
10005759,PROVIGIL,Not Reported,2,Not Reported
10005759,SIMVASTATIN.,Not Reported,2,Not Reported
10005759,LOSARTAN POTASSIUM.,Not Reported,2,Not Reported
10005759,OXYCODONE-ACETAMINOPHEN,Not Reported,2,Not Reported
10005759,TRAZODONE HYDROCHLORIDE.,Not Reported,2,Not Reported
10005816,RANIBIZUMAB,MACULAR DEGENERATION,1,Not Reported
10005816,LOSARTAN,Not Reported,2,Not Reported
10005816,METFORMIN,Not Reported,2,Not Reported
10005821,ENBREL,PSORIATIC ARTHROPATHY,1,4
10005821,ENBREL,RHEUMATOID ARTHRITIS,1,4
10005821,ENBREL,Not Reported,1,4
10005821,GARDENAL                           /00023201/,Not Reported,2,Not Reported
10005821,EUTHYROX,THYROID DISORDER,2,Not Reported
10005821,EUTHYROX,HYPOTHYROIDISM,2,Not Reported
10005821,HIDANTAL,CONVULSION,2,Not Reported
10005821,CELESTONE                          /00008501/,Not Reported,2,Not Reported
10005821,LOSARTAN,HYPERTENSION,2,Not Reported
10005821,CELESTAMINE                        /00252801/,Not Reported,2,Not Reported
10005821,ROXFLAN,HYPERTENSION,2,Not Reported
10005821,FLUXTAR,Not Reported,2,Not Reported
10005821,FLUX                               /00168201/,HYPERTENSION,2,Not Reported
10005821,DEXCHLORPHENIRAMINE MALEATE,Not Reported,2,Not Reported
10006198,TARCEVA,LUNG NEOPLASM MALIGNANT,1,Not Reported
10006198,TARCEVA,Not Reported,1,Not Reported
10006198,LOSARTAN,HYPERTENSION,2,Not Reported
10006198,VERAPAMIL,HYPERTENSION,2,Not Reported
10006212,SUTENT,RENAL CELL CARCINOMA,1,5
10006212,LOSARTAN,HYPERTENSION,2,Not Reported
10006367,LIPITOR,CARDIOVASCULAR EVENT PROPHYLAXIS,1,Not Reported
10006367,LIPITOR,LOW DENSITY LIPOPROTEIN INCREASED,1,Not Reported
10006367,ESTRADIOL.,HORMONE REPLACEMENT THERAPY,2,Not Reported
10006367,NEXIUM,GASTROOESOPHAGEAL REFLUX DISEASE,2,Not Reported
10006367,TOPROL XL,HYPERTENSION,2,Not Reported
10006367,ASPIRIN.,ANTICOAGULANT THERAPY,2,Not Reported
10006367,TOPROL XL,Not Reported,2,Not Reported
10006367,LOSARTAN/HCTZ,HYPERTENSION,2,Not Reported
10006515,DABIGATRAN,ANTICOAGULANT THERAPY,1,4
10006515,DIGOXIN,ATRIAL FIBRILLATION,2,Not Reported
10006515,BENDROFLUMETHIAZIDE,HYPERTENSION,2,Not Reported
10006515,BISOPROLOL,ATRIAL FIBRILLATION,2,Not Reported
10006515,ROSUVASTATIN,PROPHYLAXIS,2,Not Reported
10006515,LEVOTHYROXINE,THYROID DISORDER,2,Not Reported
10006515,LOSARTAN,HYPERTENSION,2,Not Reported
10006515,LERCANDIPINE,HYPERTENSION,2,Not Reported
10007306,OXYTROL FOR WOMEN,NOCTURIA,1,Not Reported
10007306,ARIMIDEX,BREAST CANCER,2,5
10007306,DILTIAZEM XR,HYPERTENSION,2,5
10007306,LOSARTAN POTASSIUM,HYPERTENSION,2,5
10007306,LYRICA,NEUROPATHY PERIPHERAL,2,5
10007306,NEXIUM,GASTROOESOPHAGEAL REFLUX DISEASE,2,5
10007306,PRAMIPEXOLE,RESTLESS LEGS SYNDROME,2,5
10008620,JAKAFI,MYELOFIBROSIS,1,4
10008620,HYDROXYUREA,Not Reported,2,Not Reported
10008620,LOSARTAN,Not Reported,2,Not Reported
10008620,NORVASC,Not Reported,2,Not Reported
10008620,ALLOPURINOL,Not Reported,2,Not Reported
10008620,ATIVAN,Not Reported,2,Not Reported
10008658,JAKAFI,MYELOFIBROSIS,1,Not Reported
10008658,PANTOPRAZOLE,Not Reported,2,Not Reported
10008658,LOSARTAN,Not Reported,2,Not Reported
10008752,JAKAFI,MYELOFIBROSIS,1,2
10008752,JAKAFI,Not Reported,1,2
10008752,VICODIN,Not Reported,2,Not Reported
10008752,PANTOPRAZOLE,Not Reported,2,Not Reported
10008752,LOSARTAN,Not Reported,2,Not Reported
10008752,SOTALOL HCL,Not Reported,2,Not Reported
10008752,WARFARIN,Not Reported,2,Not Reported
10008752,MAGNESIUM,Not Reported,2,Not Reported
10008752,MULTIVITAMIN,Not Reported,2,Not Reported
10008752,LEVOXYL,Not Reported,2,Not Reported
10008752,AMBIEN,Not Reported,2,Not Reported
10008752,CALCIUM WITH VITAMIN D,Not Reported,2,Not Reported
10008752,LOSARTAN POTASSICO,Not Reported,2,Not Reported
10008894,JAKAFI,MYELOFIBROSIS,1,4
10008894,HUMALOG,Not Reported,2,Not Reported
10008894,JANUVIA,Not Reported,2,Not Reported
10008894,LOSARTAN,Not Reported,2,Not Reported
10008894,METFORMIN,Not Reported,2,Not Reported
10008894,CARVEDILOL,Not Reported,2,Not Reported
10008894,MAGNESIUM,Not Reported,2,Not Reported
10008894,DICLOFENAC,Not Reported,2,Not Reported
10008894,HYDROCODONE,Not Reported,2,Not Reported
10008894,CARISOPRODOL,Not Reported,2,Not Reported
10008894,VIAGRA,Not Reported,2,Not Reported
10008894,TYLENOL PM,Not Reported,2,Not Reported
10009483,JAKAFI,MYELOFIBROSIS,1,5
10009483,ALLOPURINOL,Not Reported,2,Not Reported
10009483,PROPANOLOL,Not Reported,2,Not Reported
10009483,LOSARTAN,Not Reported,2,Not Reported
10009483,LEVOTHYROXINE,Not Reported,2,Not Reported
10009483,LEXAPRO,Not Reported,2,Not Reported
10009483,MECLIZINE,Not Reported,2,Not Reported
10009483,CIPRO,Not Reported,2,Not Reported
10009483,ASPIRIN,Not Reported,2,Not Reported
10009483,MULTIVITAMIN,Not Reported,2,Not Reported
10009551,JAKAFI,POLYCYTHAEMIA VERA,1,2
10009551,ATENOLOL,Not Reported,2,Not Reported
10009551,LOSARTAN,Not Reported,2,Not Reported
10009551,LEVOTHYROXINE,Not Reported,2,Not Reported
10009551,FAMOTIDINE,Not Reported,2,Not Reported
10009551,MISOPROSTOL,Not Reported,2,Not Reported
10009551,HYDROXYZINE,Not Reported,2,Not Reported
10009551,METHADONE,Not Reported,2,Not Reported
10009551,ONDANSETRON,Not Reported,2,Not Reported
10009551,SPIRONOLACTONE,Not Reported,2,Not Reported
10009580,JAKAFI,MYELOFIBROSIS,1,4
10009580,HUMALOG,Not Reported,2,Not Reported
10009580,LANTUS SOLOSTAR,Not Reported,2,Not Reported
10009580,LOSARTAN,Not Reported,2,Not Reported
10009580,CARVEDILOL,Not Reported,2,Not Reported
10009580,MAGNESIUM,Not Reported,2,Not Reported
10009580,DICLOFENAC,Not Reported,2,Not Reported
10009580,VICODIN,Not Reported,2,Not Reported
10009580,SOMA,Not Reported,2,Not Reported
10009580,VIAGRA,Not Reported,2,Not Reported
10009581,JAKAFI,MYELOFIBROSIS,1,5
10009581,HUMALOG,Not Reported,2,Not Reported
10009581,LANTUS,Not Reported,2,Not Reported
10009581,LOSARTAN,Not Reported,2,Not Reported
10009581,CARVEDILOL,Not Reported,2,Not Reported
10009581,MAGNESIUM,Not Reported,2,Not Reported
10009581,VOLTAREN,Not Reported,2,Not Reported
10009581,VICODIN,Not Reported,2,Not Reported
10009581,VIAGRA,Not Reported,2,5
10009623,JAKAFI,MYELOFIBROSIS,1,2
10009623,JAKAFI,Not Reported,1,2
10009623,LEVOTHROID,Not Reported,2,Not Reported
10009623,LOSARTAN,Not Reported,2,Not Reported
10009623,ASPIRIN,Not Reported,2,Not Reported
10009623,MEDROL,Not Reported,2,Not Reported
10009623,OMEPRAZOLE,Not Reported,2,Not Reported
10009623,ZOLPIDEM,Not Reported,2,Not Reported
10009623,TEMAZEPAM,Not Reported,2,Not Reported
10009623,ALBUTEROL,Not Reported,2,Not Reported
10009849,JAKAFI,MYELOFIBROSIS,1,1
10009849,LOSARTAN,Not Reported,2,Not Reported
10009849,PAROXETINE,Not Reported,2,Not Reported
10009849,CRESTOR,Not Reported,2,Not Reported
10009849,ASPIRIN,Not Reported,2,Not Reported
10009849,MECLIZINE,Not Reported,2,Not Reported
10009849,ADVAIR,Not Reported,2,Not Reported
10009849,COREG,Not Reported,2,Not Reported
10009849,PRAVACHOL,Not Reported,2,Not Reported
10009849,SINGULAIR,Not Reported,2,Not Reported
10009849,SPIRIVA,Not Reported,2,Not Reported
10009903,JAKAFI,MYELOFIBROSIS,1,2
10009903,JAKAFI,Not Reported,1,2
10009903,HYDROCHLOROTHIAZIDE W/LOSARTAN,Not Reported,2,Not Reported
10009903,LEXAPRO,Not Reported,2,Not Reported
10009903,MORPHINE,Not Reported,2,Not Reported
10009903,RITALIN,Not Reported,2,Not Reported
10010000,JAKAFI,MYELOFIBROSIS,1,Not Reported
10010000,ALLOPURINOL,Not Reported,2,Not Reported
10010000,LOSARTAN POTASSIUM W/HYDROCHLOROTHIAZIDE,Not Reported,2,Not Reported
10010000,PAIN MEDICATION,Not Reported,2,Not Reported
10010000,MUSCLE RELAXER,Not Reported,2,Not Reported
10010012,JAKAFI,MYELOFIBROSIS,1,5
10010012,COUMADIN,Not Reported,2,Not Reported
10010012,CARVEDILOL,Not Reported,2,Not Reported
10010012,DIGOXIN,Not Reported,2,Not Reported
10010012,LOSARTAN,Not Reported,2,Not Reported
10010012,ALLOPURINOL,Not Reported,2,Not Reported
10010012,SPIRONOLACTONE,Not Reported,2,Not Reported
10010012,BUMEX,Not Reported,2,Not Reported
10010012,POTASSIUM CHLORIDE,Not Reported,2,Not Reported
10010033,JAKAFI,MYELOFIBROSIS,1,5
10010033,JAKAFI,Not Reported,1,5
10010033,LEVOTHYROXINE,Not Reported,2,Not Reported
10010033,ISOSORBIDE,Not Reported,2,Not Reported
10010033,BUPROPION,Not Reported,2,Not Reported
10010033,FLOMAX,Not Reported,2,Not Reported
10010033,CARVEDILOL,Not Reported,2,Not Reported
10010033,DESYREL,Not Reported,2,Not Reported
10010033,LOSARTAN,Not Reported,2,Not Reported
10010033,PLAVIX,Not Reported,2,Not Reported
10010073,LOSARTAN.,PRODUCT USED FOR UNKNOWN INDICATION,2,Not Reported
10010073,JAKAFI,Not Reported,1,4
10010073,ALLOPURINOL.,PRODUCT USED FOR UNKNOWN INDICATION,2,Not Reported
10010073,SERTRALINE HYDROCHLORIDE.,PRODUCT USED FOR UNKNOWN INDICATION,2,Not Reported
10010073,COMPAZINE,PRODUCT USED FOR UNKNOWN INDICATION,2,Not Reported
10010073,JAKAFI,MYELOFIBROSIS,1,4
10010073,AMITRIPTYLINE PAMOATE,PRODUCT USED FOR UNKNOWN INDICATION,2,Not Reported
10010073,FIORICET,PRODUCT USED FOR UNKNOWN INDICATION,2,Not Reported
10010073,LEVOTHYROXINE SODIUM.,PRODUCT USED FOR UNKNOWN INDICATION,2,Not Reported
10010073,IRON,PRODUCT USED FOR UNKNOWN INDICATION,2,1
10010122,JAKAFI,NEOPLASM MALIGNANT,1,4
10010122,HYDROXYUREA,Not Reported,2,Not Reported
10010122,LOSARTAN,Not Reported,2,Not Reported
10010122,PRILOSEC,Not Reported,2,Not Reported
10010122,PREDNISONE,Not Reported,2,Not Reported
10010122,VITAMIN D,NEOPLASM MALIGNANT,2,Not Reported
10010156,JAKAFI,MYELOFIBROSIS,1,1
10010156,NIASPAN,Not Reported,2,Not Reported
10010156,VITAMIN E,Not Reported,2,Not Reported
10010156,THALOMID,Not Reported,1,Not Reported
10010156,ALLOPURINOL.,Not Reported,2,Not Reported
10010156,LOSARTAN POTASSIUM.,Not Reported,2,Not Reported
10010156,ASA FREE JR,Not Reported,2,Not Reported
10010156,CALCIUM PLUS D3,Not Reported,2,Not Reported
10010156,JAKAFI,Not Reported,1,1
10010156,VITAMIN D3,Not Reported,2,Not Reported
10010156,FISH OIL,Not Reported,2,Not Reported
10010156,VITAMIN B12,Not Reported,2,Not Reported
10010156,NEXIUM,Not Reported,2,Not Reported
10010156,LEVOTHYROXINE SODIUM.,Not Reported,2,Not Reported
10010156,PREDNISONE.,Not Reported,2,Not Reported
10010156,CLEAR EYES                         /00419602/,DRY EYE,2,Not Reported
10010156,FUROSEMIDE.,Not Reported,2,Not Reported
10010160,JAKAFI,MYELOFIBROSIS,1,5
10010160,LOSARTAN,Not Reported,2,Not Reported
10010160,DILTIAZEM,Not Reported,2,Not Reported
10010160,B-COMPLEX VITAMIN,Not Reported,2,Not Reported
10010198,RAMIPRIL,Not Reported,1,5
10010198,CO-CODAMOL,Not Reported,2,Not Reported
10010198,DICLOFENAC SODIUM,Not Reported,2,Not Reported
10010198,LOSARTAN,Not Reported,2,Not Reported
10010198,OMEPRAZOLE,Not Reported,2,Not Reported
10010231,INDAPAMIDE,Not Reported,1,1
10010231,CHLORTALIDONE,Not Reported,2,Not Reported
10010231,LOSARTAN,Not Reported,2,Not Reported
10010591,WARFARIN,ATRIAL FIBRILLATION,1,Not Reported
10010591,ASPIRIN,CEREBROVASCULAR ACCIDENT,1,Not Reported
10010591,ASPIRIN,MYOCARDIAL INFARCTION,1,Not Reported
10010591,CALCIUM,Not Reported,2,Not Reported
10010591,OMEGA 3,Not Reported,2,Not Reported
10010591,HYDROCODONE/ACETAMINOPHEN,Not Reported,2,Not Reported
10010591,CARVEDILOL,Not Reported,2,Not Reported
10010591,DIPHENHYDRAMINE,Not Reported,2,Not Reported
10010591,MONTELUKAST,Not Reported,2,Not Reported
10010591,LOSARTAN,Not Reported,2,Not Reported
10010591,FLUTICASONE/SALMETEROL,Not Reported,2,Not Reported
10010591,SIMVASTATIN,Not Reported,2,Not Reported
10010591,FUROSEMIDE,Not Reported,2,Not Reported
10010591,FEXOFENADINE,Not Reported,2,Not Reported
10010591,CLOPIDOGREL,Not Reported,2,Not Reported
10010591,ASCORBIC ACID,Not Reported,2,Not Reported
10010591,BIOTIN,Not Reported,2,Not Reported
10010701,BETASERON,Not Reported,1,1
10010701,WELLBUTRIN XL,Not Reported,2,Not Reported
10010701,LOSARTAN POTASSIUM,Not Reported,2,Not Reported
10010701,CITRUCEL,Not Reported,2,Not Reported
10010701,CHONDROITIN W/GLUCOSAMINE,Not Reported,2,Not Reported
10010701,CALCIUM CITRATE W/VITAMIN D NOS,Not Reported,2,Not Reported
10010701,XARELTO,Not Reported,2,Not Reported
10010701,FLUTICASONE,Not Reported,2,Not Reported
10010701,ASTEPRO,Not Reported,2,Not Reported
10010701,LOVAZA,Not Reported,2,Not Reported
10010701,CRESTOR,Not Reported,2,Not Reported
10010701,NIASPAN,Not Reported,2,Not Reported
10010701,CONCERTA,Not Reported,2,Not Reported
10010701,AMPYRA,Not Reported,2,Not Reported
10010735,XARELTO,ATRIAL FIBRILLATION,1,1
10010735,XARELTO,CEREBROVASCULAR ACCIDENT PROPHYLAXIS,1,1
10010735,POTASSIUM,Not Reported,2,Not Reported
10010735,ADVAIR,Not Reported,2,Not Reported
10010735,ALBUTEROL,Not Reported,2,Not Reported
10010735,PREDNISONE,Not Reported,2,Not Reported
10010735,ABILIFY,Not Reported,2,Not Reported
10010735,FENTANYL,Not Reported,2,Not Reported
10010735,ZOLOFT,Not Reported,2,Not Reported
10010735,TRAZODONE,Not Reported,2,Not Reported
10010735,HUMALOG,Not Reported,2,Not Reported
10010735,LANTUS,Not Reported,2,Not Reported
10010735,OMEPRAZOLE,Not Reported,2,Not Reported
10010735,SIMVASTATIN,Not Reported,2,Not Reported
10010735,AMIODARONE,Not Reported,2,Not Reported
10010735,LOSARTAN,Not Reported,2,Not Reported
10010735,TOPROL,Not Reported,2,Not Reported
10010735,SYNTHROID,Not Reported,2,Not Reported
10010735,AMBIEN,Not Reported,2,Not Reported
10010735,ACTONEL,Not Reported,2,Not Reported
10011059,EXTRANEAL 75MG/ML - SACO - 5 UNIDADE(S) - 2000 ML,RENAL FAILURE CHRONIC,1,Not Reported
10011059,FUROSEMIDE,PRODUCT USED FOR UNKNOWN INDICATION,2,Not Reported
10011059,LOSARTAN,PRODUCT USED FOR UNKNOWN INDICATION,2,Not Reported
10011059,NIFEDIPINE,PRODUCT USED FOR UNKNOWN INDICATION,2,Not Reported
10011059,CARVEDILOL,PRODUCT USED FOR UNKNOWN INDICATION,2,Not Reported
10011059,FOLIC ACID,PRODUCT USED FOR UNKNOWN INDICATION,2,Not Reported
10011059,PARICALCITOL,PRODUCT USED FOR UNKNOWN INDICATION,2,Not Reported
10011059,CINACALCET,PRODUCT USED FOR UNKNOWN INDICATION,2,Not Reported
10011059,ESOMEPRAZOLE,PRODUCT USED FOR UNKNOWN INDICATION,2,Not Reported
10011059,SEVELAMER,PRODUCT USED FOR UNKNOWN INDICATION,2,Not Reported
10011059,EPOETIN BETA,PRODUCT USED FOR UNKNOWN INDICATION,2,Not Reported
10011690,ATENOLOL,HYPERTENSION,1,Not Reported
10011690,LOSARTAN/HCTZ 100/25,Not Reported,2,Not Reported
10011771,BYETTA,TYPE 2 DIABETES MELLITUS,1,Not Reported
10011771,GLYBURIDE,Not Reported,2,Not Reported
10011771,LOSARTAN POTASSIUM + HCTZ,Not Reported,2,Not Reported
10011771,PANTOPRAZOLE,Not Reported,2,Not Reported
10011771,LOVASTATIN,Not Reported,2,Not Reported
10011771,LEVOTHYROXINE,Not Reported,2,Not Reported
10011771,CALCIUM + MAGNESIUM,Not Reported,2,Not Reported
10011771,VITAMIN D,Not Reported,2,Not Reported
10011771,FIBERCON,Not Reported,2,Not Reported
10011771,COENZYME-Q10,Not Reported,2,Not Reported
10011771,DOXYCYCLINE,Not Reported,2,Not Reported
10011771,ACIDOPHILUS,Not Reported,2,Not Reported
10011771,ASPIRIN,Not Reported,2,Not Reported
10011771,COLACE,Not Reported,2,Not Reported
10011771,FISH OIL,Not Reported,2,Not Reported
10011845,AMYTRIL,DEMENTIA ALZHEIMER^S TYPE,2,1
10011845,LOSARTAN.,BLOOD PRESSURE ABNORMAL,2,4
10011845,TRILEPTAL,CEREBRAL THROMBOSIS,1,3
10011845,TRILEPTAL,Not Reported,1,3
10011845,STILNOX,SLEEP DISORDER,2,1
10011845,SIMVASTATIN.,BLOOD CHOLESTEROL ABNORMAL,2,4
10011845,METFORMIN,DIABETES MELLITUS,2,4
10011845,NATRILIX,BLOOD PRESSURE ABNORMAL,2,4
10011845,OMEPRAZOLE.,GASTRIC DISORDER,2,4
10011845,TRILEPTAL,SEIZURE,1,3
10011845,ROXFLAN,BLOOD PRESSURE MEASUREMENT,2,4
10011845,GLIMEPIRIDE.,DIABETES MELLITUS,2,4
10012029,OFATUMUMAB,CHRONIC LYMPHOCYTIC LEUKAEMIA,1,4
10012029,CHLORAMBUCIL,CHRONIC LYMPHOCYTIC LEUKAEMIA,1,4
10012029,PARACETAMOL,CHRONIC LYMPHOCYTIC LEUKAEMIA,2,5
10012029,CHLORPHENIRAMINE,CHRONIC LYMPHOCYTIC LEUKAEMIA,2,5
10012029,PREDNISOLONE,CHRONIC LYMPHOCYTIC LEUKAEMIA,2,5
10012029,ALLOPURINOL,CHRONIC LYMPHOCYTIC LEUKAEMIA,2,5
10012029,METOCLOPRAMIDE,CHRONIC LYMPHOCYTIC LEUKAEMIA,2,5
10012029,ACICLOVIR,CHRONIC LYMPHOCYTIC LEUKAEMIA,2,5
10012029,GRANULOCYTE COLONY-STIMULATING FACTOR NOS,CHRONIC LYMPHOCYTIC LEUKAEMIA,2,5
10012029,CIPROFLOXACIN,PROPHYLAXIS,2,5
10012029,RANITIDINE,PROPHYLAXIS,2,5
10012029,LEVOTHYROXINE,HYPOTHYROIDISM,2,5
10012029,BENDROFLUAZIDE,HYPERTENSION,2,5
10012029,LOSARTAN,HYPERTENSION,2,5
10012029,SALBUTAMOL,COUGH,2,5
10012291,OXYTROL FOR WOMEN,PRODUCT USED FOR UNKNOWN INDICATION,1,1
10012291,LOSARTAN POTASSIUM,HYPERTENSION,2,5
10012291,LEVOTHYROXINE SODIUM,THYROID DISORDER,2,5
10012291,VENLAFAXINE HYDROCHLORIDE,HOT FLUSH,2,5
10012291,MAGNESIUM (UNSPECIFIED),PRODUCT USED FOR UNKNOWN INDICATION,2,5
10012291,ASPIRIN,PRODUCT USED FOR UNKNOWN INDICATION,2,5
10012291,CALCIUM (UNSPECIFIED),PRODUCT USED FOR UNKNOWN INDICATION,2,5
10012291,CHOLECALCIFEROL,PRODUCT USED FOR UNKNOWN INDICATION,2,5
10012449,INDAPAMIDE (UNKNOWN),PRODUCT USED FOR UNKNOWN INDICATION,1,1
10012449,CHLORTALIDONE,PRODUCT USED FOR UNKNOWN INDICATION,2,5
10012449,LOSARTAN,PRODUCT USED FOR UNKNOWN INDICATION,2,5
10012461,RAMIPRIL (UNKNOWN),PRODUCT USED FOR UNKNOWN INDICATION,1,5
10012461,CO-CODAMOL,PRODUCT USED FOR UNKNOWN INDICATION,2,5
10012461,DICLOFENAC SODIUM,PRODUCT USED FOR UNKNOWN INDICATION,2,5
10012461,LOSARTAN,PRODUCT USED FOR UNKNOWN INDICATION,2,5
10012461,OMEPRAZOLE,PRODUCT USED FOR UNKNOWN INDICATION,2,5
10012629,HUMIRA,RHEUMATOID ARTHRITIS,1,1
10012629,METHOTREXATE,RHEUMATOID ARTHRITIS,2,Not Reported
10012629,FOLIC ACID,VITAMIN SUPPLEMENTATION,2,Not Reported
10012629,PREDNISONE,RHEUMATOID ARTHRITIS,2,Not Reported
10012629,CELEBREX,PAIN,2,Not Reported
10012629,LOSARTAN,HYPERTENSION,2,Not Reported
10012629,POTASSIUM CHLORIDE,MINERAL SUPPLEMENTATION,2,Not Reported
10012629,CITALOPRAM,DEPRESSION,2,Not Reported
10012629,FELDOPINE,HYPERTENSION,2,Not Reported
10012635,PROLIA,OSTEOPOROSIS POSTMENOPAUSAL,1,5
10012635,PREDNISONE,RHEUMATOID ARTHRITIS,2,Not Reported
10012635,LOSARTAN,Not Reported,2,Not Reported
10012635,SOTALOL,ATRIAL FIBRILLATION,2,Not Reported
10012635,XOPENEX,Not Reported,2,Not Reported
10012635,NEXIUM                             /01479302/,Not Reported,2,Not Reported
10012635,ASPIRIN,Not Reported,2,Not Reported
10012635,DIGOXIN,Not Reported,2,Not Reported
10012635,POTASSIUM,Not Reported,2,Not Reported
10012635,GLIMEPIRIDE,Not Reported,2,Not Reported
10012635,NASOCORT,Not Reported,2,Not Reported
10012635,ZOCOR,Not Reported,2,Not Reported
10012635,VITAMIN D                          /00107901/,Not Reported,2,Not Reported
10013545,MABTHERA,RHEUMATOID ARTHRITIS,1,1
10013545,FOLIC ACID,RHEUMATOID ARTHRITIS,2,Not Reported
10013545,METHOTREXATE,RHEUMATOID ARTHRITIS,2,Not Reported
10013545,CELECOXIB,RHEUMATOID ARTHRITIS,2,Not Reported
10013545,PREDNISOLONE,RHEUMATOID ARTHRITIS,2,Not Reported
10013545,LOSARTAN,PROPHYLAXIS,2,Not Reported
10013545,MAGNESIUM OXIDE,PROPHYLAXIS,2,Not Reported
10013545,HYDROXYCHLOROQUINE,RHEUMATOID ARTHRITIS,2,Not Reported
10013637,PRADAXA,ATRIAL FIBRILLATION,1,4
10013637,DIGOXIN,ATRIAL FIBRILLATION,2,Not Reported
10013637,ATENOLOL,ATRIAL FIBRILLATION,2,Not Reported
10013637,PRAVASTATIN,BLOOD CHOLESTEROL INCREASED,2,Not Reported
10013637,LOSARTAN,HYPERTENSION,2,Not Reported
10013637,HYDROCHLOROTHIAZIDE,FLUID RETENTION,2,Not Reported
10013637,ALLOPURINOL,BLOOD URIC ACID INCREASED,2,Not Reported
10013637,CALCIUM WITH D,Not Reported,2,Not Reported
10013637,MULTIVITAMIN,Not Reported,2,Not Reported
10013689,SELOZOK,ANGINA PECTORIS,1,3
10013689,SELOZOK,CARDIAC FAILURE,1,3
10013689,LOSARTAN,Not Reported,2,Not Reported
10013689,HYDROCHLOROTHIAZIDE,Not Reported,2,Not Reported
10013689,OTHER DRUGS,Not Reported,2,Not Reported
10013999,ZYTIGA,PROSTATE CANCER,1,1
10013999,PREDNISONE,Not Reported,2,Not Reported
10013999,FUROSEMIDE,BLOOD PRESSURE,2,Not Reported
10013999,SERTRALINE,DEPRESSION,2,Not Reported
10013999,LOSARTAN,BLOOD PRESSURE,2,Not Reported
10013999,FENOFIBRIC ACID,BLOOD TRIGLYCERIDES,2,Not Reported
10013999,OXYCONTIN,PAIN,2,Not Reported
10013999,TYLENOL,ARTHRITIS,2,Not Reported
10013999,ASPIRIN,Not Reported,2,Not Reported
10014065,REBIF,PRODUCT USED FOR UNKNOWN INDICATION,1,4
10014065,VITAMIN D                          /00107901/,PRODUCT USED FOR UNKNOWN INDICATION,2,Not Reported
10014065,BACLOFEN,PRODUCT USED FOR UNKNOWN INDICATION,2,Not Reported
10014065,NORVASC                            /00972401/,PRODUCT USED FOR UNKNOWN INDICATION,2,Not Reported
10014065,LOSARTAN POTASSIUM,PRODUCT USED FOR UNKNOWN INDICATION,2,Not Reported
10014065,TRIAMTERENE AND HYDROCHLOROTHIAZID,PRODUCT USED FOR UNKNOWN INDICATION,2,Not Reported
10014065,DITROPAN XL,PRODUCT USED FOR UNKNOWN INDICATION,2,Not Reported
10014065,NEXIUM                             /01479302/,PRODUCT USED FOR UNKNOWN INDICATION,2,Not Reported
10014254,HIZENTRA,Not Reported,1,Not Reported
10014254,HIZENTRA,IMMUNODEFICIENCY COMMON VARIABLE,1,Not Reported
10014254,LIDOCAINE,Not Reported,2,Not Reported
10014254,EPI PEN,Not Reported,2,Not Reported
10014254,AVELOX,Not Reported,2,Not Reported
10014254,PREDNISONE,Not Reported,2,Not Reported
10014254,ASTRAGALUS,Not Reported,2,Not Reported
10014254,LOSARTAN POTASSIUM,Not Reported,2,Not Reported
10014254,LIPITOR,Not Reported,2,Not Reported
10014254,ADVAIR,Not Reported,2,Not Reported
10014254,B COMPLEX,Not Reported,2,Not Reported
10014254,VITAMIN C,Not Reported,2,Not Reported
10014254,SELENIUM,Not Reported,2,Not Reported
10014254,COENZYME Q10,Not Reported,2,Not Reported
10014254,PROAIR,Not Reported,2,Not Reported
10014254,CALCIUM-MAGNESIUM,Not Reported,2,Not Reported
10014254,LEVOTHYROXINE,Not Reported,2,Not Reported
10014442,REMICADE,RHEUMATOID ARTHRITIS,1,1
10014442,METHOTREXATE,RHEUMATOID ARTHRITIS,2,Not Reported
10014442,PREDNISONE,RHEUMATOID ARTHRITIS,2,Not Reported
10014442,MELOXICAM,RHEUMATOID ARTHRITIS,2,Not Reported
10014442,LOSARTAN,HYPERTENSION,2,Not Reported
10014442,GLIPIZIDE,DIABETES MELLITUS,2,Not Reported
10014442,FOLIC ACID,Not Reported,2,Not Reported
10014515,OXYTROL FOR WOMEN,HYPERTONIC BLADDER,1,1
10014515,OXYTROL FOR WOMEN,Not Reported,1,1
10014515,PREDNISONE,ASTHMA,2,5
10014515,DULERA,ASTHMA,2,5
10014515,ERYTHROMYCIN,ASTHMA,2,5
10014515,ERYTHROMYCIN,NASOPHARYNGITIS,2,5
10014515,CORTISONE,MUSCULOSKELETAL DISCOMFORT,2,5
10014515,LOSARTAN POTASSIUM,HYPERTENSION,2,5
10014515,LIPITOR,BLOOD CHOLESTEROL INCREASED,2,5
10015007,LOSARTAN POTASSIUM TABLETS,Not Reported,1,1
10015221,HUMIRA,PSORIATIC ARTHROPATHY,1,3
10015221,ESCITALOPRAM,DEPRESSION,2,Not Reported
10015221,METHOTREXATE,PSORIATIC ARTHROPATHY,2,Not Reported
10015221,CALCIUM,PRODUCT USED FOR UNKNOWN INDICATION,2,Not Reported
10015221,VITAMIN D NOS,PRODUCT USED FOR UNKNOWN INDICATION,2,Not Reported
10015221,VITAMIN B12,PRODUCT USED FOR UNKNOWN INDICATION,2,Not Reported
10015221,FOLIC ACID,ANAEMIA,2,Not Reported
10015221,LOSARTAN,HYPERTENSION,2,Not Reported
10015221,MAGNESIUM,PRODUCT USED FOR UNKNOWN INDICATION,2,Not Reported
10015234,PROCARDIA XL,Not Reported,1,1
10015234,LOSARTAN,Not Reported,1,5
10015237,VIAGRA,ERECTILE DYSFUNCTION,1,5
10015237,LOSARTAN,HYPERTENSION,2,Not Reported
10015237,CRESTOR,BLOOD CHOLESTEROL INCREASED,2,Not Reported
10015237,ZETIA,BLOOD CHOLESTEROL INCREASED,2,Not Reported
10015237,TRENTAL,Not Reported,2,Not Reported
10015293,VIAGRA,Not Reported,1,5
10015293,TRENTAL,Not Reported,2,Not Reported
10015293,LOSARTAN,BLOOD PRESSURE,2,Not Reported
10015293,CRESTOR,Not Reported,2,Not Reported
10015293,ZETIA,Not Reported,2,Not Reported
10015293,NEXIUM,Not Reported,2,Not Reported
10015892,ORENCIA,RHEUMATOID ARTHRITIS,1,Not Reported
10015892,IBUPROFEN,MUSCULOSKELETAL STIFFNESS,3,Not Reported
10015892,ASPIRIN,Not Reported,3,1
10015892,ENBREL,RHEUMATOID ARTHRITIS,1,1
10015892,TOPROL,Not Reported,2,Not Reported
10015892,SPIRONOLACTONE,Not Reported,2,Not Reported
10015892,LOSARTAN,Not Reported,2,Not Reported
10015892,XANAX,Not Reported,2,Not Reported
10015892,PREMARIN,Not Reported,2,Not Reported
10015892,MELOXICAM,Not Reported,2,Not Reported
10015892,KLOR-CON,Not Reported,2,Not Reported
10015892,FENTANYL,Not Reported,2,Not Reported
10015892,VITAMIN D3,Not Reported,2,Not Reported
10015892,DIOVAN,Not Reported,2,Not Reported
10015892,LASIX,Not Reported,2,Not Reported
10015892,METHOTREXATE,Not Reported,2,Not Reported
10016301,APIDRA,DIABETES MELLITUS,2,5
10016301,LOSARTAN POTASSIUM,BLOOD PRESSURE,2,5
10016301,HYDROCHLOROTHIAZIDE,BLOOD PRESSURE,2,5
10016301,OXYTROL FOR WOMEN,HYPERTONIC BLADDER,1,1
10016301,LANTUS,DIABETES MELLITUS,2,5
10016301,INSULIN RAPID,DIABETES MELLITUS,2,5
10016328,SIMVASTATIN.,ACUTE CORONARY SYNDROME,1,1
10016328,BISOPROLOL,Not Reported,2,Not Reported
10016328,ASPIRIN.,Not Reported,2,Not Reported
10016328,LOSARTAN POTASSIUM.,Not Reported,2,Not Reported
10016376,HUMIRA,CROHN^S DISEASE,1,4
10016376,HUMIRA,Not Reported,1,4
10016376,METFORMIN,PRODUCT USED FOR UNKNOWN INDICATION,2,Not Reported
10016376,LOSARTAN,PRODUCT USED FOR UNKNOWN INDICATION,2,Not Reported
10016376,PRAVASTATIN,PRODUCT USED FOR UNKNOWN INDICATION,2,Not Reported
10016376,ADVAIR,PRODUCT USED FOR UNKNOWN INDICATION,2,Not Reported
10016376,CLONIDINE,PRODUCT USED FOR UNKNOWN INDICATION,2,Not Reported
10016376,GLIPIZIDE,PRODUCT USED FOR UNKNOWN INDICATION,2,Not Reported
10016376,ATROVENT,PRODUCT USED FOR UNKNOWN INDICATION,2,Not Reported
10016376,TYLENOL WITH CODEINE,PRODUCT USED FOR UNKNOWN INDICATION,2,Not Reported
10016376,VITAMIN D NOS,PRODUCT USED FOR UNKNOWN INDICATION,2,Not Reported
10016376,ASPIRIN,PRODUCT USED FOR UNKNOWN INDICATION,2,Not Reported
10016376,HYDROCHLOROTHIAZIDE,PRODUCT USED FOR UNKNOWN INDICATION,2,Not Reported
10016376,HYDRALAZINE,PRODUCT USED FOR UNKNOWN INDICATION,2,Not Reported
10016376,BALSALAZIDE,PRODUCT USED FOR UNKNOWN INDICATION,2,Not Reported
10016425,FUROSEMIDE (UNKNOWN),HYPERTENSION,1,2
10016425,LOSARTAN (UNKNOWN),HYPERTENSION,1,1
10016425,BISOPROLOL,PRODUCT USED FOR UNKNOWN INDICATION,2,5
10016425,CODEINE,PRODUCT USED FOR UNKNOWN INDICATION,2,5
10016425,PARACETAMOL,PRODUCT USED FOR UNKNOWN INDICATION,2,5
10016425,SIMVASTATIN,PRODUCT USED FOR UNKNOWN INDICATION,2,5
10016450,HUMIRA,CROHN^S DISEASE,1,1
10016450,ASACOL,CROHN^S DISEASE,2,Not Reported
10016450,HYDROCODONE,PAIN,2,Not Reported
10016450,LOSARTAN,HYPERTENSION,2,Not Reported
10016450,PREDNISONE,PRODUCT USED FOR UNKNOWN INDICATION,2,Not Reported
10016453,CLARITHROMYCIN,BRONCHITIS,1,1
10016453,PREDNISONE,BRONCHITIS,2,Not Reported
10016453,VICTOZA,DIABETES MELLITUS,2,Not Reported
10016453,EFFEXOR,ANXIETY,2,Not Reported
10016453,CRESTOR,BLOOD CHOLESTEROL INCREASED,2,Not Reported
10016453,LOSARTAN,HYPERTENSION,2,Not Reported
10016481,HYDROCHLOROTHIAZIDE,Not Reported,1,5
10016481,VORICONAZOLE,ANTIFUNGAL PROPHYLAXIS,1,4
10016481,CICLOSPORIN,GRAFT VERSUS HOST DISEASE,1,5
10016481,THYROXINE,Not Reported,2,5
10016481,NIFEDIPINE,Not Reported,2,5
10016481,OLANZAPINE,Not Reported,2,5
10016481,LOSARTAN,Not Reported,2,5
10016481,MEGESTROL,Not Reported,2,5
10016481,METHADONE,Not Reported,2,5
10016481,HYDROCORTISONE,Not Reported,2,5
10016481,THIOTEPA,GRAFT VERSUS HOST DISEASE,2,5
10016546,LETAIRIS,PULMONARY HYPERTENSION,1,1
10016546,HYDROXYCHLOROQUINE,Not Reported,2,Not Reported
10016546,GLIPIZIDE,Not Reported,2,Not Reported
10016546,FUROSEMIDE,Not Reported,2,Not Reported
10016546,TIKOSYN,Not Reported,2,Not Reported
10016546,WARFARIN,Not Reported,2,Not Reported
10016546,HYDROCODONE,Not Reported,2,Not Reported
10016546,OMEPRAZOLE,Not Reported,2,Not Reported
10016546,SPIRONOLACTONE,Not Reported,2,Not Reported
10016546,NORVASC,Not Reported,2,Not Reported
10016546,XOPENEX,Not Reported,2,Not Reported
10016546,LEVOTHYROXINE,Not Reported,2,Not Reported
10016546,METOPROLOL,Not Reported,2,Not Reported
10016546,LOSARTAN,Not Reported,2,Not Reported
10016546,LORATADINE,Not Reported,2,Not Reported
10016546,ASPIRIN,Not Reported,2,Not Reported
10016546,FLOVENT,Not Reported,2,Not Reported
10016546,SPIRIVA HANDIHALER,Not Reported,2,Not Reported
10016546,FLONASE                            /00908302/,Not Reported,2,Not Reported
10016546,VITAMIN B COMPLEX WITH VITAMIN C   /02146701/,Not Reported,2,Not Reported
10016668,LANSOPRAZOLE,Not Reported,2,Not Reported
10016668,PEGINTRON,HEPATITIS C,1,4
10016668,REBETOL,HEPATITIS C,1,4
10016668,SOVALDI,Not Reported,2,Not Reported
10016668,SUBOXONE,Not Reported,2,Not Reported
10016668,COZAAR,Not Reported,2,Not Reported
10016668,OMEPRAZOLE,Not Reported,2,Not Reported
10016668,CYMBALTA,Not Reported,2,Not Reported
10016668,HYDROCHLOROTHIAZIDE (+) LOSARTAN POTASSIUM,Not Reported,2,Not Reported
10016738,MYCOPHENOLIC ACID,Not Reported,1,2
10016738,BASILIXIMAB,IMMUNOSUPPRESSION,2,5
10016738,TACROLIMUS,IMMUNOSUPPRESSION,2,5
10016738,TACROLIMUS,Not Reported,2,5
10016738,APREDNISLON,IMMUNOSUPPRESSION,2,5
10016738,APREDNISLON,Not Reported,2,5
10016738,NEXUM,Not Reported,2,5
10016738,AMLODIPINE,Not Reported,2,1
10016738,ITERIUM,HYPERTENSION,2,5
10016738,FRAGMIN,THROMBOSIS PROPHYLAXIS,2,1
10016738,LOSARTAN,HYPERTENSION,2,1
10016738,TRITTICO,Not Reported,2,1
10016738,EXFORGE,HYPERTENSION,2,1
10017075,TECFIDERA,MULTIPLE SCLEROSIS,1,4
10017075,ANTIVERT,Not Reported,2,Not Reported
10017075,ASPIRIN,Not Reported,2,Not Reported
10017075,BACLOFEN,Not Reported,2,Not Reported
10017075,DETROL LA,Not Reported,2,Not Reported
10017075,EFFEXOR XR,Not Reported,2,Not Reported
10017075,INDERAL LA,Not Reported,2,Not Reported
10017075,KEPPRA,Not Reported,2,Not Reported
10017075,LOSARTAN POTASSIUM,Not Reported,2,Not Reported
10017075,NORCO,Not Reported,2,Not Reported
10017075,PRILOSEC,Not Reported,2,Not Reported
10017075,PROAIR HFA,Not Reported,2,Not Reported
10017075,VITAMIN B12,Not Reported,2,Not Reported
10017075,VITAMIN D3,Not Reported,2,Not Reported
10017140,AMOXICILLIN SODIUM W/CLAVULANATE POTASSIUM,Not Reported,2,Not Reported
10017140,FUROSEMIDE.,Not Reported,2,Not Reported
10017140,CEFUROXIME AXETIL.,Not Reported,2,Not Reported
10017140,PIOGLITAZONE HCL,Not Reported,2,Not Reported
10017140,GLIMEPIRIDE.,Not Reported,2,Not Reported
10017140,LEFLUNOMIDE.,Not Reported,2,Not Reported
10017140,LOSARTAN POTASSIUM.,Not Reported,2,Not Reported
10017140,TRAMADOL HCL,Not Reported,2,Not Reported
10017140,ENBREL,RHEUMATOID ARTHRITIS,1,1
10017140,LEVOTHYROXIN,Not Reported,2,Not Reported
10017140,SIMVASTATIN.,Not Reported,2,Not Reported
10017140,ACETAMINOPHEN W/HYDROCODONE,Not Reported,2,Not Reported
10017140,ALENDRONATE SODIUM.,Not Reported,2,Not Reported
10017140,ADVAIR HFA,Not Reported,2,Not Reported
10017140,BENZONATATE.,Not Reported,2,Not Reported
10017140,METOPROLOL TARTRATE.,Not Reported,2,Not Reported
10017140,HYDROXYCHLOROQUINE SULFATE.,Not Reported,2,Not Reported
10017140,ALBUTEROL SULFATE.,Not Reported,2,Not Reported
10017140,PANTOPRAZOLE SODIUM.,Not Reported,2,Not Reported
10017186,LOSARTAN,HYPERTENSION,1,1
10017186,FUROSEMIDE,HYPERTENSION,1,2
10017186,FUROSEMIDE,Not Reported,1,2
10017186,BISOPROLOL,PRODUCT USED FOR UNKNOWN INDICATION,2,Not Reported
10017186,CODEINE,PRODUCT USED FOR UNKNOWN INDICATION,2,Not Reported
10017186,PARACETAMOL,PRODUCT USED FOR UNKNOWN INDICATION,2,Not Reported
10017186,SIMVASTATIN,PRODUCT USED FOR UNKNOWN INDICATION,2,Not Reported
10017353,SIMVASTATIN,HYPERLIPIDAEMIA,1,1
10017353,ASS,CEREBROVASCULAR ACCIDENT,2,5
10017353,LOSARTAN,CEREBROVASCULAR ACCIDENT,2,5
10017354,INCIVO,HEPATITIS C,1,4
10017354,PEG INTERFERON,HEPATITIS C,2,Not Reported
10017354,PEG INTERFERON,Not Reported,2,Not Reported
10017354,RIBAVIRIN,HEPATITIS C,2,Not Reported
10017354,RIBAVIRIN,Not Reported,2,Not Reported
10017354,DOSTINEX,PITUITARY TUMOUR BENIGN,2,Not Reported
10017354,LOSARTAN,PRODUCT USED FOR UNKNOWN INDICATION,1,Not Reported
10017427,PROTONIX,GASTROOESOPHAGEAL REFLUX DISEASE,1,4
10017427,HYDROCHLOROTHIAZIDE/LOSARTAN,HYPERTENSION,2,Not Reported
10017427,ASPIRIN,Not Reported,2,Not Reported
10017446,SUTENT,RENAL CANCER,1,5
10017446,CLONIDINE HYDROCHLORIDE,Not Reported,2,Not Reported
10017446,PROPRANOLOL HYDROCHLORIDE,Not Reported,2,Not Reported
10017446,FAMOTIDINE,Not Reported,2,Not Reported
10017446,TRAMADOL HYDROCHLORIDE,Not Reported,2,Not Reported
10017446,HYDROCHLOROTHIAZIDE,Not Reported,2,Not Reported
10017446,TYLENOL,Not Reported,2,Not Reported
10017446,LOSARTAN POTASSIUM,Not Reported,2,Not Reported
10017446,OMEPRAZOLE,Not Reported,2,Not Reported
10017446,PROCHLORPERAZINE MALEATE,Not Reported,2,Not Reported
10017502,GABAPENTIN,NEUROPATHY PERIPHERAL,1,Not Reported
10017502,LISINOPRIL,Not Reported,2,Not Reported
10017502,MORPHINE,Not Reported,2,Not Reported
10017502,DEMEROL,Not Reported,2,Not Reported
10017502,CELEXA,Not Reported,2,Not Reported
10017502,NEOMYCIN,Not Reported,2,Not Reported
10017502,CODEINE,Not Reported,2,Not Reported
10017502,TYLENOL,Not Reported,2,Not Reported
10017502,VITAMIN D,Not Reported,2,Not Reported
10017502,B12,Not Reported,2,Not Reported
10017502,DOSS,Not Reported,2,Not Reported
10017502,SENNA,Not Reported,2,Not Reported
10017502,ALBUTEROL-IPRATROPIUM (DUONEB),Not Reported,2,Not Reported
10017502,ALPRAZOLAM (XANAX),Not Reported,2,Not Reported
10017502,AMLODIPINE (NORVASC),Not Reported,2,Not Reported
10017502,BECLOMETHASONE (QVAR),Not Reported,2,Not Reported
10017502,GABAPENTIN (NEURONTIN),Not Reported,2,Not Reported
10017502,LATANOPROST (XALATAN),Not Reported,2,Not Reported
10017502,LOSARTAN (COZAAR),Not Reported,2,Not Reported
10017502,METHOCARBAMOL (ROBAXIN),Not Reported,2,Not Reported
10017502,METOCLOPRAMIDE (REGLAN),Not Reported,2,Not Reported
10017502,OMEPRAZOLE (PRILOSEC),Not Reported,2,Not Reported
10017502,ONDANSETRON (ZOFRAN),Not Reported,2,Not Reported
10017502,OXYCODONE-ACETAMINOPHEN (PERCOCET),Not Reported,2,Not Reported
10017502,SEREVENT DISKUS,Not Reported,2,Not Reported
10017502,SIMVASTATIN (ZOCOR),Not Reported,2,Not Reported
10017502,VENTOLIN,Not Reported,2,Not Reported
10017502,WARFARIN (COUMADIN),Not Reported,2,Not Reported
10017502,ASA,Not Reported,2,Not Reported
10017502,CANNABIS,Not Reported,2,Not Reported
10017530,GLIPIZIDE XL,TYPE 2 DIABETES MELLITUS,1,Not Reported
10017530,LOSARTAN POTASSIUM,Not Reported,2,Not Reported
10017530,SIMVASTATIN,Not Reported,2,Not Reported
10017530,CLONAZEPAM,Not Reported,2,Not Reported
10017530,ABILIFY (ARIPIPRAZOLE),Not Reported,2,Not Reported
10017530,JANUVIA (SITAGLIPTIN PHOSPHATE),Not Reported,2,Not Reported
10017530,FAMILY WELLNESS BRAND ANTIHISTAMINE (GENERIC BENADRYL),Not Reported,2,Not Reported
10017530,PRO-AIR HFA,Not Reported,2,Not Reported
10017530,ADVAIR YELLOW DISKUS,Not Reported,2,Not Reported
10017530,CLOTRIMAZOLE BETATHIOSENE CREAM (ANTIFUNGAL),Not Reported,2,Not Reported
10017530,TING BRAND ANTIFUNGAL SPRAY,Not Reported,2,Not Reported
10017550,OXYTROL FOR WOMEN,HYPERTONIC BLADDER,1,Not Reported
10017550,NIFEDIPINE,BLOOD PRESSURE ABNORMAL,2,5
10017550,LOSARTAN POTASSIUM,BLOOD PRESSURE ABNORMAL,2,5
10017550,XANAX,ANXIETY,2,5
10017550,VITAMINS (UNSPECIFIED),PRODUCT USED FOR UNKNOWN INDICATION,2,5
10017668,LOSARTAN,HYPERTENSION,1,Not Reported
10017668,ASPIRIN,Not Reported,2,Not Reported
10017668,GLIMEPIDE (AMARYL),Not Reported,2,Not Reported
10017668,LEVTHYROXIN (SYNTHROID),Not Reported,2,Not Reported
10017668,OMEGA 3,Not Reported,2,Not Reported
10017668,MULTIVITAMIN,Not Reported,2,Not Reported
10017848,ABILIFY TABS 15 MG,Not Reported,1,Not Reported
10017848,EFFEXOR XR,Not Reported,2,Not Reported
10017848,CYMBALTA,Not Reported,2,Not Reported
10017848,METFORMIN,Not Reported,2,Not Reported
10017848,LOSARTAN POTASSIUM,Not Reported,2,Not Reported
10018205,ABILIFY,DEPRESSION,1,Not Reported
10018205,AMITRIFYLINE,Not Reported,2,Not Reported
10018205,LOSARTAN/HCTZ,Not Reported,2,Not Reported
10018205,THYROXINE,Not Reported,2,Not Reported
10018253,ERBITUX,Not Reported,1,Not Reported
10018253,ZETIA,Not Reported,2,Not Reported
10018253,AVODART,Not Reported,2,Not Reported
10018253,JANUVIA,Not Reported,2,Not Reported
10018253,TERAZOSIN,Not Reported,2,Not Reported
10018253,GLIMEPIRIDE,Not Reported,2,Not Reported
10018253,PREDNISONE,Not Reported,2,Not Reported
10018253,LOSARTAN,Not Reported,2,Not Reported
10018342,TACROLIMUS,Not Reported,1,Not Reported
10018342,FLOMAX,Not Reported,1,Not Reported
10018342,ERGOCALCIFEROL (VITAMIN D2) (VITAMIN D ORAL),Not Reported,2,Not Reported
10018342,HYDROCODONE-ACETAMINOPHEN,Not Reported,2,Not Reported
10018342,LOPERAMIDE,Not Reported,2,Not Reported
10018342,LOSARTAN (COZAAR),Not Reported,2,Not Reported
10018342,METOPROLOL TARTRATE (LOPRESSOR),Not Reported,2,Not Reported
10018342,MYCOPHENOLATE MOFETIL (CELLCEPT),Not Reported,2,Not Reported
10018342,PREDNISONE,Not Reported,2,Not Reported
10018342,ROPINIROLE (REQUIP),Not Reported,2,Not Reported
10018342,SILDENAFIL (VIAGRA),Not Reported,2,Not Reported
10018342,SIMVASTATIN (ZOCOR),Not Reported,2,Not Reported
10018342,TACROLIMUS (PROGRAF),Not Reported,2,Not Reported
10018533,TADALAFIL,PULMONARY HYPERTENSION,1,4
10018533,VENTOLIN                           /00139501/,PRODUCT USED FOR UNKNOWN INDICATION,2,5
10018533,PROTONIX,PRODUCT USED FOR UNKNOWN INDICATION,2,5
10018533,TORSEMIDE,PRODUCT USED FOR UNKNOWN INDICATION,2,5
10018533,ADVAIR,PRODUCT USED FOR UNKNOWN INDICATION,2,5
10018533,LIPITOR,PRODUCT USED FOR UNKNOWN INDICATION,2,5
10018533,TOPROL,PRODUCT USED FOR UNKNOWN INDICATION,2,5
10018533,ASPIRIN,PRODUCT USED FOR UNKNOWN INDICATION,2,5
10018533,DOCUSATE SODIUM,PRODUCT USED FOR UNKNOWN INDICATION,2,5
10018533,LOSARTAN,PRODUCT USED FOR UNKNOWN INDICATION,2,5
10018533,POTASSIUM,PRODUCT USED FOR UNKNOWN INDICATION,2,5
10018533,SPIRONOLACTONE,PRODUCT USED FOR UNKNOWN INDICATION,2,5
10018637,JAKAFI,MYELOFIBROSIS,1,4
10018637,POTASSIUM CHLORIDE,Not Reported,2,Not Reported
10018637,CEFDINIR,Not Reported,2,Not Reported
10018637,LIDOCAINE,Not Reported,2,Not Reported
10018637,LUMIGAN,Not Reported,2,Not Reported
10018637,RESTASIS,Not Reported,2,Not Reported
10018637,LOSARTAN,Not Reported,2,Not Reported
10018637,CELEBREX,Not Reported,2,Not Reported
10018637,ALLOPURINOL,Not Reported,2,Not Reported
10018637,LEVOTHYROXINE,Not Reported,2,Not Reported
10018637,METOPROLOL,Not Reported,2,Not Reported
10018637,OMEPRAZOLE,Not Reported,2,Not Reported
10018649,PREDNISONE.,Not Reported,2,Not Reported
10018649,IBUPROFEN.,Not Reported,2,Not Reported
10018649,FLUOXETINE HYDROCHLORIDE.,Not Reported,2,Not Reported
10018649,EPIPEN,Not Reported,2,Not Reported
10018649,RANITIDINE HYDROCHLORIDE.,Not Reported,2,Not Reported
10018649,AUBAGIO,MULTIPLE SCLEROSIS,1,4
10018649,LOSARTAN POTASSIUM.,Not Reported,2,Not Reported
10018649,WARFARIN,Not Reported,2,Not Reported
10018683,REVLIMID,PLASMACYTOMA,1,5
10018683,REVLIMID,PLASMA CELL MYELOMA,1,5
10018683,REVLIMID,Not Reported,1,5
10018683,KLOR CON,PRODUCT USED FOR UNKNOWN INDICATION,2,Not Reported
10018683,BISOPROLOL,PRODUCT USED FOR UNKNOWN INDICATION,2,Not Reported
10018683,LOSARTAN,PRODUCT USED FOR UNKNOWN INDICATION,2,Not Reported
10018683,LIPITOR,PRODUCT USED FOR UNKNOWN INDICATION,2,Not Reported
10018683,GEMFIBROZIL,PRODUCT USED FOR UNKNOWN INDICATION,2,Not Reported
10018683,ASPIRIN,PRODUCT USED FOR UNKNOWN INDICATION,2,Not Reported
10018683,COENZYME,PRODUCT USED FOR UNKNOWN INDICATION,2,Not Reported
10018683,VITAMIN B COMPLEX,PRODUCT USED FOR UNKNOWN INDICATION,2,Not Reported
10018683,UDDERLY SMOOTH,PRODUCT USED FOR UNKNOWN INDICATION,2,Not Reported
10018713,ATORVASTATIN CALCIUM,BLOOD CHOLESTEROL INCREASED,1,1
10018713,SIMVASTATIN,BLOOD CHOLESTEROL INCREASED,1,1
10018713,AMLODIPINE,HYPERTENSION,2,Not Reported
10018713,LOSARTAN,HYPERTENSION,2,Not Reported
10018713,BISOPROLOL,HYPERTENSION,2,Not Reported
10018908,DIGOXIN.,Not Reported,2,Not Reported
10018908,ALVERINE CITRATE,Not Reported,2,Not Reported
10018908,MAGNESIUM OXIDE.,Not Reported,2,Not Reported
10018908,FOLIC ACID.,Not Reported,2,Not Reported
10018908,TRANEXAMIC ACID.,Not Reported,2,Not Reported
10018908,ESOMEPRAZOLE,Not Reported,2,Not Reported
10018908,CO-DIOVAN,Not Reported,2,Not Reported
10018908,DIOKTAEDRISCHER SMEKTIT,Not Reported,2,Not Reported
10018908,PIRACETAM,Not Reported,2,Not Reported
10018908,ASPIRIN.,Not Reported,2,Not Reported
10018908,POTASSIUM GLUCONATE,Not Reported,2,Not Reported
10018908,CARVEDILOL.,Not Reported,2,Not Reported
10018908,LOSARTAN.,Not Reported,2,Not Reported
10018908,PROPYLTHIOURACIL.,Not Reported,2,Not Reported
10018908,DABIGATRAN,Not Reported,2,Not Reported
10018908,XARELTO,ATRIAL FIBRILLATION,1,1
10018908,KCL,Not Reported,2,Not Reported
10018908,FERRIC HYDROXIDE POLYMALTOSE,Not Reported,2,Not Reported
10018908,POTASSIUM CHLORIDE.,Not Reported,2,Not Reported
10018908,HALOPERIDOL.,Not Reported,2,Not Reported
10018908,ZOPICLONE,Not Reported,2,Not Reported
10018908,XARELTO,CEREBROVASCULAR ACCIDENT PROPHYLAXIS,1,1
10018908,FAMOTIDINE.,Not Reported,2,Not Reported
10018908,SENNOSIDE,Not Reported,2,Not Reported
10018908,RISPERIDONE.,Not Reported,2,Not Reported
10018908,MEPENZOLATE,Not Reported,2,Not Reported
10018908,CYPROHEPTADINE.,Not Reported,2,Not Reported
10018908,RABEPRAZOLE,Not Reported,2,Not Reported
10018908,LORAZEPAM.,Not Reported,2,Not Reported
10018908,DICYCLOMINE,Not Reported,2,Not Reported
10018908,DILTIAZEM,Not Reported,2,Not Reported
10018908,DIFENHYDRAMIN,Not Reported,2,Not Reported
10018908,FUROSEMIDE.,Not Reported,2,Not Reported
10018908,SPIRONOLACTONE.,Not Reported,2,Not Reported
10018908,CLOPIDOGREL,Not Reported,2,Not Reported
10018915,OXYTROL FOR WOMEN,PRODUCT USED FOR UNKNOWN INDICATION,1,Not Reported
10018915,LYRICA,PHANTOM PAIN,2,5
10018915,LEVOTHYROXINE SODIUM,PRODUCT USED FOR UNKNOWN INDICATION,2,5
10018915,LOSARTAN POTASSIUM,PRODUCT USED FOR UNKNOWN INDICATION,2,5
10018915,OMEPRAZOLE,PRODUCT USED FOR UNKNOWN INDICATION,2,5
10018967,SERETIDE,PRODUCT USED FOR UNKNOWN INDICATION,1,4
10018967,ALENDRONATE,Not Reported,2,5
10018967,SODIUM CARBONATE,Not Reported,2,5
10018967,VITAMIN D,Not Reported,2,5
10018967,LOSARTAN POTASSIUM,Not Reported,2,5
10018967,HYDROCHLOROTHIAZIDE,Not Reported,2,5
10018967,OMEPRAZOLE,Not Reported,2,5
10018967,CITALOPRAM,Not Reported,2,5
10018991,INVOKANA,DIABETES MELLITUS,1,1
10018991,METAMUCIL,Not Reported,2,Not Reported
10018991,FLUTICASONE,Not Reported,2,Not Reported
10018991,SINGULAIR,Not Reported,2,Not Reported
10018991,TRIAMCINOLONE ACETONIDE,Not Reported,2,Not Reported
10018991,NOVOLOG FLEXPEN,Not Reported,2,Not Reported
10018991,SYMBICORT,Not Reported,2,Not Reported
10018991,CHLORTHALIDONE,Not Reported,2,Not Reported
10018991,COMBIVENT,Not Reported,2,Not Reported
10018991,PREVACID,Not Reported,2,Not Reported
10018991,EPIPEN,ANAPHYLACTIC REACTION,2,Not Reported
10018991,ALBUTEROL SULFATE,Not Reported,2,Not Reported
10018991,LOSARTAN,Not Reported,2,Not Reported
10018991,GLUCAGON,HYPOGLYCAEMIA,2,Not Reported
10018991,NOVOLOG 70-30,Not Reported,2,Not Reported
10018991,ASPIRIN,Not Reported,2,Not Reported
10018993,INVOKANA,TYPE 2 DIABETES MELLITUS,1,1
10018993,ADVIL,PAIN IN EXTREMITY,1,5
10018993,ADVIL,MUSCULOSKELETAL PAIN,1,5
10018993,70/30 NOVOLIN INSULIN,DIABETES MELLITUS,2,Not Reported
10018993,SPIRONOLACTONE,BLOOD PRESSURE,2,Not Reported
10018993,METOPROLOL,HYPERTENSION,2,Not Reported
10018993,LOSARTAN,HYPERTENSION,2,Not Reported
10018993,HYDROCHLOROTHIAZIDE,HYPERTENSION,2,Not Reported
10018993,ASPIRIN,ANTICOAGULANT THERAPY,2,Not Reported
10019040,CYCLOPHOSPHAMIDE,Not Reported,1,Not Reported
10019040,VINCRISTINE,Not Reported,1,Not Reported
10019040,ENTERIC COATED ASPIRIN,Not Reported,2,Not Reported
10019040,HYDROCHLOROTHIAZIDE,Not Reported,2,Not Reported
10019040,HYDROCORTISONE,Not Reported,2,Not Reported
10019040,LIDEX,Not Reported,2,Not Reported
10019040,LOSARTAN,Not Reported,2,Not Reported
10019040,METOPROLOL,Not Reported,2,Not Reported
10019040,NAPROXEN,Not Reported,2,Not Reported
10019040,POTASSIUM CHLORIDE,Not Reported,2,Not Reported
10019040,RANITIDINE,Not Reported,2,Not Reported
10019040,TAMSULOSIN,Not Reported,2,Not Reported
10019040,VITAMIN B12,Not Reported,2,Not Reported
10019135,AROMASIN,INVASIVE DUCTAL BREAST CARCINOMA,1,1
10019135,NORVASC,Not Reported,2,Not Reported
10019135,CENTRUM SILVER,Not Reported,2,Not Reported
10019135,NORCO,PAIN,2,Not Reported
10019135,GLUCOTROL,Not Reported,2,Not Reported
10019135,BAYER ASPIRIN,Not Reported,2,Not Reported
10019135,BETAGAN,Not Reported,2,Not Reported
10019135,HYDROCHLOROTHIAZIDE.,Not Reported,2,Not Reported
10019135,TOPICORT /00028604/,Not Reported,2,Not Reported
10019135,AROMASIN,BREAST CANCER,1,1
10019135,LOSARTAN.,Not Reported,2,Not Reported
10019135,TRADJENTA,Not Reported,2,Not Reported
10019135,AROMASIN,Not Reported,1,1
10019135,MOBIC,Not Reported,2,Not Reported
10019135,LIPITOR,Not Reported,2,Not Reported
10019135,ZANTAC,Not Reported,2,Not Reported
10019135,COZAAR,Not Reported,2,Not Reported
10019135,XANAX,Not Reported,2,Not Reported
10019135,CARTIA XT,Not Reported,2,Not Reported
10019135,DESYREL,Not Reported,2,Not Reported
10019146,LOSARTAN,PRODUCT USED FOR UNKNOWN INDICATION,1,1
10019373,QNASL,RHINORRHOEA,1,5
10019373,LOSARTAN,HYPERTENSION,2,Not Reported
10019373,KLOR-CON,MINERAL SUPPLEMENTATION,2,Not Reported
10019373,LASIX,LOCAL SWELLING,2,Not Reported
10019373,NEUPOGEN,WHITE BLOOD CELL COUNT INCREASED,2,Not Reported
10019373,FOLIC ACID,VITAMIN SUPPLEMENTATION,2,Not Reported
10019385,HUMIRA,PSORIATIC ARTHROPATHY,1,4
10019385,LOSARTAN,PRODUCT USED FOR UNKNOWN INDICATION,2,Not Reported
10019385,FOLIC ACID,PRODUCT USED FOR UNKNOWN INDICATION,2,Not Reported
10019385,METHOTREXATE,PRODUCT USED FOR UNKNOWN INDICATION,2,Not Reported
10019385,ACETAMINOPHEN,PRODUCT USED FOR UNKNOWN INDICATION,2,Not Reported
10019385,OMEPRAZOLE,PRODUCT USED FOR UNKNOWN INDICATION,2,Not Reported
10019385,CIPROFLOXACIN,PRODUCT USED FOR UNKNOWN INDICATION,2,Not Reported
10019385,BETAMETHASONE,PRODUCT USED FOR UNKNOWN INDICATION,2,Not Reported
10019392,JAKAFI,Not Reported,1,Not Reported
10019392,CYMBALTA,Not Reported,2,Not Reported
10019392,AMBIEN,Not Reported,2,Not Reported
10019392,ZOLOFT,Not Reported,2,Not Reported
10019392,LOSARTAN,Not Reported,2,Not Reported
10019392,NORVASC,Not Reported,2,Not Reported
10019392,GEMFIBROZIL,Not Reported,2,Not Reported
10019392,GABAPENTIN,Not Reported,2,Not Reported
10019392,GLIPIZIDE,Not Reported,2,Not Reported
10019392,CRESTOR,Not Reported,2,Not Reported
10019392,METOPROLOL,Not Reported,2,Not Reported
10019392,ASPIRIN,Not Reported,2,Not Reported
10019393,LOSARTAN (UNKNOWN),HYPERTENSION,1,1
10019393,BISOPROLOL FUMARATE,PRODUCT USED FOR UNKNOWN INDICATION,2,5
10019393,DOXAZOSIN,PRODUCT USED FOR UNKNOWN INDICATION,2,5
10019397,METFORMIN,PRODUCT USED FOR UNKNOWN INDICATION,2,5
10019397,LOSARTAN,HYPERTENSION,1,1
10019397,NOVORAPID,PRODUCT USED FOR UNKNOWN INDICATION,2,5
10019397,TRIMETHOPRIM.,PRODUCT USED FOR UNKNOWN INDICATION,2,5
10019397,ASPIRIN.,PRODUCT USED FOR UNKNOWN INDICATION,2,5
10019397,EZETIMIBE.,PRODUCT USED FOR UNKNOWN INDICATION,2,5
10019641,LOSARTAN,HYPERTENSION,1,1
10019652,SIMVASTATIN (UNKNOWN),HYPERLIPIDAEMIA,1,Not Reported
10019652,ASS,CEREBROVASCULAR ACCIDENT,2,Not Reported
10019652,LOSARTAN,CEREBROVASCULAR ACCIDENT,2,Not Reported
10019727,MIRVASO,ROSACEA,1,1
10019727,BYSTOLIC (NEBIVOLOL),BLOOD PRESSURE,2,Not Reported
10019727,ELTA MD SUNSCREEN SPF 41,PROPHYLAXIS AGAINST SOLAR RADIATION,2,Not Reported
10019727,LOSARTAN,BLOOD PRESSURE,2,Not Reported
10019727,RESTASIS,Not Reported,2,Not Reported
10019727,JOLESSA,ORAL CONTRACEPTION,2,Not Reported
10019727,FINACEA,ROSACEA,2,Not Reported
10019727,CERAVE CLEANSER,THERAPEUTIC SKIN CARE TOPICAL,2,Not Reported
10019727,CERAVE MOISTURIZING CREAM,DRY SKIN PROPHYLAXIS,2,Not Reported
10019727,CLINIQUE SUPER BALANCED MAKE UP,THERAPEUTIC SKIN CARE TOPICAL,2,Not Reported
10019727,CONTRA QUASENSE (PROGESTIN LEVONORGESTREL),CONTRACEPTION,2,Not Reported
10019745,"MIRVASO (BRIMONIDINE) TOPICAL GEL, 0.33%",ROSACEA,1,1
10019745,JOHNSONS BABY WASH,THERAPEUTIC SKIN CARE TOPICAL,2,Not Reported
10019745,CLINIQUE CLARIFYING LOTION,THERAPEUTIC SKIN CARE TOPICAL,2,Not Reported
10019745,AVEENO ULTRA CALMING DAILY MOISTURIZER SPF 15,DRY SKIN PROPHYLAXIS,2,Not Reported
10019745,AVEENO ULTRA CALMING DAILY MOISTURIZER SPF 15,PROPHYLAXIS AGAINST SOLAR RADIATION,2,Not Reported
10019745,ALMAY BB CREAM,THERAPEUTIC SKIN CARE TOPICAL,2,Not Reported
10019745,LOSARTAN,HYPERTENSION,2,Not Reported
10019745,MULTIVITAMINS,Not Reported,2,Not Reported
10019776,"MIRVASO (BRIMONIDINE) TOPICAL GEL, 0.33%",ROSACEA,1,Not Reported
10019776,LOSARTAN,HYPERTENSION,2,Not Reported
10019776,ASPIRIN,Not Reported,2,Not Reported
10019776,SULINDAC,ARTHRITIS,2,Not Reported
10019776,EVISTA  (RALOXIFENE),OSTEOPENIA,2,Not Reported
10019776,PRESERVISION SUPPLEMENT,MACULAR DEGENERATION,2,Not Reported
10019776,MULTIVITAMIN,SUPPLEMENTATION THERAPY,2,Not Reported
10019776,BIOTIN,Not Reported,2,Not Reported
10019776,NEUTROGENA FACE CREAM,THERAPEUTIC SKIN CARE TOPICAL,2,Not Reported
10019776,DOVE SOAP,THERAPEUTIC SKIN CARE TOPICAL,2,Not Reported
10019776,WITCH HAZEL,THERAPEUTIC SKIN CARE TOPICAL,2,Not Reported
10019776,NEUTRAGENA DEEP CLEAN CLEANSER,THERAPEUTIC SKIN CARE TOPICAL,2,Not Reported
10020057,EXELON PATCH,DEMENTIA ALZHEIMER^S TYPE,1,1
10020057,ATENOLOL,BLOOD PRESSURE ABNORMAL,2,5
10020057,SOMALGIN,BLOOD PRESSURE ABNORMAL,2,5
10020057,LOSARTAN,BLOOD PRESSURE ABNORMAL,2,5
10020057,GINKGO BILOBA,HEADACHE,2,5
10020064,PREDNISONE.,DIFFUSE LARGE B-CELL LYMPHOMA,1,4
10020064,RITUXIMAB,DIFFUSE LARGE B-CELL LYMPHOMA,1,4
10020064,VINCRISTINE,DIFFUSE LARGE B-CELL LYMPHOMA,1,4
10020064,MYOCET,DIFFUSE LARGE B-CELL LYMPHOMA,1,4
10020064,OXCARBAMAZEPINE,TRANSIENT ISCHAEMIC ATTACK,2,4
10020064,NIFEDIPINE.,HYPERTENSION,2,4
10020064,ATORVASTATINE,HYPERLIPIDAEMIA,2,Not Reported
10020064,AMOXICILLIN W/CLAVULANIC ACID,INFECTION,1,1
10020064,LOSARTAN,HYPERTENSION,2,4
10020064,LORMETAZEPAM,INSOMNIA,2,4
10020064,CYCLOPHOSPHAMIDE.,DIFFUSE LARGE B-CELL LYMPHOMA,1,4
10020064,CLOPIDOGREL,Not Reported,2,Not Reported
10020439,TECFIDERA,MULTIPLE SCLEROSIS,1,4
10020439,ALENDRONATE SODIUM,Not Reported,2,Not Reported
10020439,AMPYRA,Not Reported,2,Not Reported
10020439,ASPIRIN,Not Reported,2,Not Reported
10020439,ATENOLOL,Not Reported,2,Not Reported
10020439,B12-ACTIVE,Not Reported,2,Not Reported
10020439,BUPROPION HCL ER (XL),Not Reported,2,Not Reported
10020439,CALCIUM 600,Not Reported,2,Not Reported
10020439,DIAZEPAM,Not Reported,2,Not Reported
10020439,ESTRADIOL,Not Reported,2,Not Reported
10020439,LOSARTAN POTASSIUM,Not Reported,2,Not Reported
10020439,MAGNESIUM,Not Reported,2,Not Reported
10020439,OMEGA 3,Not Reported,2,Not Reported
10020439,SIMVASTATIN,Not Reported,2,Not Reported
10020439,VITAMIN D-3,Not Reported,2,Not Reported
10020638,CETUXIMAB,NEOPLASM MALIGNANT,1,1
10020638,AMLODIPINE,Not Reported,2,Not Reported
10020638,LOSARTAN POTASSIUM,Not Reported,2,Not Reported
10020638,CENTYL K,Not Reported,2,Not Reported
10020638,PANTOPRAZOLE,Not Reported,2,Not Reported
10020638,PANODIL,Not Reported,2,Not Reported
10020638,CODEINE,Not Reported,2,Not Reported
10020651,GLASSIA,ALPHA-1 ANTI-TRYPSIN DECREASED,1,Not Reported
10020651,LOSARTAN,Not Reported,2,Not Reported
10020651,PAXIL,Not Reported,2,Not Reported
10020651,METFORMIN,Not Reported,2,Not Reported
10020651,HYDROCODONE,Not Reported,2,Not Reported
10020651,PRADAXA,Not Reported,2,Not Reported
10020651,DIGOXIN,Not Reported,2,Not Reported
10020651,DILTIAZEM,Not Reported,2,Not Reported
10020651,FUROSEMIDE,Not Reported,2,Not Reported
10020651,GABAPENTIN,Not Reported,2,Not Reported
10020651,NITROBID PASTE,Not Reported,2,Not Reported
10020651,FLONASE,Not Reported,2,Not Reported
10020651,PROLROYUM,Not Reported,2,Not Reported
10020651,KLONOPIN,Not Reported,2,Not Reported
10020651,KLOR-CON,Not Reported,2,Not Reported
10020651,MONTELUKAST,Not Reported,2,Not Reported
10020651,PROBIOTICS,Not Reported,2,Not Reported
10020651,LEVEMIR,Not Reported,2,Not Reported
10020651,ATORVASTATIN,Not Reported,2,Not Reported
10020651,GOBIODIA,Not Reported,2,Not Reported
10020651,PRILOSEC,Not Reported,2,Not Reported
10020651,NISTATIN MOUTHWASH SWISH,Not Reported,2,Not Reported
10020651,VITAMIN B12,Not Reported,2,Not Reported
10020651,VITAMIN D3,Not Reported,2,Not Reported
10020651,CARBIDOPA-LEVODOPA,Not Reported,2,Not Reported
10020651,CARDIZEM HCL,Not Reported,2,Not Reported
10020651,ALBUTEROL,Not Reported,2,Not Reported
10020651,SINGULAIR,Not Reported,2,Not Reported
10020651,ZOFRAN,Not Reported,2,Not Reported
10020651,MIRALAX,Not Reported,2,Not Reported
10020651,SPIRIVA,Not Reported,2,Not Reported
10020729,DOXAZOSIN (DOXAZOSIN),PRODUCT USED FOR UNKNOWN INDICATION,1,Not Reported
10020729,SUTENT,RENAL CELL CARCINOMA,1,Not Reported
10020729,CLARITHROMYCIN (CLARITHROMYCIN),PRODUCT USED FOR UNKNOWN INDICATION,1,Not Reported
10020729,AMIODARONE (AMIODARONE),PRODUCT USED FOR UNKNOWN INDICATION,1,Not Reported
10020729,LERCANIDIPINE (LERCANIDIPINE),PRODUCT USED FOR UNKNOWN INDICATION,1,Not Reported
10020729,WARFARIN SODIUM (WARFARIN SODIUM),PRODUCT USED FOR UNKNOWN INDICATION,1,Not Reported
10020729,PREGABALIN (PREGABALIN),PRODUCT USED FOR UNKNOWN INDICATION,1,Not Reported
10020729,ALLOPURINOL (ALLOPURINOL),Not Reported,2,Not Reported
10020729,LOSARTAN POTASSIUM (LOSARTAN POTASSIUM),Not Reported,2,Not Reported
10020729,CARVEDILOL (CARVEDILOL),Not Reported,2,Not Reported
10020729,HEPARIN LOW MOLECULAR WEIGHT(HEPARIN-FRACTION),Not Reported,2,Not Reported
10020729,FUROSEMIDE (FUROSEMIDE),Not Reported,2,Not Reported
10020757,CLOPIDOGREL,PRODUCT USED FOR UNKNOWN INDICATION,1,5
10020757,FLUOXETINE,PRODUCT USED FOR UNKNOWN INDICATION,1,5
10020757,LOSARTAN,Not Reported,2,Not Reported
10020757,ATORVASTATIN,Not Reported,2,Not Reported
10020757,BISOPROLOL,Not Reported,2,Not Reported
10020757,LANSOPRAZOLE,Not Reported,2,Not Reported
10020757,ASPIRIN,PRODUCT USED FOR UNKNOWN INDICATION,1,Not Reported
10020757,CHAMPIX,PRODUCT USED FOR UNKNOWN INDICATION,1,5
10020826,NEXIUM HP,Not Reported,1,5
10020826,BEHEPAN,Not Reported,2,Not Reported
10020826,MAGNESIUM,Not Reported,2,Not Reported
10020826,OXYNORM,Not Reported,2,Not Reported
10020826,CLARITHROMYCIN.,Not Reported,1,5
10020826,TROMBYL,Not Reported,1,1
10020826,AMOXICILLIN.,Not Reported,1,5
10020826,LOSARTAN,Not Reported,2,Not Reported
10020826,DUROFERON,Not Reported,2,Not Reported
10020988,ASPIRIN.,Not Reported,2,Not Reported
10020988,NOVORAPID,Not Reported,2,Not Reported
10020988,TRIMETHOPRIM.,Not Reported,2,Not Reported
10020988,EZETIMIBE.,Not Reported,2,Not Reported
10020988,LOSARTAN,HYPERTENSION,1,1
10020988,METFORMIN,Not Reported,2,Not Reported
10021000,ATENOLOL (ATENOLOL),HYPERTENSION,1,Not Reported
10021000,LOSARTAN (LOSARTAN),HYPERTENSION,1,Not Reported
10021011,LOSARTAN,HYPERTENSION,1,Not Reported
10021011,PAXIL (PAROXETINE),Not Reported,2,Not Reported
10021011,CRESTOR,Not Reported,2,Not Reported
10021011,IBUPROFEN,Not Reported,2,Not Reported
10021011,LORAZEPAM,Not Reported,2,Not Reported
10021011,CLARINEX,Not Reported,2,Not Reported
10021011,METOPROLOL,Not Reported,2,Not Reported
10021011,DIOVAN,Not Reported,2,Not Reported
10021011,COZAAR,Not Reported,2,Not Reported
10021011,MULTIVITAMIN,Not Reported,2,Not Reported
10021011,LOVAZA,Not Reported,2,Not Reported
10021011,FISH OIL,Not Reported,2,Not Reported
10021011,VITAMIN E,Not Reported,2,Not Reported
10021011,SAW PALMETTO/SELENIUM/LYCOPENE,Not Reported,2,Not Reported
10021011,CALCIUM/MAGNESIUM/ZINC,Not Reported,2,Not Reported
10021011,FIBER SUPPLEMENT,Not Reported,2,Not Reported
10021011,VITAMIN D,Not Reported,2,Not Reported
10021234,FLUOXETINE,PRODUCT USED FOR UNKNOWN INDICATION,1,5
10021234,CHAMPIX,PRODUCT USED FOR UNKNOWN INDICATION,1,5
10021234,ASPIRIN,PRODUCT USED FOR UNKNOWN INDICATION,1,5
10021234,CLOPIDOGREL,PRODUCT USED FOR UNKNOWN INDICATION,1,5
10021234,ATORVASTATIN,PRODUCT USED FOR UNKNOWN INDICATION,2,5
10021234,BISOPROLOL,PRODUCT USED FOR UNKNOWN INDICATION,2,5
10021234,LANSOPRAZOLE,PRODUCT USED FOR UNKNOWN INDICATION,2,5
10021234,LOSARTAN,PRODUCT USED FOR UNKNOWN INDICATION,2,5
10021278,LEVOFLOXACIN,BRONCHOPNEUMONIA,1,Not Reported
10021278,COUMADIN,PULMONARY EMBOLISM,1,Not Reported
10021278,COUMADIN,THROMBOPHLEBITIS SUPERFICIAL,1,Not Reported
10021278,DELTACORTENE,INFECTIVE EXACERBATION OF CHRONIC OBSTRUCTIVE AIRWAYS DISEASE,1,Not Reported
10021278,LASIX (FUROSEMIDE),Not Reported,2,Not Reported
10021278,LOSARTAN POTASSIUM (LOSARTAN POTASIUM),Not Reported,2,Not Reported
10021278,EPREX (EPOETIN ALFA),Not Reported,2,Not Reported
10021278,ALLOPURINOL (ALLOPURINOL),Not Reported,2,Not Reported
10021278,PANTOPRAZOLE (PANTOPRAZOLE),Not Reported,2,Not Reported
10021339,LOSARTAN,Not Reported,1,Not Reported
10021339,AMLODIPINE,Not Reported,2,Not Reported
10021339,ASPIRIN,Not Reported,2,Not Reported
10021339,ATORVASTATIN,Not Reported,2,Not Reported
10021339,BECLOMETASONE,Not Reported,2,Not Reported
10021339,CLOPIDOGREL,Not Reported,2,Not Reported
10021339,FERROUS FUMARATE,Not Reported,2,Not Reported
10021339,HYDROXOCOBALAMIN,Not Reported,2,Not Reported
10021339,PENTOXIFYLLINE,Not Reported,2,Not Reported
10021339,RAMIPRIL,Not Reported,2,Not Reported
10021355,PANTOPRAZOLE SODIUM,DYSPEPSIA,1,Not Reported
10021355,PANTOPRAZOLE SODIUM,GASTROOESOPHAGEAL REFLUX DISEASE,1,Not Reported
10021355,LOSARTAN,Not Reported,1,Not Reported
10021552,LANTUS,DIABETES MELLITUS,1,3
10021552,APIDRA,DIABETES MELLITUS,1,2
10021552,METFORMIN,DIABETES MELLITUS,2,Not Reported
10021552,LOSARTAN,HYPERTENSION,2,Not Reported
10021877,LOSARTAN (UNKNOWN),PRODUCT USED FOR UNKNOWN INDICATION,1,1
10021877,LOSARTAN (UNKNOWN),Not Reported,1,1
10021877,AMLODIPINE,PRODUCT USED FOR UNKNOWN INDICATION,2,5
10021877,ASPIRIN,PRODUCT USED FOR UNKNOWN INDICATION,2,5
10021877,ATORVASTATIN,PRODUCT USED FOR UNKNOWN INDICATION,2,5
10021877,BECLOMETASONE,PRODUCT USED FOR UNKNOWN INDICATION,2,5
10021877,BECLOMETASONE,Not Reported,2,5
10021877,CLOPIDOGREL,PRODUCT USED FOR UNKNOWN INDICATION,2,5
10021877,FERROUS FUMARATE,PRODUCT USED FOR UNKNOWN INDICATION,2,5
10021877,HYDROXOCOBALAMIN,PRODUCT USED FOR UNKNOWN INDICATION,2,5
10021877,PENTOXIFYLLINE,PRODUCT USED FOR UNKNOWN INDICATION,2,5
10021877,RAMIPRIL,PRODUCT USED FOR UNKNOWN INDICATION,2,5
10021891,RIBAVIRIN,Not Reported,1,Not Reported
10021891,SOFOSBUVIR/LEDIPASVIR,Not Reported,1,Not Reported
10021891,VITAMIN D3 (CHOLECALCIFEROL),Not Reported,2,Not Reported
10021891,TAMSULOSIN (TAMSULOSIN),Not Reported,2,Not Reported
10021891,HUMULIN N (INSULIN),Not Reported,2,Not Reported
10021891,BISACODYL (BISACODYL),Not Reported,2,Not Reported
10021891,LOSARTAN (LOSARTAN),Not Reported,2,Not Reported
10021891,METFORMIN (METFORMIN),Not Reported,2,Not Reported
10021891,NEURONTIN (GABAPENTIN),Not Reported,2,Not Reported
10021891,NADOLOL (NADOLOL),Not Reported,2,Not Reported
10021891,OXYBUTININ (OXYBUTININ),Not Reported,2,Not Reported
10021891,PRAVASTATIN (PRAVASTATIN),Not Reported,2,Not Reported
10021891,CYCLOSPORIN (CYCLOSPORIN),Not Reported,2,Not Reported
10021891,MULTIVITAMIN (MULTIVITAMIN),Not Reported,2,Not Reported
10022041,SIMPONI,PSORIATIC ARTHROPATHY,1,Not Reported
10022041,METHOTREXAT EBEWE,PSORIATIC ARTHROPATHY,1,Not Reported
10022041,CALTRATE PLUS,Not Reported,2,Not Reported
10022041,ACIDUM FOLICUM,Not Reported,2,Not Reported
10022041,FOSAVANCE,Not Reported,2,Not Reported
10022041,LOZAP (LOSARTAN POTASSIUM),Not Reported,2,Not Reported
10022041,MEDROL,Not Reported,2,Not Reported
10022041,AMLODIPINE  BESILATE,Not Reported,2,Not Reported
10022041,ALPHA D3,Not Reported,2,5
10022041,ACECOR,Not Reported,2,Not Reported
10022041,APO-DICLO,Not Reported,2,Not Reported
10022159,ZEMPLAR,HYPERPARATHYROIDISM SECONDARY,1,1
10022159,LOSARTAN,PRODUCT USED FOR UNKNOWN INDICATION,2,Not Reported
10022159,ERYTHROPOIETIN,PRODUCT USED FOR UNKNOWN INDICATION,2,Not Reported
10022159,METOPROLOL,PRODUCT USED FOR UNKNOWN INDICATION,2,Not Reported
10022159,OMEPRAZOLE,PRODUCT USED FOR UNKNOWN INDICATION,2,Not Reported
10022159,ACETAMINOPHEN,PRODUCT USED FOR UNKNOWN INDICATION,2,Not Reported
10022175,AVAMYS,Not Reported,1,1
10022175,ADCAL-D3,BONE DISORDER,2,Not Reported
10022175,VISCOTEARS,Not Reported,2,Not Reported
10022175,ZIMOVANE,Not Reported,2,Not Reported
10022175,ASPIRIN,HYPERTENSION,2,Not Reported
10022175,LOSARTAN,HYPERTENSION,2,Not Reported
10022175,MEBEVERINE HYDROCHLORIDE,ABDOMINAL DISCOMFORT,2,Not Reported
10022175,SIMVASTATIN,BLOOD CHOLESTEROL INCREASED,2,Not Reported
10022175,DOXAZOSIN,Not Reported,2,Not Reported
10022249,LEVOFLOXACIN (LEVOFLOXACIN),NASAL CONGESTION,1,Not Reported
10022249,COZAAR (LOSARTAN POTASSIUM),Not Reported,2,Not Reported
10022249,HCTZ (HYDROCHLOROTHIAZIDE),Not Reported,2,Not Reported
10022249,LOPRESSOR (METOPROLOL TARTRATE),Not Reported,2,Not Reported
10022329,NAPROXEN SODIUM 220 MG,BACK PAIN,1,1
10022329,DIURETICS,Not Reported,2,4
10022329,FLOMAX,Not Reported,2,4
10022329,NEXIUM,Not Reported,2,4
10022329,FINASTERIDE,Not Reported,2,4
10022329,LASIX,Not Reported,2,4
10022329,LOSARTAN,Not Reported,2,4
10022535,LOSARTAN,Not Reported,1,Not Reported
10022535,AMLODIPINE,Not Reported,2,Not Reported
10022535,ASPIRIN,Not Reported,2,Not Reported
10022535,ATORVASTATIN,Not Reported,2,Not Reported
10022535,BECLOMETASONE,Not Reported,2,Not Reported
10022535,CLOPIDOGREL,Not Reported,2,Not Reported
10022535,FERROUS FUMARATE,Not Reported,2,Not Reported
10022535,HYDROXOCOBALAMIN,Not Reported,2,Not Reported
10022535,PENTOXIFYLLINE,Not Reported,2,Not Reported
10022535,RAMIPRIL,Not Reported,2,Not Reported
10022645,"LOSARTAN POTASSIUM 12,5 MG",HYPERTENSION,1,1
10022645,MOXONIDINE,Not Reported,2,Not Reported
10022645,ALBUTEROL,Not Reported,2,Not Reported
10022690,RAMIPRIL,HYPERTENSION,1,1
10022690,AMLODIPINE,Not Reported,2,Not Reported
10022690,ARIPIPRAZOLE,Not Reported,2,Not Reported
10022690,DULOXETINE HYDROCHLORIDE,Not Reported,2,Not Reported
10022690,LAMOTRIGINE,Not Reported,2,Not Reported
10022690,LOSARTAN,Not Reported,2,Not Reported
10022690,MIRTAZAPINE,Not Reported,2,Not Reported
10022690,TAMSULOSIN,Not Reported,2,Not Reported
10023078,ASPIRIN.,PRODUCT USED FOR UNKNOWN INDICATION,2,Not Reported
10023078,TRIMETHOPRIM.,PRODUCT USED FOR UNKNOWN INDICATION,2,Not Reported
10023078,LOSARTAN,HYPERTENSION,1,1
10023078,METFORMIN,PRODUCT USED FOR UNKNOWN INDICATION,2,Not Reported
10023078,NOVORAPID,PRODUCT USED FOR UNKNOWN INDICATION,2,Not Reported
10023078,EZETIMIBE.,PRODUCT USED FOR UNKNOWN INDICATION,2,Not Reported
10023086,IPILIMUMAB,MALIGNANT MELANOMA,1,4
10023086,CALCIUM + VITAMIN D,Not Reported,2,5
10023086,BACTRIM DS,Not Reported,2,5
10023086,METRONIDAZOLE.,Not Reported,2,5
10023086,PANTOPRAZOLE,Not Reported,2,5
10023086,NIVOLUMAB,MALIGNANT MELANOMA,1,4
10023086,INSULIN LISPRO,Not Reported,2,5
10023086,MINERAL OIL+PETROLATUM+,Not Reported,2,5
10023086,PENICILLIN G POTASSIUM.,Not Reported,2,5
10023086,CARBOXYMETHYLCELLULOSE SODIUM.,Not Reported,2,5
10023086,PROCHLORPERAZINE.,Not Reported,2,5
10023086,SODIUM PHOSPHATE,Not Reported,2,5
10023086,AZTREONAM.,Not Reported,2,5
10023086,CLINDAMYCIN,Not Reported,2,5
10023086,POTASSIUM CHLORIDE.,Not Reported,2,5
10023086,OMEPRAZOL E,Not Reported,2,5
10023086,SULFAMETHOXAZOLE AND TRIMETHOPRIM,Not Reported,2,5
10023086,NYSTATIN + ZINC OXIDE,Not Reported,2,5
10023086,ONDANSETRON,Not Reported,2,5
10023086,SOLU-MEDROL,Not Reported,2,5
10023086,IBUPROFEN.,Not Reported,2,5
10023086,LORAZEPAM.,Not Reported,2,5
10023086,MIRALAX,Not Reported,2,5
10023086,PREDNISONE.,Not Reported,2,5
10023086,LIDOCAINE.,Not Reported,2,5
10023086,LOSARTAN,Not Reported,2,5
10023086,SODIUM CHLORIDE.,Not Reported,2,5
10023086,VANCOMYCIN,Not Reported,2,5
10023086,ACETAMINOPHEN + HYDROCODONE,Not Reported,2,5
10023086,LACTOBACILLUS ACIDOPHILUS,Not Reported,2,5
10023086,INSULIN,Not Reported,2,5
10023086,ALBUTEROL.,Not Reported,2,5
10023086,MENTHOL + ZINC OXIDE,Not Reported,2,5
10023086,DOCUSATE SODIUM.,Not Reported,2,5
10023086,MAGNESIUM SULFATE.,Not Reported,2,5
10023086,VICODIN,Not Reported,2,5
10023086,NPH INSULIN,Not Reported,2,5
10023086,MICONAZOLE,Not Reported,2,5
10023086,FUROSEMIDE.,Not Reported,2,5
10023086,MULTIVITAMINS,Not Reported,2,5
10023086,ENOXAPARIN,Not Reported,2,5
10023086,SENNA,Not Reported,2,5
10023086,ACETAMINOPHEN.,Not Reported,2,5
10023086,POLYETHYLENE GLYCOL 3350.,Not Reported,2,5
10023103,LOSARTAN,PRODUCT USED FOR UNKNOWN INDICATION,1,1
10023103,LOSARTAN,Not Reported,1,1
10023103,AMLODIPINE,PRODUCT USED FOR UNKNOWN INDICATION,2,Not Reported
10023103,ASPIRIN,PRODUCT USED FOR UNKNOWN INDICATION,2,Not Reported
10023103,ATORVASTATIN,PRODUCT USED FOR UNKNOWN INDICATION,2,Not Reported
10023103,BECLOMETASONE,PRODUCT USED FOR UNKNOWN INDICATION,2,Not Reported
10023103,BECLOMETASONE,Not Reported,2,Not Reported
10023103,CLOPIDOGREL,PRODUCT USED FOR UNKNOWN INDICATION,2,Not Reported
10023103,FERROUS FUMARATE,PRODUCT USED FOR UNKNOWN INDICATION,2,Not Reported
10023103,HYDROXOCOBALAMIN,PRODUCT USED FOR UNKNOWN INDICATION,2,Not Reported
10023103,PENTOXIFYLLINE,PRODUCT USED FOR UNKNOWN INDICATION,2,Not Reported
10023103,RAMIPRIL,PRODUCT USED FOR UNKNOWN INDICATION,2,Not Reported
10023324,AVONEX,MULTIPLE SCLEROSIS,1,4
10023324,ADVAIR HFA,Not Reported,2,Not Reported
10023324,ASPIR-81,Not Reported,2,Not Reported
10023324,CARBIDOPA-LEVODOPA,Not Reported,2,Not Reported
10023324,CYMBALTA,Not Reported,2,Not Reported
10023324,FLUTICASONE PROPIONATE,Not Reported,2,Not Reported
10023324,LOSARTAN POTASSIUM,Not Reported,2,Not Reported
10023324,MUCINEX,Not Reported,2,Not Reported
10023324,METFORMIN HCL,Not Reported,2,Not Reported
10023324,OMEPRAZOLE,Not Reported,2,Not Reported
10023324,OXCARBAZEPINE,Not Reported,2,Not Reported
10023324,PRAVASTATIN SODIUM,Not Reported,2,Not Reported
10023324,SINGULAIR,Not Reported,2,Not Reported
10023324,VENTOLIN HFA,Not Reported,2,Not Reported
10023324,VERAPAMIL HCL CR,Not Reported,2,Not Reported
10023422,BONIVA,Osteoporosis,1,5
10023422,BONIVA,Not Reported,1,5
10023422,FOSAMAX,Osteoporosis,1,5
10023422,FOSAMAX,Not Reported,1,5
10023422,ACTONEL,Osteoporosis,1,5
10023422,ACTONEL,Not Reported,1,5
10023422,DICLOFENAC SODIUM,Fibromyalgia,2,Not Reported
10023422,PLAQUENIL,Rheumatoid arthritis,2,Not Reported
10023422,LOSARTAN POTASSIUM,Hypertension,2,Not Reported
10023422,METHOCARBAMOL,Muscle spasms,2,Not Reported
10023422,VICODIN,Pain,2,Not Reported
10023422,FUROSEMIDE,Oedema,2,Not Reported
10023422,BENICAR,Hypertension,2,Not Reported
10023422,VALACYCLOVIR,Herpes zoster,2,Not Reported
10023422,PREDNISONE,Arthropod bite,2,Not Reported
10023422,AZITHROMYCIN ANHYDROUS,Cough,2,Not Reported
10023422,AZITHROMYCIN ANHYDROUS,Nasopharyngitis,2,Not Reported
10023576,STRIBILD,HIV INFECTION,1,Not Reported
10023576,FENTANYL,Not Reported,2,Not Reported
10023576,PERCODAN,Not Reported,2,Not Reported
10023576,OXYCONTIN,Not Reported,2,Not Reported
10023576,IBUPROFEN,Not Reported,2,Not Reported
10023576,TAMSULOSIN,Not Reported,2,Not Reported
10023576,LORAZEPAM,Not Reported,2,Not Reported
10023576,TIVACAY,Not Reported,2,Not Reported
10023576,LOSARTAN,Not Reported,2,Not Reported
10023576,SELZENTRY,Not Reported,2,Not Reported
10023576,PRAVASTATIN,Not Reported,2,Not Reported
10023576,LANSOPRAZOLE,Not Reported,2,Not Reported
10023576,RANITIDINE,Not Reported,2,Not Reported
10023576,SPIRIVA,Not Reported,2,Not Reported
10023576,B12,Not Reported,2,Not Reported
10023576,DEPO TESTOSTERONE,Not Reported,2,Not Reported
10023576,IMIQUIMOD,Not Reported,2,Not Reported
10023576,CHLORDIAZEPOXIDE,Not Reported,2,Not Reported
10023576,PROAIR,Not Reported,2,Not Reported
10023576,ONDANSETRON,Not Reported,2,Not Reported
10023576,TERBINAFINE,Not Reported,2,Not Reported
10023576,BACLOFEN,Not Reported,2,Not Reported
10023576,AMPHETAMINE,Not Reported,2,Not Reported
10023576,FLAX SEED OIL,Not Reported,2,Not Reported
10023576,VITAMIN E/C,Not Reported,2,Not Reported
10023576,CENTRUM MVI,Not Reported,2,Not Reported
10023576,CALCIUM,Not Reported,2,Not Reported
10023676,STELARA,PSORIASIS,1,4
10023676,LOSARTAN,Not Reported,2,Not Reported
10023676,LANSOPRAZOLE,Not Reported,2,Not Reported
10023676,PARACETAMOL,Not Reported,2,Not Reported
10023788,LOSARTAN,HYPERTENSION,1,Not Reported
10023788,MULTIVITAMIN,Not Reported,2,Not Reported
10023788,CALCIUM,Not Reported,2,Not Reported
10023788,VIT B-100,Not Reported,2,Not Reported
10023788,BIOTIN,Not Reported,2,Not Reported
10024040,ATORVASTATIN CALCIUM TABLETS,BLOOD CHOLESTEROL INCREASED,1,1
10024040,LOSARTAN,Not Reported,2,Not Reported
10024103,LATANOPROST,INTRAOCULAR PRESSURE TEST,1,1
10024103,LOSARTAN,BLOOD PRESSURE ABNORMAL,2,Not Reported
10024103,HYDROCHLOROTHIAZIDE/METOPROLOL,BLOOD PRESSURE,2,Not Reported
10024103,SIMVASTATIN,BLOOD CHOLESTEROL INCREASED,2,Not Reported
10024103,POTASSIUM CHLORIDE,Not Reported,2,Not Reported
10024103,OSTEO BI-FLEX,Not Reported,2,Not Reported
10024103,OMEGA-3,Not Reported,2,Not Reported
10024103,CALCIUM,Not Reported,2,Not Reported
10024103,ASPIRIN,Not Reported,2,Not Reported
10024103,TIMOLOL MALEATE,Not Reported,2,Not Reported
10024103,ZYLOPRIM,Not Reported,2,Not Reported
10024197,TOVIAZ,URINARY INCONTINENCE,1,4
10024197,PANTOPRAZOLE,GASTROOESOPHAGEAL REFLUX DISEASE,1,1
10024197,CLONAZEPAM.,POST-TRAUMATIC STRESS DISORDER,2,Not Reported
10024197,ZETIA,BLOOD CHOLESTEROL,2,Not Reported
10024197,CRESTOR,BLOOD CHOLESTEROL INCREASED,2,Not Reported
10024197,PANTOPRAZOLE,HIATUS HERNIA,1,1
10024197,MAGNESIUM,VITAMIN SUPPLEMENTATION,2,Not Reported
10024197,PANTOTHENIC ACID,BLOOD CHOLESTEROL ABNORMAL,2,Not Reported
10024197,ATENOLOL.,HYPERTENSION,2,Not Reported
10024197,ARTICHOKE EXTRACT,BLOOD CHOLESTEROL,2,Not Reported
10024197,VITAMIN K2,MYOCARDIAL INFARCTION,2,Not Reported
10024197,OXYBUTYNIN,HYPERTONIC BLADDER,1,4
10024197,LEVOTHYROXINE,THYROID DISORDER,2,Not Reported
10024197,BIOTIN,HAIR DISORDER,2,Not Reported
10024197,BIOTIN,NAIL DISORDER,2,Not Reported
10024197,ASPIRIN.,BLOOD DISORDER,2,Not Reported
10024197,HYDROCHLOROTHIAZIDE.,HYPERTENSION,2,Not Reported
10024197,TOVIAZ,HYPERTONIC BLADDER,1,4
10024197,LOSARTAN POTASSIUM.,HYPERTENSION,2,Not Reported
10024197,BIOTIN,SKIN DISORDER,2,Not Reported
10024197,TOVIAZ,Not Reported,1,4
10024197,GABAPENTIN.,NEUROPATHY PERIPHERAL,2,Not Reported
10024197,VITAMIN D,BONE DISORDER,2,Not Reported
10024197,CITRACAL,BONE DISORDER,2,Not Reported
10024197,VITAMIN K2,CEREBROVASCULAR ACCIDENT,2,Not Reported
10024231,FABRAZYME,FABRY^S DISEASE,1,Not Reported
10024231,SPIRONOLACTONE,Not Reported,2,Not Reported
10024231,BUDESONIDE/FORMOTEROL,Not Reported,2,Not Reported
10024231,AEROLIN,Not Reported,2,Not Reported
10024231,SIMVASTATIN,Not Reported,2,Not Reported
10024231,DRUGS FOR OBSTUCTIVE,Not Reported,2,Not Reported
10024231,AIRWAY DISEASES,Not Reported,2,Not Reported
10024231,FERROUS SULFATE,Not Reported,2,Not Reported
10024231,CARVEDILOL,Not Reported,2,Not Reported
10024231,LOSARTAN,Not Reported,2,Not Reported
10024231,FUROSEMIDE,Not Reported,2,Not Reported
10003432,LETAIRIS,PULMONARY HYPERTENSION,1,4
10003432,LANTUS,Not Reported,2,Not Reported
10003432,LISINOPRIL.,Not Reported,2,Not Reported
10003432,ALLOPURINOL.,Not Reported,2,Not Reported
10003432,KLOR-CON,Not Reported,2,Not Reported
10003432,ASPIRIN.,Not Reported,2,Not Reported
10003432,CENTRUM SILVER                     /02363801/,Not Reported,2,Not Reported
10003432,CARVEDILOL.,Not Reported,2,Not Reported
10003432,LETAIRIS,HYPOXIA,1,4
10003432,FISH OIL,Not Reported,2,Not Reported
10003432,FUROSEMIDE.,Not Reported,2,Not Reported
10003432,COUMADIN,Not Reported,2,Not Reported
10003432,MUCINEX,Not Reported,2,Not Reported
10003432,CITALOPRAM HYDROBROMIDE.,Not Reported,2,Not Reported
10003539,JAKAFI,MYELOFIBROSIS,1,1
10003539,LISINOPRIL,Not Reported,2,Not Reported
10003539,JANUVIA,Not Reported,2,Not Reported
10003539,GLYBURIDE,Not Reported,2,Not Reported
10003539,VITAMIN D                          /00107901/,Not Reported,2,Not Reported
10003565,JAKAFI,MYELOFIBROSIS,1,4
10003565,GLIMEPIRIDE,Not Reported,2,Not Reported
10003565,ZOCOR,Not Reported,2,Not Reported
10003565,LISINOPRIL,Not Reported,2,Not Reported
10003565,TAMSULOSIN,Not Reported,2,Not Reported
10003632,REVLIMID,PLASMA CELL MYELOMA,1,1
10003632,REVLIMID,Not Reported,1,1
10003632,PLAVIX,PRODUCT USED FOR UNKNOWN INDICATION,2,Not Reported
10003632,PLAVIX,Not Reported,2,Not Reported
10003632,FISH OIL - VITAMIN D3,PRODUCT USED FOR UNKNOWN INDICATION,2,Not Reported
10003632,ALLOPURINOL,PRODUCT USED FOR UNKNOWN INDICATION,2,Not Reported
10003632,ZESTRIL,PRODUCT USED FOR UNKNOWN INDICATION,2,Not Reported
10003632,FOLIC ACID,PRODUCT USED FOR UNKNOWN INDICATION,2,Not Reported
10003632,FENOFIBRATE,PRODUCT USED FOR UNKNOWN INDICATION,2,Not Reported
10003632,ASPIRIN,PRODUCT USED FOR UNKNOWN INDICATION,2,Not Reported
10003632,ATENOLOL,PRODUCT USED FOR UNKNOWN INDICATION,2,Not Reported
10003632,PANTOPRAZOLE,PRODUCT USED FOR UNKNOWN INDICATION,2,Not Reported
10003632,PANTOPRAZOLE,Not Reported,2,Not Reported
10003632,METHYLPREDNISOLONE,PRODUCT USED FOR UNKNOWN INDICATION,2,Not Reported
10003632,LEVOTHYROXINE,PRODUCT USED FOR UNKNOWN INDICATION,2,Not Reported
10003632,IRON,PRODUCT USED FOR UNKNOWN INDICATION,2,Not Reported
10003632,IRON,Not Reported,2,Not Reported
10003632,GLIMEPIRIDE,PRODUCT USED FOR UNKNOWN INDICATION,2,Not Reported
10003632,LISINOPRIL,PRODUCT USED FOR UNKNOWN INDICATION,2,Not Reported
10003632,POTASSIUM CHLORIDE,PRODUCT USED FOR UNKNOWN INDICATION,2,Not Reported
10003632,PROCRIT,PRODUCT USED FOR UNKNOWN INDICATION,2,Not Reported
10003654,DEPAKOTE,CONVULSION,1,2
10003654,DEPAKOTE,Not Reported,1,2
10003654,KEPPRA,CONVULSION,2,Not Reported
10003654,LANTUS,DIABETES MELLITUS,2,Not Reported
10003654,HUMALOG,DIABETES MELLITUS,2,Not Reported
10003654,ATENOLOL,HYPERTENSION,2,Not Reported
10003654,SIMVASTATIN,BLOOD CHOLESTEROL INCREASED,2,Not Reported
10003654,LISINOPRIL,HYPERTENSION,2,Not Reported
10003654,VITAMIN D NOS,VITAMIN SUPPLEMENTATION,2,Not Reported
10003803,DEPAKOTE,BIPOLAR I DISORDER,1,Not Reported
10003803,LISINOPRIL/HYDROCHLOROTHIAZIDE,HYPERTENSION,2,Not Reported
10003803,GLIPIZIDE,DIABETES MELLITUS,2,Not Reported
10003803,METFORMIN,DIABETES MELLITUS,2,Not Reported
10004006,JAKAFI,ESSENTIAL THROMBOCYTHAEMIA,1,4
10004006,JAKAFI,MYELOFIBROSIS,1,4
10004006,OMEPRAZOLE,Not Reported,2,Not Reported
10004006,AMBIEN,Not Reported,2,Not Reported
10004006,TYLENOL                            /00020001/,Not Reported,2,Not Reported
10004006,LANTUS,Not Reported,2,Not Reported
10004006,SIMVASTATIN,Not Reported,2,Not Reported
10004006,METFORMIN HCL,Not Reported,2,Not Reported
10004006,LISINOPRIL,Not Reported,2,Not Reported
10004006,PHENERGAN                          /00033001/,Not Reported,2,Not Reported
10004018,PARAGARD 380A,CONTRACEPTION,1,1
10004018,LISINOPRIL,HYPERTENSION,2,Not Reported
10004018,SERTRALINE,ANXIETY,2,Not Reported
10004018,PRILOSEC,GASTROOESOPHAGEAL REFLUX DISEASE,2,Not Reported
10004089,AMPYRA,GAIT DISTURBANCE,1,1
10004089,BUSPAR,PRODUCT USED FOR UNKNOWN INDICATION,1,Not Reported
10004089,GLUCOPHAGE,PRODUCT USED FOR UNKNOWN INDICATION,2,Not Reported
10004089,LIPITOR,PRODUCT USED FOR UNKNOWN INDICATION,2,Not Reported
10004089,SPIRONOLACTONE,PRODUCT USED FOR UNKNOWN INDICATION,2,Not Reported
10004089,LISINOPRIL,PRODUCT USED FOR UNKNOWN INDICATION,2,Not Reported
10004089,CARDIZEM,PRODUCT USED FOR UNKNOWN INDICATION,2,Not Reported
10004089,ALLOPURINOL,PRODUCT USED FOR UNKNOWN INDICATION,2,Not Reported
10004089,METFORMIN,PRODUCT USED FOR UNKNOWN INDICATION,2,Not Reported
10004089,REBIF,MULTIPLE SCLEROSIS,2,Not Reported
10004089,CYANOCOBALAMIN,PRODUCT USED FOR UNKNOWN INDICATION,2,Not Reported
10004089,THIAMINE,PRODUCT USED FOR UNKNOWN INDICATION,2,Not Reported
10004089,FOLIC ACID,PRODUCT USED FOR UNKNOWN INDICATION,2,Not Reported
10004089,LORAZEPAM,PRODUCT USED FOR UNKNOWN INDICATION,2,Not Reported
10004162,JAKAFI,MYELOFIBROSIS,1,2
10004162,JAKAFI,Not Reported,1,2
10004162,LIPITOR,Not Reported,2,Not Reported
10004162,LISINOPRIL,Not Reported,2,Not Reported
10004162,HYDROCHLOROTHIAZIDE,Not Reported,2,Not Reported
10004227,CELEBREX,RHEUMATOID ARTHRITIS,1,4
10004227,LISINOPRIL,BLOOD PRESSURE ABNORMAL,2,Not Reported
10004262,LYRICA,FIBROMYALGIA,1,5
10004262,PERCOCET,Not Reported,2,Not Reported
10004262,PROPRANOLOL,Not Reported,2,Not Reported
10004262,AMBIEN,Not Reported,2,Not Reported
10004262,METFORMIN,Not Reported,2,Not Reported
10004262,WELLBUTRIN,Not Reported,2,Not Reported
10004262,LIPITOR,Not Reported,2,Not Reported
10004262,LISINOPRIL,Not Reported,2,Not Reported
10004262,SINGULAIR,Not Reported,2,Not Reported
10004262,CEPHALEXIN,Not Reported,2,Not Reported
10004345,MYFORTIC,Not Reported,1,5
10004345,LISINOPRIL,BLOOD PRESSURE ABNORMAL,2,5
10004345,COREG,BLOOD PRESSURE ABNORMAL,2,5
10004345,MINOXIDIL,BLOOD PRESSURE ABNORMAL,2,5
10004345,CLONIDINE,BLOOD PRESSURE ABNORMAL,2,5
10004359,JAKAFI,MYELOFIBROSIS,1,4
10004359,FUROSEMIDE,Not Reported,2,Not Reported
10004359,LOVENOX,Not Reported,2,Not Reported
10004359,POTASSIUM,Not Reported,2,Not Reported
10004359,"HYDROCHLOROTHIAZIDE, LISINOPRIL",Not Reported,2,Not Reported
10004359,OMEPRAZOLE,Not Reported,2,Not Reported
10004359,HYDROXYUREA,Not Reported,2,Not Reported
10004359,VITAMIN B COMPLEX,Not Reported,2,Not Reported
10004538,GABAPENTIN,PAIN,1,1
10004538,LISINOPRIL,HYPERTENSION,2,Not Reported
10004538,SIMVASTATIN,BLOOD CHOLESTEROL INCREASED,2,Not Reported
10004538,WARFARIN,PROTHROMBIN TIME ABNORMAL,2,Not Reported
10004538,FINASTERIDE,PROSTATOMEGALY,2,Not Reported
10004538,DIAZEPAM,Not Reported,2,Not Reported
10004538,BUSPAR,Not Reported,2,Not Reported
10004586,JAKAFI,MYELOFIBROSIS,1,5
10004586,JAKAFI,MYELODYSPLASTIC SYNDROME,1,5
10004586,CARVEDILOL,Not Reported,2,Not Reported
10004586,LISINOPRIL,Not Reported,2,Not Reported
10004586,LEVOTHYROXINE,Not Reported,2,Not Reported
10004586,CEPHALEXIN                         /00145501/,Not Reported,2,Not Reported
10004586,PRAVACHOL,Not Reported,2,Not Reported
10004629,JAKAFI,MYELOFIBROSIS,1,4
10004629,SYNTHROID,Not Reported,2,Not Reported
10004629,DICLOFENAC,Not Reported,2,Not Reported
10004629,CITALOPRAM,Not Reported,2,Not Reported
10004629,METFORMIN HCL,Not Reported,2,Not Reported
10004629,LISINOPRIL HCTZ,Not Reported,2,Not Reported
10004629,ASPIRIN (E.C.),Not Reported,2,Not Reported
10004629,ALLOPURINOL,Not Reported,2,Not Reported
10004629,CLARITIN                           /00413701/,Not Reported,2,Not Reported
10004629,ZINC,Not Reported,2,Not Reported
10004976,JAKAFI,MYELOFIBROSIS,1,4
10004976,GUAIFENESIN DM,Not Reported,2,Not Reported
10004976,PROBIOTIC                          /06395501/,Not Reported,2,Not Reported
10004976,CENTRUM                            /02217401/,Not Reported,2,Not Reported
10004976,TYLENOL                            /00020001/,Not Reported,2,Not Reported
10004976,SIMVASTATIN,Not Reported,2,Not Reported
10004976,NORVASC,Not Reported,2,Not Reported
10004976,HYDROCHLOROTHIAZIDE,Not Reported,2,Not Reported
10004976,LISINOPRIL,Not Reported,2,Not Reported
10004976,ANAGRELIDE HCL,Not Reported,2,Not Reported
10004976,CALCIUM + VITAMIN D,Not Reported,2,Not Reported
10005199,OXYCODONE,Not Reported,2,Not Reported
10005199,CIPROFLOXACIN.,Not Reported,2,Not Reported
10005199,SYMBICORT,Not Reported,2,Not Reported
10005199,LEXAPRO,Not Reported,2,Not Reported
10005199,LETAIRIS,DRUG ABUSE,1,4
10005199,LISINOPRIL.,Not Reported,2,Not Reported
10005199,OMEPRAZOLE.,Not Reported,2,Not Reported
10005199,LETAIRIS,CREST SYNDROME,1,4
10005199,OXYGEN.,Not Reported,2,Not Reported
10005199,LETAIRIS,PULMONARY HYPERTENSION,1,4
10005199,LASIX,Not Reported,2,Not Reported
10005199,POTASSIUM CHLORIDE.,Not Reported,2,Not Reported
10005204,JAKAFI,MYELOFIBROSIS,1,1
10005204,JAKAFI,Not Reported,1,1
10005204,EVISTA,Not Reported,2,Not Reported
10005204,CELEBREX,Not Reported,2,Not Reported
10005204,NORVASC,Not Reported,2,Not Reported
10005204,HYDROCHLOROTHIAZIDE,Not Reported,2,Not Reported
10005204,LISINOPRIL,Not Reported,2,Not Reported
10005204,SODIUM CHLORIDE,Not Reported,2,Not Reported
10005204,ASPIRIN,Not Reported,2,Not Reported
10005204,BIOTIN,Not Reported,2,Not Reported
10005204,CALCIUM,Not Reported,2,Not Reported
10005282,L-THYROXINE                        /00068001/,PRODUCT USED FOR UNKNOWN INDICATION,2,Not Reported
10005282,PANTOZOL,PRODUCT USED FOR UNKNOWN INDICATION,2,Not Reported
10005282,HCT,PRODUCT USED FOR UNKNOWN INDICATION,2,Not Reported
10005282,NOVALGIN,PRODUCT USED FOR UNKNOWN INDICATION,2,Not Reported
10005282,LISINOPRIL.,PRODUCT USED FOR UNKNOWN INDICATION,2,Not Reported
10005282,BENDAMUSTINE HYDROCHLORIDE,B-CELL LYMPHOMA,1,4
10005282,RITUXIMAB,B-CELL LYMPHOMA,1,4
10005419,AVONEX,MULTIPLE SCLEROSIS,1,4
10005419,ADVAIR DISKUS,Not Reported,2,Not Reported
10005419,LISINOPRIL,Not Reported,2,Not Reported
10005419,OXYTROL,Not Reported,2,Not Reported
10005419,XALATAN,Not Reported,2,Not Reported
10005429,SUBOXONE FILM,Not Reported,1,Not Reported
10005429,SUBOXONE FILM,DRUG DEPENDENCE,1,Not Reported
10005429,LISINOPRIL,HYPERTENSION,2,Not Reported
10005429,BUYSTOLIC,HYPERTENSION,2,Not Reported
10005429,ASPIRIN,CARDIOVASCULAR EVENT PROPHYLAXIS,2,Not Reported
10005696,TECFIDERA,MULTIPLE SCLEROSIS,1,4
10005696,HYDROXYZINE HCL,Not Reported,2,Not Reported
10005696,ESCITALOPRAM OXALATE,Not Reported,2,Not Reported
10005696,LORATADINE ALLERGY,Not Reported,2,Not Reported
10005696,GABAPENTIN,Not Reported,2,Not Reported
10005696,BACLOFEN,Not Reported,2,Not Reported
10005696,OMEPRAZOLE,Not Reported,2,Not Reported
10005696,GLIPIZIDE ER,Not Reported,2,Not Reported
10005696,LISINOPRIL,Not Reported,2,Not Reported
10005696,NORCO,Not Reported,2,Not Reported
10005696,IBUPROFEN,Not Reported,2,Not Reported
10005696,ROPINIROLE HCL,Not Reported,2,Not Reported
10005696,TYLENOL,Not Reported,2,Not Reported
10005696,DIAZEPAM,Not Reported,2,Not Reported
10005720,TECFIDERA,MULTIPLE SCLEROSIS,1,4
10005720,LISINOPRIL,Not Reported,2,Not Reported
10005720,CO Q-10,Not Reported,2,Not Reported
10005720,FISH OIL,Not Reported,2,Not Reported
10005720,CVS VITAMIN D,Not Reported,2,Not Reported
10006051,XARELTO,CEREBROVASCULAR ACCIDENT PROPHYLAXIS,1,1
10006051,XARELTO,ATRIAL FIBRILLATION,1,1
10006051,ASPIRIN,CARDIAC FAILURE CONGESTIVE,1,5
10006051,COREG,CARDIAC FAILURE CONGESTIVE,2,Not Reported
10006051,IMDUR,Not Reported,2,Not Reported
10006051,LISINOPRIL,CARDIAC FAILURE CONGESTIVE,2,Not Reported
10006051,AMARYL,DIABETES MELLITUS,2,Not Reported
10006130,REVLIMID,MYELODYSPLASTIC SYNDROME,1,Not Reported
10006130,TYLENOL PM,PRODUCT USED FOR UNKNOWN INDICATION,2,Not Reported
10006130,PREDNISONE,PRODUCT USED FOR UNKNOWN INDICATION,2,Not Reported
10006130,ATENOLOL,PRODUCT USED FOR UNKNOWN INDICATION,2,Not Reported
10006130,TUMS,PRODUCT USED FOR UNKNOWN INDICATION,2,Not Reported
10006130,DULCOLAX,PRODUCT USED FOR UNKNOWN INDICATION,2,Not Reported
10006130,VITAMIN D,PRODUCT USED FOR UNKNOWN INDICATION,2,Not Reported
10006130,DIPYRIDAMOLE,PRODUCT USED FOR UNKNOWN INDICATION,2,Not Reported
10006130,LISINOPRIL HCTZ,PRODUCT USED FOR UNKNOWN INDICATION,2,Not Reported
10006130,MVI,PRODUCT USED FOR UNKNOWN INDICATION,2,Not Reported
10006159,ERLOTINIB TABLET,PRODUCT USED FOR UNKNOWN INDICATION,1,Not Reported
10006159,METFORMIN                          /00082702/,PRODUCT USED FOR UNKNOWN INDICATION,2,Not Reported
10006159,LISINOPRIL,PRODUCT USED FOR UNKNOWN INDICATION,2,Not Reported
10006166,ERLOTINIB TABLET,LUNG NEOPLASM MALIGNANT,1,Not Reported
10006166,MEGESTROL ACETATE,PRODUCT USED FOR UNKNOWN INDICATION,2,Not Reported
10006166,LISINOPRIL,PRODUCT USED FOR UNKNOWN INDICATION,2,Not Reported
10006166,OXYCODONE/APAP                     /00867901/,PRODUCT USED FOR UNKNOWN INDICATION,2,Not Reported
10006166,ENOXAPARIN,PRODUCT USED FOR UNKNOWN INDICATION,2,Not Reported
10006240,DRONEDARONE,PRODUCT USED FOR UNKNOWN INDICATION,1,5
10006240,DABIGATRAN,PRODUCT USED FOR UNKNOWN INDICATION,3,5
10006240,FUROSEMIDE,Not Reported,2,Not Reported
10006240,SIMVASTATIN,Not Reported,2,Not Reported
10006240,LISINOPRIL,Not Reported,2,Not Reported
10006240,CARVEDILOL,Not Reported,2,Not Reported
10006269,YAZ,Not Reported,1,Not Reported
10006269,TOPAMAX,Not Reported,2,Not Reported
10006269,TERBINAFINE,Not Reported,2,Not Reported
10006269,TREXIMET,Not Reported,2,Not Reported
10006269,LISINOPRIL,Not Reported,2,Not Reported
10006269,DILAUDID,Not Reported,2,Not Reported
10006269,PERCOCET,Not Reported,2,Not Reported
10006269,FRAGMIN,PULMONARY EMBOLISM,2,Not Reported
10006313,DRONEDARONE,PRODUCT USED FOR UNKNOWN INDICATION,1,5
10006313,DABIGATRAN,PRODUCT USED FOR UNKNOWN INDICATION,3,5
10006313,PLAVIX,Not Reported,2,Not Reported
10006313,LISINOPRIL,Not Reported,2,Not Reported
10006313,ZANTAC,Not Reported,2,Not Reported
10006313,ASPIRIN,Not Reported,2,Not Reported
10006341,REMERON,Not Reported,1,Not Reported
10006341,REMERON SOLTAB,Not Reported,1,Not Reported
10006341,DIAZEPAM,Not Reported,1,Not Reported
10006341,LISINOPRIL,Not Reported,1,Not Reported
10006341,CLORAZEPATE DIPOTASSIUM,Not Reported,1,Not Reported
10006341,AGOMELATINE,Not Reported,1,Not Reported
10006341,OLANZAPINE,Not Reported,1,Not Reported
10006341,LEVOMEPROMAZINE,Not Reported,1,Not Reported
10006341,ALPRAZOLAM,Not Reported,1,Not Reported
10006341,FLURAZEPAM,Not Reported,1,Not Reported
10006434,DABIGATRAN,ATRIAL FIBRILLATION,1,4
10006434,DABIGATRAN,Not Reported,1,4
10006434,CELEBREX,Not Reported,2,Not Reported
10006434,TRAMADOL,Not Reported,2,Not Reported
10006434,LISINOPRIL,Not Reported,2,Not Reported
10006434,SERTRALINE HCL,Not Reported,2,Not Reported
10006434,MULTIVITAMINS,Not Reported,2,Not Reported
10006434,PROTONIX,Not Reported,2,Not Reported
10006434,SANSICURE CREAM,Not Reported,2,Not Reported
10006505,DRONEDARONE,PRODUCT USED FOR UNKNOWN INDICATION,1,5
10006505,DABIGATRAN,PRODUCT USED FOR UNKNOWN INDICATION,3,5
10006505,LIPITOR,Not Reported,2,Not Reported
10006505,TOPROL XL,Not Reported,2,Not Reported
10006505,ASPIRIN,Not Reported,2,Not Reported
10006505,METFORMIN HYDROCHLORIDE,Not Reported,2,Not Reported
10006505,LISINOPRIL,Not Reported,2,Not Reported
10006537,LISINOPRIL,BLOOD PRESSURE ABNORMAL,1,5
10006537,BRILINTA,STENT PLACEMENT,1,4
10006537,PLAVIX,Not Reported,1,1
10006537,ASPRIN,Not Reported,2,Not Reported
10006537,HUMILIN,DIABETES MELLITUS,2,Not Reported
10006537,HUMALOG,DIABETES MELLITUS,2,Not Reported
10006537,DOCUSATE,FAECES HARD,2,Not Reported
10006642,SUTENT,THYROID CANCER METASTATIC,1,1
10006642,SUTENT,Not Reported,1,1
10006642,LISINOPRIL,BLOOD PRESSURE,2,Not Reported
10006642,IBUPROFEN,Not Reported,2,Not Reported
10006642,INFLUENZA VACCINE,Not Reported,2,Not Reported
10006642,CALCIUM,Not Reported,2,Not Reported
10006642,IRON,Not Reported,2,Not Reported
10006642,LEVOTHYROXINE,Not Reported,2,Not Reported
10006642,MAGIC MOUTHWASH,Not Reported,2,Not Reported
10006667,XELJANZ,RHEUMATOID ARTHRITIS,1,5
10006667,HYDROCODONE W/ACETAMINOPHEN,Not Reported,2,Not Reported
10006667,LISINOPRIL.,Not Reported,2,Not Reported
10006667,FOLIC ACID.,Not Reported,2,Not Reported
10006667,SYNTHROID,Not Reported,2,Not Reported
10006667,PREDNISONE.,Not Reported,2,Not Reported
10006993,BACLOFEN,MUSCLE SPASMS,1,Not Reported
10006993,LOVASTATIN,Not Reported,2,Not Reported
10006993,METFORMIN,Not Reported,2,Not Reported
10006993,CLOPIDOGREL,Not Reported,2,Not Reported
10006993,ATENOLOL,Not Reported,2,Not Reported
10006993,GLIPIZIDE,Not Reported,2,Not Reported
10006993,LISINOPRIL,Not Reported,2,Not Reported
10006993,HYDROXYUREA,Not Reported,2,Not Reported
10006993,PLAVIX,Not Reported,2,Not Reported
10006993,FLEXERIL/00428402,Not Reported,2,Not Reported
10006993,RANITIDINE,Not Reported,2,Not Reported
10006993,INDOMETHAXIN/00003801,Not Reported,2,Not Reported
10006993,LORATIDINE,Not Reported,2,Not Reported
10006993,PHENERGAN/00033001,Not Reported,2,Not Reported
10006993,TYLENOL/00020001,Not Reported,2,Not Reported
10007021,LISINOPRIL,PRODUCT USED FOR UNKNOWN INDICATION,1,Not Reported
10007113,LISINOPRIL,INTENTIONAL OVERDOSE,1,Not Reported
10007113,LISINOPRIL,HYPERTENSION,1,Not Reported
10007113,HYDROCODONE BITARTRATE/ACETAMINOPHEN,Not Reported,2,Not Reported
10007113,ALPRAZOLAM ER TABLETS 0.5 (ALPRAZOLAM),Not Reported,2,Not Reported
10007195,VICTOZA,DIABETES MELLITUS,1,Not Reported
10007195,LISINOPRIL,Not Reported,2,Not Reported
10007195,METFORMIN,Not Reported,2,Not Reported
10007195,CARDIZEM,Not Reported,2,Not Reported
10007195,SIMVASTATIN,Not Reported,2,Not Reported
10007195,VITAMIN D2,Not Reported,2,Not Reported
10007195,ASPIRIN 81,Not Reported,2,Not Reported
10007195,LASIX,Not Reported,2,Not Reported
10007244,XARELTO,CEREBROVASCULAR ACCIDENT PROPHYLAXIS,1,1
10007244,XARELTO,ATRIAL FIBRILLATION,1,1
10007244,XARELTO,THROMBOSIS,1,1
10007244,CARDIZEM,ATRIAL FIBRILLATION,2,Not Reported
10007244,LISINOPRIL,HYPERTENSION,2,Not Reported
10007244,ASPRIN,PROPHYLAXIS,2,Not Reported
10007368,TYKERB,BREAST CANCER,1,Not Reported
10007368,XELODA,BREAST CANCER METASTATIC,1,5
10007368,RADIATION THERAPY,METASTASES TO CENTRAL NERVOUS SYSTEM,1,1
10007368,TYLENOL,Not Reported,2,5
10007368,DILTIAZEM,Not Reported,2,5
10007368,LACTULOSE,Not Reported,2,5
10007368,ANTIVERT,Not Reported,2,5
10007368,OMEPRAZOLE,Not Reported,2,5
10007368,POTASSIUM,Not Reported,2,5
10007368,LORTAB,Not Reported,2,5
10007368,LISINOPRIL,Not Reported,2,5
10007368,PROMETHAZINE,Not Reported,2,5
10007368,METOCLOPRAMIDE,Not Reported,2,5
10007368,SENNA,Not Reported,2,5
10007368,CALCIUM,Not Reported,2,5
10007368,SIMVASTATIN,Not Reported,2,5
10007368,CALCIUM WITH VITAMIN D,Not Reported,2,5
10007368,MIRALAX,Not Reported,2,5
10007368,ZOFRAN,Not Reported,2,5
10007368,SENNA CONCENTRATE + DOCUSATE SODIUM,Not Reported,2,5
10007504,GAMMAGARD LIQUID,IMMUNODEFICIENCY,1,4
10007504,GAMMAGARD LIQUID,Not Reported,1,4
10007504,TOPROL,HYPERTENSION,2,Not Reported
10007504,SINGULAIR,ASTHMA,2,Not Reported
10007504,ALLEGRA,HYPERSENSITIVITY,2,Not Reported
10007504,TRIAMTERENE/HCTZ,HYPERTENSION,2,Not Reported
10007504,LYRICA,NEURALGIA,2,Not Reported
10007504,REQUIP,PRODUCT USED FOR UNKNOWN INDICATION,2,Not Reported
10007504,VENTOLIN,ASTHMA,2,Not Reported
10007504,DUROGESIC,PAIN,2,Not Reported
10007504,LISINOPRIL/HCTZ,HYPERTENSION,2,Not Reported
10007504,PREVACID,GASTROOESOPHAGEAL REFLUX DISEASE,2,Not Reported
10007513,LISINOPRIL.,BLOOD PRESSURE,2,Not Reported
10007513,LIPITOR,CARDIOVASCULAR EVENT PROPHYLAXIS,1,5
10007513,LIPITOR,LOW DENSITY LIPOPROTEIN INCREASED,1,5
10007667,VYVANSE,ATTENTION DEFICIT/HYPERACTIVITY DISORDER,1,5
10007667,VYVANSE,Not Reported,1,5
10007667,LISINOPRIL,PRODUCT USED FOR UNKNOWN INDICATION,2,Not Reported
10007899,PACLITAXEL,NON-SMALL CELL LUNG CANCER,1,Not Reported
10007899,CARBOPLATIN,NON-SMALL CELL LUNG CANCER,1,Not Reported
10007899,MS CONTIN,PAIN,2,Not Reported
10007899,DEXAMETHASONE,SWELLING,2,Not Reported
10007899,BENADRYL,Not Reported,2,Not Reported
10007899,ALOXI,NAUSEA,2,Not Reported
10007899,EMEND,NAUSEA,2,Not Reported
10007899,ZANTAC,GASTROINTESTINAL DISORDER,2,Not Reported
10007899,CHONDROITIN SULFATE + GLUCOSAMINE,Not Reported,2,Not Reported
10007899,COMPAZINE,NAUSEA,2,Not Reported
10007899,COMPAZINE,VOMITING,2,Not Reported
10007899,LISINOPRIL + HCTZ,HYPERTENSION,2,Not Reported
10007899,VITAMIN C,Not Reported,2,Not Reported
10007899,BACTRIM,Not Reported,2,Not Reported
10008529,JANUVIA,Not Reported,1,4
10008529,METFORMIN,Not Reported,2,Not Reported
10008529,LIPITOR,Not Reported,2,Not Reported
10008529,ASPIRIN,Not Reported,2,Not Reported
10008529,LISINOPRIL,Not Reported,2,Not Reported
10008529,VERAPAMIL,Not Reported,2,Not Reported
10008529,COLESTID,Not Reported,2,Not Reported
10008690,HYDROXYZINE,PRODUCT USED FOR UNKNOWN INDICATION,2,Not Reported
10008690,AMITRIPTYLINE,PRODUCT USED FOR UNKNOWN INDICATION,2,Not Reported
10008690,LEVEMIR,PRODUCT USED FOR UNKNOWN INDICATION,2,Not Reported
10008690,CETAPHIL,PRODUCT USED FOR UNKNOWN INDICATION,2,Not Reported
10008690,JAKAFI,MYELOPROLIFERATIVE NEOPLASM,1,3
10008690,JAKAFI,Not Reported,1,3
10008690,LEVOCETIRIZINE,PRODUCT USED FOR UNKNOWN INDICATION,2,Not Reported
10008690,OMEPRAZOLE.,PRODUCT USED FOR UNKNOWN INDICATION,2,Not Reported
10008690,TRIAMCINOLONE,PRODUCT USED FOR UNKNOWN INDICATION,2,Not Reported
10008690,VITAMIN D,PRODUCT USED FOR UNKNOWN INDICATION,2,Not Reported
10008690,LISINOPRIL.,PRODUCT USED FOR UNKNOWN INDICATION,2,Not Reported
10008690,TOPROL XL,PRODUCT USED FOR UNKNOWN INDICATION,2,Not Reported
10008690,BENADRYL,PRODUCT USED FOR UNKNOWN INDICATION,2,Not Reported
10008690,NORCO,PRODUCT USED FOR UNKNOWN INDICATION,2,Not Reported
10008690,COZAAR,PRODUCT USED FOR UNKNOWN INDICATION,2,Not Reported
10008690,FISH OIL,PRODUCT USED FOR UNKNOWN INDICATION,2,Not Reported
10008690,PRAVASTATIN.,PRODUCT USED FOR UNKNOWN INDICATION,2,Not Reported
10008690,ZOLOFT,PRODUCT USED FOR UNKNOWN INDICATION,2,Not Reported
10008690,ALEVE,PRODUCT USED FOR UNKNOWN INDICATION,2,Not Reported
10008690,CHLORHEXIDINE GLUCONATE.,PRODUCT USED FOR UNKNOWN INDICATION,2,Not Reported
10008690,TRAMADOL.,PRODUCT USED FOR UNKNOWN INDICATION,2,Not Reported
10008690,ASPIRIN.,PRODUCT USED FOR UNKNOWN INDICATION,2,Not Reported
10008739,JAKAFI,MYELOFIBROSIS,1,4
10008739,LISINOPRIL,Not Reported,2,Not Reported
10008739,ALLOPURINOL,Not Reported,2,Not Reported
10008739,COREG,Not Reported,2,Not Reported
10008739,VITAMINS NOS,Not Reported,2,Not Reported
10008739,ASPIRIN LOW,Not Reported,2,Not Reported
10008757,JAKAFI,MYELOFIBROSIS,1,5
10008757,OMEPRAZOLE,Not Reported,2,Not Reported
10008757,CARVEDILOL,Not Reported,2,Not Reported
10008757,LISINOPRIL,Not Reported,2,Not Reported
10008757,CLARITIN,Not Reported,2,Not Reported
10008757,LIPITOR,Not Reported,2,Not Reported
10008757,ASPIRIN,Not Reported,2,Not Reported
10008757,WARFARIN,Not Reported,2,Not Reported
10008779,JAKAFI,POLYCYTHAEMIA VERA,1,1
10008779,JAKAFI,Not Reported,1,1
10008779,NITRO PATCH,Not Reported,2,Not Reported
10008779,ASPIRIN,Not Reported,2,Not Reported
10008779,LISINOPRIL,Not Reported,2,Not Reported
10008779,DOXAZOSIN,Not Reported,2,Not Reported
10008779,HYDROXYUREA,Not Reported,2,Not Reported
10008815,JAKAFI,MYELOFIBROSIS,1,1
10008815,NORVASC,Not Reported,2,Not Reported
10008815,LISINOPRIL,Not Reported,2,Not Reported
10008815,OMEPRAZOLE,Not Reported,2,Not Reported
10008815,TYLENOL,Not Reported,2,Not Reported
10008827,JAKAFI,MYELOFIBROSIS,1,2
10008827,JAKAFI,Not Reported,1,2
10008827,GABAPENTIN,Not Reported,2,Not Reported
10008827,LISINOPRIL,Not Reported,2,Not Reported
10008827,FUROSEMIDE,Not Reported,2,Not Reported
10008827,AMITRIPTYLINE,Not Reported,2,Not Reported
10008830,JAKAFI,MYELOFIBROSIS,1,1
10008830,ALLOPURINOL,Not Reported,2,Not Reported
10008830,CALCIUM WITH VITAMIN D,SUPPLEMENTATION THERAPY,2,Not Reported
10008830,LISINOPRIL,Not Reported,2,Not Reported
10008830,TRIMETHOPRIM SULFAMETHOXAZOLE,Not Reported,2,Not Reported
10008830,HYDROCODONE,Not Reported,2,Not Reported
10008869,JAKAFI,MYELOFIBROSIS,1,4
10008869,DILTIAZEM,Not Reported,2,Not Reported
10008869,ASPIRIN,Not Reported,2,Not Reported
10008869,"MULTIVITAMINS, PLAIN",Not Reported,2,Not Reported
10008869,HYDROCODONE W/ACETAMINOPHEN,Not Reported,2,Not Reported
10008869,MORPHINE,Not Reported,2,Not Reported
10008869,LISINOPRIL,Not Reported,2,Not Reported
10008869,ACETAMINOPHEN,Not Reported,2,Not Reported
10008869,CLARITIN,Not Reported,2,Not Reported
10008869,CALCIUM CARBONATE W/COLECALCIFEROL,Not Reported,2,Not Reported
10008880,JAKAFI,MYELOFIBROSIS,1,2
10008880,JAKAFI,Not Reported,1,2
10008880,XYZAL,Not Reported,2,Not Reported
10008880,ATARAX,Not Reported,2,Not Reported
10008880,AMITRIPTYLINE,Not Reported,2,Not Reported
10008880,CETAPHIL,Not Reported,2,Not Reported
10008880,TRIAMCINOLONE,Not Reported,2,Not Reported
10008880,ARANESP,ANAEMIA,2,Not Reported
10008880,INSULIN,Not Reported,2,Not Reported
10008880,BENADRYL,Not Reported,2,Not Reported
10008880,CHLORHEXIDINE GLUCONATE,Not Reported,2,Not Reported
10008880,COZAAR,Not Reported,2,Not Reported
10008880,FISH OIL,Not Reported,2,Not Reported
10008880,LISINOPRIL,Not Reported,2,Not Reported
10008880,NORCO,PAIN,2,Not Reported
10008880,OMEPRAZOLE,Not Reported,2,Not Reported
10008880,PRAVASTATIN SODIUM,Not Reported,2,Not Reported
10008880,TOPROL XL,Not Reported,2,Not Reported
10008880,TRAMADOL,Not Reported,2,Not Reported
10008880,VITAMIN D3,Not Reported,2,Not Reported
10008880,ZOLOFT,Not Reported,2,Not Reported
10008912,JAKAFI,BLOOD DISORDER,1,4
10008912,EVISTA,Not Reported,2,Not Reported
10008912,TOPROL XL,Not Reported,2,Not Reported
10008912,LISINOPRIL/HCTZ,Not Reported,2,Not Reported
10008912,SIMVASTATIN,Not Reported,2,Not Reported
10008912,METFORMIN,Not Reported,2,Not Reported
10008912,B12,Not Reported,2,Not Reported
10008912,ASPIRIN,Not Reported,2,4
10008939,JAKAFI,MYELOFIBROSIS,1,Not Reported
10008939,SPIRONOLACTONE,Not Reported,2,Not Reported
10008939,DIGOXIN,Not Reported,2,Not Reported
10008939,LISINOPRIL,Not Reported,2,Not Reported
10008939,FUROSEMIDE,Not Reported,2,Not Reported
10008939,THYROXINE,Not Reported,2,Not Reported
10008939,TRAMADOL,Not Reported,2,Not Reported
10009320,TAMSULOSIN CAPSULES,URINE FLOW DECREASED,1,5
10009320,CARDIVAS (CARVEDILOL),Not Reported,2,Not Reported
10009320,LISINOPRIL,Not Reported,2,Not Reported
10009320,HYDROCHLOROTHIAZIDE,Not Reported,2,Not Reported
10009393,PARACETAMOL,Not Reported,1,5
10009393,SALBUTAMOL,Not Reported,1,5
10009393,LISINOPRIL,Not Reported,1,5
10009393,NYSTATIN,Not Reported,1,5
10009393,TRAMADOL HYDROCHLORIDE,Not Reported,1,5
10009393,FOSAMAX,Not Reported,1,5
10009393,HUMALOG,Not Reported,1,5
10009393,HUMULIN,Not Reported,1,5
10009393,SERETIDE,Not Reported,1,5
10009393,SINGULAIR,Not Reported,1,5
10009393,SPIRIVA,CHRONIC OBSTRUCTIVE PULMONARY DISEASE,1,5
10009393,BUMETANIDE,Not Reported,1,5
10009393,INSULIN ISOPHANE,Not Reported,1,5
10009393,INSUMAN COMB,Not Reported,1,5
10009398,ASA,Not Reported,2,Not Reported
10009398,VITAMIN D                          /00107901/,Not Reported,2,Not Reported
10009398,PREDNISONE.,Not Reported,2,Not Reported
10009398,XYZAL,Not Reported,2,Not Reported
10009398,GREEN TEA EXTRACT,Not Reported,2,Not Reported
10009398,JAKAFI,MYELOFIBROSIS,1,4
10009398,LASIX,Not Reported,2,Not Reported
10009398,AXID,Not Reported,2,Not Reported
10009398,FOLIC ACID.,Not Reported,2,Not Reported
10009398,VITAMIN B12,Not Reported,2,Not Reported
10009398,XANAX,Not Reported,2,Not Reported
10009398,LISINOPRIL.,Not Reported,2,Not Reported
10009398,FISH OIL,Not Reported,2,Not Reported
10009398,PAXIL,Not Reported,2,Not Reported
10009398,VITAMIN B6,Not Reported,2,Not Reported
10009398,PROBIOTICS,Not Reported,2,Not Reported
10009431,JAKAFI,MYELOFIBROSIS,1,4
10009431,LISINOPRIL,Not Reported,2,Not Reported
10009431,PROPECIA,Not Reported,2,Not Reported
10009431,METFORMIN,Not Reported,2,Not Reported
10009431,WELLBUTRIN,Not Reported,2,Not Reported
10009431,SERTRALINE,Not Reported,2,Not Reported
10009506,JAKAFI,Not Reported,1,5
10009506,GABAPENTIN,Not Reported,2,Not Reported
10009506,ALLOPURINOL,Not Reported,2,Not Reported
10009506,TAMSULOSIN,Not Reported,2,Not Reported
10009506,CYMBALTA,Not Reported,2,Not Reported
10009506,LISINOPRIL,Not Reported,2,Not Reported
10009506,TESTOSTERONE CIPIONATE,Not Reported,2,Not Reported
10009506,COLCHICINE,Not Reported,2,Not Reported
10009506,HYDROCODONE W/APAP,Not Reported,2,Not Reported
10009506,VALIUM,Not Reported,2,Not Reported
10009506,SOMA,Not Reported,2,Not Reported
10009506,PROMETHAZINE,Not Reported,2,Not Reported
10009506,DIPHENHYDRAMINE,Not Reported,2,Not Reported
10009555,JAKAFI,MYELOFIBROSIS,1,1
10009555,JAKAFI,Not Reported,1,1
10009555,LISINOPRIL,Not Reported,2,Not Reported
10009555,ALLOPURINOL,Not Reported,2,Not Reported
10009555,ASPIRIN,Not Reported,2,Not Reported
10009555,PREDNISONE,Not Reported,2,Not Reported
10009555,LEVOTHYROXINE,Not Reported,2,Not Reported
10009555,PROCRIT,Not Reported,2,Not Reported
10009586,JAKAFI,Not Reported,1,2
10009586,LISINOPRIL,Not Reported,2,Not Reported
10009586,SIMVASTATIN,Not Reported,2,Not Reported
10009586,COMBIVENT,Not Reported,2,2
10009664,JAKAFI,MYELOFIBROSIS,1,1
10009664,INSULIN,Not Reported,2,Not Reported
10009664,ALLOPURINOL,Not Reported,2,Not Reported
10009664,ATENOLOL,Not Reported,2,Not Reported
10009664,LEVOTHYROXINE,Not Reported,2,Not Reported
10009664,FUROSEMIDE,Not Reported,2,Not Reported
10009664,METFORMIN,Not Reported,2,Not Reported
10009664,LISINOPRIL,Not Reported,2,Not Reported
10009671,JAKAFI,MYELOFIBROSIS,1,5
10009671,ASPIRIN,Not Reported,2,Not Reported
10009671,CRESTOR,Not Reported,2,Not Reported
10009671,LISINOPRIL,Not Reported,2,Not Reported
10009671,DONEPEZIL,Not Reported,2,Not Reported
10009671,MEGESTROL,Not Reported,2,Not Reported
10009671,DOCUSATE SODIUM,Not Reported,2,Not Reported
10009671,TRAVATAN,Not Reported,2,Not Reported
10009686,JAKAFI,SPLENOMEGALY,1,4
10009686,JAKAFI,Not Reported,1,4
10009686,COREG,Not Reported,2,Not Reported
10009686,LISINOPRIL,Not Reported,2,Not Reported
10009686,ASPIRIN,Not Reported,2,Not Reported
10009686,MVI,Not Reported,2,Not Reported
10009686,FUROSEMIDE,Not Reported,2,Not Reported
10009686,TRAMADOL,PAIN,2,Not Reported
10009790,JAKAFI,MYELOFIBROSIS,1,5
10009790,ZOCOR,Not Reported,2,Not Reported
10009790,LASIX,Not Reported,2,Not Reported
10009790,CALCITRIOL,Not Reported,2,Not Reported
10009790,COUMADIN,Not Reported,2,Not Reported
10009790,LANTUS,Not Reported,2,Not Reported
10009790,LISINOPRIL,Not Reported,2,Not Reported
10009790,ASACOL,Not Reported,2,Not Reported
10009790,NOVOLOG,Not Reported,2,Not Reported
10009790,PRILOSEC,Not Reported,2,Not Reported
10009790,SPIRONOLACTONE,Not Reported,2,Not Reported
10009790,FISH OIL,Not Reported,2,Not Reported
10009790,MULTIVITAMIN,Not Reported,2,Not Reported
10009790,LEVOXYL,Not Reported,2,Not Reported
10009790,VITAMIN D3,Not Reported,2,Not Reported
10009793,FLOMAX,PRODUCT USED FOR UNKNOWN INDICATION,2,5
10009793,JAKAFI,MYELODYSPLASTIC SYNDROME,1,5
10009793,NYSTATIN.,PRODUCT USED FOR UNKNOWN INDICATION,2,5
10009793,NEXIUM,PRODUCT USED FOR UNKNOWN INDICATION,2,5
10009793,PRILOSEC,PRODUCT USED FOR UNKNOWN INDICATION,2,5
10009793,SIMVASTATIN.,PRODUCT USED FOR UNKNOWN INDICATION,2,Not Reported
10009793,AVODART,PRODUCT USED FOR UNKNOWN INDICATION,2,5
10009793,JAKAFI,Not Reported,1,5
10009793,LISINOPRIL.,PRODUCT USED FOR UNKNOWN INDICATION,2,5
10009793,HYDROXYUREA.,PRODUCT USED FOR UNKNOWN INDICATION,2,5
10009810,JAKAFI,MYELOFIBROSIS,1,1
10009810,JAKAFI,Not Reported,1,1
10009810,LISINOPRIL,Not Reported,2,Not Reported
10009810,GLIMEPIRIDE,Not Reported,2,Not Reported
10009810,ASPIRIN,Not Reported,2,Not Reported
10009810,FENOFIBRATE,Not Reported,2,Not Reported
10009812,TRADJENTA,DIABETES MELLITUS,1,4
10009812,METFORMIN,Not Reported,2,Not Reported
10009812,GLYBURIDE,Not Reported,2,Not Reported
10009812,LISINOPRIL,Not Reported,2,Not Reported
10009812,BYSTOLIC,Not Reported,2,Not Reported
10009812,LASIX,Not Reported,2,Not Reported
10009812,DICLOFENAC,Not Reported,2,Not Reported
10009812,POTASSIUM,Not Reported,2,Not Reported
10009812,PRILOSEC,Not Reported,2,Not Reported
10009812,LEVOTHYROXINE,Not Reported,2,Not Reported
10009812,CRESTOR,Not Reported,2,Not Reported
10009867,JAKAFI,MYELOFIBROSIS,1,5
10009867,FISH OIL,Not Reported,2,Not Reported
10009867,ALEVE,Not Reported,2,Not Reported
10009867,MULTIVITAMIN,Not Reported,2,Not Reported
10009867,HYDREA,Not Reported,2,Not Reported
10009867,TYLENOL EXTRA STRENGTH,Not Reported,2,Not Reported
10009867,LISINOPRIL,Not Reported,2,Not Reported
10009867,CALCIUM 600 + D,Not Reported,2,Not Reported
10009887,JAKAFI,MYELOFIBROSIS,1,4
10009887,ASPIRIN,Not Reported,2,Not Reported
10009887,CRESTOR,Not Reported,2,Not Reported
10009887,LISINOPRIL,Not Reported,2,Not Reported
10009887,MEGESTROL,Not Reported,2,Not Reported
10009887,FERGON,Not Reported,2,Not Reported
10009887,STOOL SOFTENER,Not Reported,2,Not Reported
10009887,TRAVATAN,Not Reported,2,Not Reported
10009887,UNEZPRIL,Not Reported,2,Not Reported
10009887,DONEPEZIL HYDROCHLORIDE,Not Reported,2,Not Reported
10009935,JAKAFI,MYELOFIBROSIS,1,1
10009935,JAKAFI,Not Reported,1,1
10009935,ACYCLOVIR,Not Reported,2,Not Reported
10009935,ALLOPURINOL,Not Reported,2,Not Reported
10009935,VITAMINS,Not Reported,2,Not Reported
10009935,FOLIC ACID,Not Reported,2,Not Reported
10009935,LISINOPRIL,Not Reported,2,Not Reported
10009935,NYSTATIN,Not Reported,2,Not Reported
10009935,POTASSIUM CHLORIDE W/SODIUM CHLORIDE,Not Reported,2,Not Reported
10009935,ASPIRIN,Not Reported,2,Not Reported
10009936,JAKAFI,MYELOFIBROSIS,1,1
10009936,JAKAFI,MYELODYSPLASTIC SYNDROME,1,1
10009936,ATENOLOL,Not Reported,2,Not Reported
10009936,VITAMIN E,Not Reported,2,Not Reported
10009936,VITAMIN D,Not Reported,2,Not Reported
10009936,"MULTIVITAMINS, PLAIN",Not Reported,2,Not Reported
10009936,GEMFIBROZIL,Not Reported,2,Not Reported
10009936,FOLIC ACID,Not Reported,2,Not Reported
10009936,FISH OIL,Not Reported,2,Not Reported
10009936,VITAMIN B12,Not Reported,2,Not Reported
10009936,LISINOPRIL,Not Reported,2,Not Reported
10009936,LOVASTATIN,Not Reported,2,Not Reported
10009936,TRAVATAN,Not Reported,2,Not Reported
10009936,ASPIRIN,Not Reported,2,Not Reported
10009936,GARLIC,Not Reported,2,Not Reported
10009936,KLOR-CON,Not Reported,2,Not Reported
10009936,TORSEMIDE,Not Reported,1,Not Reported
10009995,JAKAFI,Not Reported,1,5
10009995,LISINOPRIL,Not Reported,2,Not Reported
10009995,LEVOTHYROXINE,Not Reported,2,Not Reported
10009996,JAKAFI,MYELOFIBROSIS,1,Not Reported
10009996,HYDRALAZINE,Not Reported,2,Not Reported
10009996,KLOR-CON,Not Reported,2,Not Reported
10009996,LISINOPRIL,Not Reported,2,Not Reported
10009996,PREDNISONE,Not Reported,2,Not Reported
10009996,ALLOPURINOL,Not Reported,2,Not Reported
10009996,FUROSEMIDE,Not Reported,2,Not Reported
10009996,CITALOPRAM,Not Reported,2,Not Reported
10010172,JAKAFI,MYELOFIBROSIS,1,Not Reported
10010172,LISINOPRIL,Not Reported,2,Not Reported
10010172,ASPIRIN,Not Reported,2,Not Reported
10010172,IBUPROFEN,Not Reported,2,Not Reported
10010348,OMEPRAZOLE,Not Reported,1,5
10010348,LISINOPRIL,Not Reported,1,5
10010348,SUTENT,Not Reported,2,Not Reported
10010348,GABAPENTIN,Not Reported,2,Not Reported
10010348,CARAC,Not Reported,2,Not Reported
10010348,VESICARE,Not Reported,2,Not Reported
10010348,SIMVASTATIN,Not Reported,2,Not Reported
10010348,LEVOTHYROXINE,Not Reported,2,Not Reported
10010364,TYSABRI,MULTIPLE SCLEROSIS,1,1
10010364,TYLENOL,Not Reported,2,Not Reported
10010364,CATAPRES,Not Reported,2,Not Reported
10010364,VICODIN,Not Reported,2,Not Reported
10010364,KEPPRA,Not Reported,2,Not Reported
10010364,LISINOPRIL,Not Reported,2,Not Reported
10010364,LONITEN,Not Reported,2,Not Reported
10010364,NIFEDIAC CC,Not Reported,2,Not Reported
10010364,DILANTIN,Not Reported,2,Not Reported
10010364,DESYREL,Not Reported,2,Not Reported
10010592,VANCOMYCIN,SOFT TISSUE INFECTION,1,Not Reported
10010592,LISINOPRIL,Not Reported,2,Not Reported
10010592,METFORMIN,Not Reported,2,Not Reported
10010673,SIMVASTATIN,BLOOD CHOLESTEROL INCREASED,1,1
10010673,ACETYLSALICYLIC ACID,PRODUCT USED FOR UNKNOWN INDICATION,2,5
10010673,LANSOPRAZOLE,PRODUCT USED FOR UNKNOWN INDICATION,2,5
10010673,LISINOPRIL,PRODUCT USED FOR UNKNOWN INDICATION,2,5
10010673,PRAVASTATIN,PRODUCT USED FOR UNKNOWN INDICATION,2,5
10010673,QUININE SULPHATE,PRODUCT USED FOR UNKNOWN INDICATION,2,5
10010700,BETASERON,MULTIPLE SCLEROSIS,1,1
10010700,ZOCOR,BLOOD CHOLESTEROL INCREASED,1,Not Reported
10010700,NORVASC,Not Reported,2,Not Reported
10010700,LISINOPRIL,Not Reported,2,Not Reported
10010873,METFORMIN,PRODUCT USED FOR UNKNOWN INDICATION,2,5
10010873,NEURONTIN,PRODUCT USED FOR UNKNOWN INDICATION,2,5
10010873,MIRAPEX,PRODUCT USED FOR UNKNOWN INDICATION,2,5
10010873,TESTOSTERONE CYPIONATE USP RX 200 MG/ML 9Z8,BLOOD TESTOSTERONE DECREASED,1,1
10010873,LISINOPRIL.,PRODUCT USED FOR UNKNOWN INDICATION,2,5
10010873,CYMBALTA,PRODUCT USED FOR UNKNOWN INDICATION,2,5
10010873,LAMISIL                            /00992602/,ONYCHOMYCOSIS,2,5
10010873,PROVIGIL,PRODUCT USED FOR UNKNOWN INDICATION,2,5
10010873,FUNGI-NAIL,ONYCHOMYCOSIS,2,5
10010873,XANAX,ANXIETY,2,5
10010873,HYDROCODONE/APAP,PRODUCT USED FOR UNKNOWN INDICATION,2,5
10010873,EXALGO,PRODUCT USED FOR UNKNOWN INDICATION,2,5
10010971,FENTANYL,BREAKTHROUGH PAIN,1,1
10010971,MORPHINE SULFATE,PAIN,2,Not Reported
10010971,ZOFRAN,NAUSEA,2,Not Reported
10010971,LISINOPRIL,Not Reported,2,Not Reported
10010971,AVASTIN,Not Reported,2,Not Reported
10010971,XELODA,Not Reported,2,Not Reported
10011463,VICTOZA,TYPE 2 DIABETES MELLITUS,1,1
10011463,SIMVASTATIN,HYPERLIPIDAEMIA,2,Not Reported
10011463,LISINOPRIL,HYPERTENSION,2,Not Reported
10011463,LASIX                              /00032601/,PRODUCT USED FOR UNKNOWN INDICATION,2,Not Reported
10011469,VICTOZA,TYPE 2 DIABETES MELLITUS,1,1
10011469,GLYBURIDE,TYPE 2 DIABETES MELLITUS,2,Not Reported
10011469,METFORMIN,TYPE 2 DIABETES MELLITUS,2,Not Reported
10011469,LISINOPRIL,HYPERTENSION,2,Not Reported
10011570,PRIVIGEN,IMMUNODEFICIENCY COMMON VARIABLE,1,Not Reported
10011570,PRIVIGEN,SELECTIVE IGA IMMUNODEFICIENCY,1,Not Reported
10011570,EXPECTORANT,Not Reported,2,Not Reported
10011570,SENNA-S,Not Reported,2,Not Reported
10011570,METHOTREXATE,Not Reported,2,Not Reported
10011570,HYDROCHLOROQUINE,Not Reported,2,Not Reported
10011570,LISINOPRIL,Not Reported,2,Not Reported
10011570,DIPHENHYDRAMINE,PREMEDICATION,2,Not Reported
10011570,EPINEPHRINE,PREMEDICATION,2,Not Reported
10011570,SODIUM CHLORIDE,PREMEDICATION,2,Not Reported
10011570,CELEBREX,Not Reported,2,Not Reported
10011570,POTASSIUM CHLORIDE,Not Reported,2,Not Reported
10011570,FOLIC ACID,Not Reported,2,Not Reported
10011570,ALPRAZOLAM,Not Reported,2,Not Reported
10011570,TRIAMTERENE-HCTZ,Not Reported,2,Not Reported
10011570,QUALAQUIN,Not Reported,2,Not Reported
10011570,MAGNESIUM GLYCINATE,Not Reported,2,Not Reported
10011570,EVOXAC,Not Reported,2,Not Reported
10011572,CHOLECALCIFEROL,HYPOVITAMINOSIS,1,Not Reported
10011572,CITALOPRAM,Not Reported,2,Not Reported
10011572,LISINOPRIL,Not Reported,2,Not Reported
10011572,SEROQUEL,Not Reported,2,Not Reported
10011587,ATROVENT INHALATION SOLUTION,CHRONIC OBSTRUCTIVE PULMONARY DISEASE,1,4
10011587,COREG,Not Reported,2,Not Reported
10011587,FLUTICASONE,Not Reported,2,Not Reported
10011587,LISINOPRIL,Not Reported,2,Not Reported
10011587,LORTAB,Not Reported,2,Not Reported
10011779,COMBIVENT,PRODUCT USED FOR UNKNOWN INDICATION,1,4
10011779,SYNTHROID,HYPOTHYROIDISM,2,Not Reported
10011779,LISINOPRIL,HYPERTENSION,2,Not Reported
10011779,SIMVASTATIN,BLOOD CHOLESTEROL INCREASED,2,Not Reported
10011779,OMEPRAZOLE,GASTROOESOPHAGEAL REFLUX DISEASE,2,Not Reported
10011791,ARIPIPRAZOLE,Not Reported,1,Not Reported
10011791,ACETAMINOPHEN,Not Reported,2,Not Reported
10011791,MAGNESIUM OXIDE,Not Reported,2,Not Reported
10011791,IPRATROPIUM + ALBUTEROL,Not Reported,2,Not Reported
10011791,CARVEDILOL,Not Reported,2,Not Reported
10011791,CLONIDINE,Not Reported,2,Not Reported
10011791,FINASTERIDE,Not Reported,2,Not Reported
10011791,SIMVASTATIN,Not Reported,2,Not Reported
10011791,ESOMEPRAZOLE,Not Reported,2,Not Reported
10011791,BUDESONIDE,Not Reported,2,Not Reported
10011791,LISINOPRIL,Not Reported,2,Not Reported
10011791,MELOXICAM,Not Reported,2,Not Reported
10011791,ZOLPIDEM,Not Reported,2,Not Reported
10011791,CIPROFLOXACIN,Not Reported,2,Not Reported
10011879,SPIRIVA,CHRONIC OBSTRUCTIVE PULMONARY DISEASE,1,1
10011879,AMIODARONE,Not Reported,2,Not Reported
10011879,COREG,Not Reported,2,Not Reported
10011879,LASIX,Not Reported,2,Not Reported
10011879,LISINOPRIL,Not Reported,2,Not Reported
10011879,SPIRONOLACTONE,Not Reported,2,Not Reported
10012077,LISINOPRIL,HYPERTENSION,1,Not Reported
10012077,AMOXICILLIN/CLAVULANATE,Not Reported,1,Not Reported
10012179,BAYER CHILD CHW ASA,Not Reported,2,Not Reported
10012179,LISINOPRIL.,Not Reported,2,Not Reported
10012179,PREDNISONE.,Not Reported,2,Not Reported
10012179,XELJANZ,Not Reported,1,4
10012179,CARVEDILOL.,Not Reported,2,Not Reported
10012179,HYDROXYCHLOROQUINE,Not Reported,2,Not Reported
10012179,XELJANZ,RHEUMATOID ARTHRITIS,1,4
10012179,METHOTREXATE,Not Reported,2,Not Reported
10012179,ICY HOT,Not Reported,2,Not Reported
10012179,FOLIC ACID.,Not Reported,2,Not Reported
10012204,NEURONTIN,NEUROPATHY PERIPHERAL,1,4
10012204,COLCRYS,GOUT,2,Not Reported
10012204,ALLOPURINOL,GOUT,2,Not Reported
10012204,LISINOPRIL,HYPERTENSION,2,Not Reported
10012204,ATENOLOL,HYPERTENSION,2,Not Reported
10012204,NORCO,PAIN,2,Not Reported
10012204,FENTANYL,PAIN,2,Not Reported
10012229,CISPLATIN,GASTRIC CANCER,1,4
10012229,EPIRUBICIN,GASTRIC CANCER,1,4
10012229,XELODA,GASTRIC CANCER,1,4
10012229,BEVACIZUMAB,GASTRIC CANCER,1,Not Reported
10012229,CITALOPRAM,PRODUCT USED FOR UNKNOWN INDICATION,2,Not Reported
10012229,LISINOPRIL,PRODUCT USED FOR UNKNOWN INDICATION,2,Not Reported
10012229,OMEPRAZOLE,PRODUCT USED FOR UNKNOWN INDICATION,2,Not Reported
10012229,PROCHLORPERAZINE,PRODUCT USED FOR UNKNOWN INDICATION,2,Not Reported
10012229,THIAMIN,PRODUCT USED FOR UNKNOWN INDICATION,2,Not Reported
10012267,LISINOPRIL 5MG,HYPERTENSION,1,Not Reported
10012368,OXYTROL FOR WOMEN,STRESS URINARY INCONTINENCE,1,4
10012368,LISINOPRIL,HYPERTENSION,2,5
10012368,SIMVASTATIN,PRODUCT USED FOR UNKNOWN INDICATION,2,5
10012428,AMPYRA,GAIT DISTURBANCE,1,1
10012428,AMPYRA,Not Reported,1,1
10012428,TYSABRI,PRODUCT USED FOR UNKNOWN INDICATION,2,Not Reported
10012428,LISINOPRIL,PRODUCT USED FOR UNKNOWN INDICATION,2,Not Reported
10012428,SIMVASTATIN,PRODUCT USED FOR UNKNOWN INDICATION,2,Not Reported
10012428,ZOLOFT,PRODUCT USED FOR UNKNOWN INDICATION,2,Not Reported
10012428,KOMBIGLYZE,PRODUCT USED FOR UNKNOWN INDICATION,2,Not Reported
10012428,BACLOFEN,PRODUCT USED FOR UNKNOWN INDICATION,2,Not Reported
10012428,METFORMIN,PRODUCT USED FOR UNKNOWN INDICATION,2,Not Reported
10012706,DULERA,CHRONIC OBSTRUCTIVE PULMONARY DISEASE,1,Not Reported
10012706,LISINOPRIL,Not Reported,2,Not Reported
10012706,VENTOLIN (ALBUTEROL SULFATE),Not Reported,2,Not Reported
10012749,HUMIRA,PSORIASIS,1,1
10012749,HUMIRA,Not Reported,1,1
10012749,STELARA,PSORIASIS,1,1
10012749,LISINOPRIL,HYPERTENSION,2,Not Reported
10012749,DESONIDE,PSORIASIS,2,Not Reported
10012749,WELCHOL,BLOOD CHOLESTEROL INCREASED,2,Not Reported
10012749,BABY ASPIRIN,PRODUCT USED FOR UNKNOWN INDICATION,2,Not Reported
10012749,BABY ASPIRIN,Not Reported,2,Not Reported
10012749,UNKNOWN MEDICATION,PRODUCT USED FOR UNKNOWN INDICATION,2,Not Reported
10012749,TOPROLOL,HYPERTENSION,2,Not Reported
10012749,PREVACID,GASTROOESOPHAGEAL REFLUX DISEASE,2,Not Reported
10012749,ASPIRIN,PRODUCT USED FOR UNKNOWN INDICATION,2,Not Reported
10012859,VICTRELIS,CHRONIC HEPATITIS C,1,5
10012859,COPEGUS,CHRONIC HEPATITIS C,1,5
10012859,COPEGUS,Not Reported,1,5
10012859,PROPRANOLOL HYDROCHLORIDE.,HYPERTENSION,2,Not Reported
10012859,PEGASYS,CHRONIC HEPATITIS C,1,5
10012859,LISINOPRIL (+) HYDROCHLOROTHIAZIDE,BLOOD PRESSURE MEASUREMENT,2,Not Reported
10012932,OXYTROL FOR WOMEN,POLLAKIURIA,1,5
10012932,METFORMIN,DIABETES MELLITUS,2,5
10012932,LISINOPRIL,HYPERTENSION,2,5
10012932,RECLIPSEN,CONTRACEPTION,2,5
10012932,BIOTIN,PRODUCT USED FOR UNKNOWN INDICATION,2,5
10012932,FLAXSEED,PRODUCT USED FOR UNKNOWN INDICATION,2,5
10013020,GENERIC LISINOPRIL,Not Reported,1,5
10013020,TOPROL XL,Not Reported,1,5
10013020,ADVAIR,CHRONIC OBSTRUCTIVE PULMONARY DISEASE,1,4
10013020,FRUSEMIDE,Not Reported,2,Not Reported
10013020,WARFARIN SODIUM,Not Reported,2,Not Reported
10013020,PROAIR HFA,Not Reported,2,Not Reported
10013367,SPIRIVA,CHRONIC OBSTRUCTIVE PULMONARY DISEASE,1,4
10013367,LISINOPRIL,HYPERTENSION,2,Not Reported
10013367,FELODIPINE,HYPERTENSION,2,Not Reported
10013476,SPIRIVA,CHRONIC OBSTRUCTIVE PULMONARY DISEASE,1,5
10013476,ACETAMINOPHEN,PRODUCT USED FOR UNKNOWN INDICATION,1,5
10013476,ALBUTEROL,PRODUCT USED FOR UNKNOWN INDICATION,1,5
10013476,BUMETANIDE,PRODUCT USED FOR UNKNOWN INDICATION,1,5
10013476,FOSAMAX,PRODUCT USED FOR UNKNOWN INDICATION,1,5
10013476,HUMALOG,PRODUCT USED FOR UNKNOWN INDICATION,1,5
10013476,HUMULIN,PRODUCT USED FOR UNKNOWN INDICATION,1,5
10013476,LISINOPRIL,PRODUCT USED FOR UNKNOWN INDICATION,1,5
10013476,NYSTATIN,PRODUCT USED FOR UNKNOWN INDICATION,1,5
10013476,SERETIDE,PRODUCT USED FOR UNKNOWN INDICATION,1,5
10013476,SINGULAIR,PRODUCT USED FOR UNKNOWN INDICATION,1,5
10013476,TRAMADOL HYDROCHLORIDE,PRODUCT USED FOR UNKNOWN INDICATION,1,5
10013476,INSULIN HUMAN,PRODUCT USED FOR UNKNOWN INDICATION,1,5
10013476,INSULIN ISOPHANE BIPHASIC,PRODUCT USED FOR UNKNOWN INDICATION,1,5
10013476,INSUMAN COMB,PRODUCT USED FOR UNKNOWN INDICATION,1,5
10013527,REVLIMID,PLASMA CELL MYELOMA,1,Not Reported
10013527,REVLIMID,Not Reported,1,Not Reported
10013527,ASPIRIN EC LOW DOSE,PRODUCT USED FOR UNKNOWN INDICATION,2,Not Reported
10013527,DESONATE,PRODUCT USED FOR UNKNOWN INDICATION,2,Not Reported
10013527,ZOCOR,PRODUCT USED FOR UNKNOWN INDICATION,2,Not Reported
10013527,ZANTAC,PRODUCT USED FOR UNKNOWN INDICATION,2,Not Reported
10013527,LISINOPRIL,PRODUCT USED FOR UNKNOWN INDICATION,2,Not Reported
10013527,LEVITRA,PRODUCT USED FOR UNKNOWN INDICATION,2,Not Reported
10013527,MOTRIN,PRODUCT USED FOR UNKNOWN INDICATION,2,Not Reported
10013633,OXYTROL FOR WOMEN,HYPERTONIC BLADDER,1,1
10013633,OXYTROL FOR WOMEN,INCONTINENCE,1,1
10013633,LISINOPRIL,HYPERTENSION,2,5
10013634,OXYTROL FOR WOMEN,HYPERTONIC BLADDER,1,1
10013634,OXYTROL FOR WOMEN,INCONTINENCE,1,1
10013634,LISINOPRIL,HYPERTENSION,2,5
10013743,DILANTIN,Not Reported,2,Not Reported
10013743,LISINOPRIL.,Not Reported,2,Not Reported
10013743,MIRENA,Not Reported,1,1
10013743,ATIVAN,Not Reported,2,Not Reported
10013743,MEDROXYPROGESTERONE,Not Reported,2,Not Reported
10013743,ACETAMINOPHEN W/HYDROCODONE,PAIN,2,Not Reported
10014027,LISINOPRIL,Not Reported,1,5
10014064,JANUVIA,DIABETES MELLITUS,1,1
10014064,LISINOPRIL,Not Reported,2,Not Reported
10014064,METFORMIN,Not Reported,2,Not Reported
10014262,NORVASC,Not Reported,2,Not Reported
10014262,PROVIGIL,Not Reported,2,Not Reported
10014262,OMEGA-3 ACIDS,Not Reported,2,Not Reported
10014262,LISINOPRIL.,Not Reported,2,Not Reported
10014262,TOPROL XL,Not Reported,2,Not Reported
10014262,AMPYRA,Not Reported,2,Not Reported
10014262,TECFIDERA,MULTIPLE SCLEROSIS,1,4
10014262,LEXAPRO,Not Reported,2,Not Reported
10014262,EDARBI,Not Reported,2,Not Reported
10014271,TECFIDERA,MULTIPLE SCLEROSIS,1,4
10014271,CLONAZEPAM,Not Reported,2,Not Reported
10014271,LISINOPRIL,Not Reported,2,Not Reported
10014271,ASPIRIN,Not Reported,2,Not Reported
10014309,TECFIDERA,MULTIPLE SCLEROSIS,1,4
10014309,VITAMIN D,Not Reported,2,Not Reported
10014309,AMPYRA,Not Reported,2,Not Reported
10014309,LYRICA,Not Reported,2,Not Reported
10014309,LISINOPRIL,Not Reported,2,Not Reported
10014309,TIZANIDINE,Not Reported,2,Not Reported
10014309,FLOMAX,Not Reported,2,Not Reported
10014366,TECFIDERA,MULTIPLE SCLEROSIS,1,4
10014366,EFFEXOR,Not Reported,2,Not Reported
10014366,TAMOXIFEN,Not Reported,2,Not Reported
10014366,SULFONAMIDE,Not Reported,2,Not Reported
10014366,CLONAZEPAM,Not Reported,2,Not Reported
10014366,BACLOFEN,Not Reported,2,Not Reported
10014366,FLUTICAFISONE,Not Reported,2,Not Reported
10014366,CLARITIN D,Not Reported,2,Not Reported
10014366,LISINOPRIL,Not Reported,2,Not Reported
10014366,CALCIUM,Not Reported,2,Not Reported
10014366,D3,Not Reported,2,Not Reported
10014366,ASPIRIN,Not Reported,2,Not Reported
10014366,POTASSIUM CITRATE,Not Reported,2,Not Reported
10014366,FLORASTOR,Not Reported,2,Not Reported
10014366,ZOCOR,Not Reported,2,Not Reported
10014366,ATENOLOL,Not Reported,2,Not Reported
10014366,DITROPAN XL,Not Reported,2,Not Reported
10014366,VITAMIN B 12,Not Reported,2,Not Reported
10014366,IRON,Not Reported,2,Not Reported
10014366,SULFA,Not Reported,2,Not Reported
10014437,REMICADE,PSORIATIC ARTHROPATHY,1,1
10014437,METHOTREXATE,PSORIATIC ARTHROPATHY,2,Not Reported
10014437,FOLIC ACID,VITAMIN SUPPLEMENTATION,2,Not Reported
10014437,FLEXERIL,MUSCLE SPASMS,2,Not Reported
10014437,PROTONIX,GASTROOESOPHAGEAL REFLUX DISEASE,2,Not Reported
10014437,LISINOPRIL WITH HCTZ,HYPERTENSION,2,Not Reported
10014437,DILTIAZEM CD,HYPERTENSION,2,Not Reported
10014437,ACTOS,DIABETES MELLITUS,2,Not Reported
10014437,METFORMIN,DIABETES MELLITUS,2,Not Reported
10014437,LORAZEPAM,PANIC ATTACK,2,Not Reported
10014437,LEXAPRO,DEPRESSION,2,Not Reported
10014437,LYRICA,NERVE INJURY,2,Not Reported
10014437,ESTRADIOL,HORMONE REPLACEMENT THERAPY,2,Not Reported
10014437,FENTANYL,PAIN,2,Not Reported
10014437,FISH OIL,Not Reported,2,Not Reported
10014437,VITAMIN D,Not Reported,2,Not Reported
10014437,CALCIUM,Not Reported,2,Not Reported
10014437,CINNAMON,Not Reported,2,Not Reported
10014561,ALKA-SELTZER FRUIT CHEWS,DYSPEPSIA,1,4
10014561,ALEVE CAPLET,BACK PAIN,1,1
10014561,MELOXICAM,Not Reported,1,Not Reported
10014561,LISINOPRIL,Not Reported,2,Not Reported
10014561,ADDERALL,Not Reported,2,Not Reported
10014561,PAROXETINE,Not Reported,2,Not Reported
10014862,PLAVIX,CEREBROVASCULAR ACCIDENT,1,5
10014862,PLAVIX,PERIPHERAL ARTERIAL OCCLUSIVE DISEASE,1,5
10014862,LISINOPRIL.,Not Reported,2,Not Reported
10014862,PLAVIX,MYOCARDIAL INFARCTION,1,5
10014862,CYCLOBENZAPRINE,Not Reported,2,Not Reported
10014862,PLAVIX,STENT PLACEMENT,1,5
10014862,TEMAZEPAM.,Not Reported,2,Not Reported
10014862,VALIUM,Not Reported,2,Not Reported
10014862,CITALOPRAM,Not Reported,2,Not Reported
10014862,ASPIRIN.,Not Reported,2,Not Reported
10014862,DOCUSATE SODIUM.,Not Reported,2,Not Reported
10014862,TRAZODONE,Not Reported,2,Not Reported
10014862,FAMOTIDINE.,Not Reported,2,Not Reported
10014862,SIMVASTATIN.,Not Reported,2,Not Reported
10014862,VICODIN,PAIN MANAGEMENT,2,Not Reported
10014862,FOLIC ACID.,Not Reported,2,Not Reported
10015014,TRACLEER,PULMONARY ARTERIAL HYPERTENSION,1,5
10015014,ATENOLOL,Not Reported,2,Not Reported
10015014,ADVAIR,Not Reported,2,Not Reported
10015014,AMITRIPTYLINE HCL,Not Reported,2,Not Reported
10015014,DEXILANT,Not Reported,2,Not Reported
10015014,ENABLEX,Not Reported,2,Not Reported
10015014,HYDROMORPHONE,Not Reported,2,Not Reported
10015014,LISINOPRIL,Not Reported,2,Not Reported
10015014,METHOCARBAMOL,Not Reported,2,Not Reported
10015014,NITROSTAT,Not Reported,2,Not Reported
10015014,PREDNISONE,Not Reported,2,Not Reported
10015014,ROPINIROLE,Not Reported,2,Not Reported
10015014,SERTRALINE,Not Reported,2,Not Reported
10015014,SINGULAIR,Not Reported,2,Not Reported
10015014,SYNTHROID,Not Reported,2,Not Reported
10015014,VITAMIN D,Not Reported,2,Not Reported
10015014,CRESTOR,Not Reported,2,Not Reported
10015014,ALBUTEROL,Not Reported,2,Not Reported
10015014,ALPRAZOLAM,Not Reported,2,Not Reported
10015014,ASPIRIN,Not Reported,2,Not Reported
10015014,FISH OIL,Not Reported,2,Not Reported
10015014,FLEXERIL,Not Reported,2,Not Reported
10015014,JANUVIA,Not Reported,2,Not Reported
10015014,LYRICA,Not Reported,2,Not Reported
10015014,ZOCOR,Not Reported,2,Not Reported
10015014,ZOFRAN,Not Reported,2,Not Reported
10015014,PLAVIX,Not Reported,2,Not Reported
10015014,RANEXA,Not Reported,2,Not Reported
10015014,IMDUR,Not Reported,2,Not Reported
10015202,MICARDIS HCT TABLETS,HYPERTENSION,1,1
10015202,MICARDIS HCT TABLETS,Not Reported,1,1
10015202,HYDROCHLOROTHIAZIDE,HYPERTENSION,2,Not Reported
10015202,FISH OIL,BLOOD CHOLESTEROL INCREASED,2,Not Reported
10015202,FISH OIL,Not Reported,2,Not Reported
10015202,PRILOSEC,GASTROOESOPHAGEAL REFLUX DISEASE,2,Not Reported
10015202,SYNTHROID,THYROID FUNCTION TEST ABNORMAL,2,Not Reported
10015202,NEURONTIN,NEURALGIA,2,Not Reported
10015202,DHEA,METABOLIC DISORDER,2,Not Reported
10015202,NIACIN,Not Reported,2,Not Reported
10015202,VITAMIN D,Not Reported,2,Not Reported
10015202,CENTRUM SILVER MULTIVITAMIN,Not Reported,2,Not Reported
10015202,FLUZONE,Not Reported,2,Not Reported
10015202,TDAP VACCINE,Not Reported,2,Not Reported
10015202,MULTI VIT MIN- IRON-FA- HERB,Not Reported,2,Not Reported
10015202,VITAMIN D3,Not Reported,2,Not Reported
10015202,LISINOPRIL,HYPERTENSION,2,Not Reported
10015202,AMBIEN,INSOMNIA,2,Not Reported
10015202,MEVACOR,BLOOD CHOLESTEROL INCREASED,2,Not Reported
10015202,TYLENOL NUMBER 3,ARTHRITIS,2,Not Reported
10015202,TYLENOL NUMBER 3,PAIN,2,Not Reported
10015202,ULTRAM,PAIN,2,Not Reported
10015243,SUTENT,Not Reported,1,5
10015243,LISINOPRIL,HYPERTENSION,2,Not Reported
10015243,METFORMIN,DIABETES MELLITUS,2,Not Reported
10015243,POTASSIUM CHLORIDE,Not Reported,2,Not Reported
10015243,TRAMADOL,Not Reported,2,Not Reported
10015243,LORATADINE,HYPERSENSITIVITY,2,Not Reported
10015243,BIOTIN,SUPPLEMENTATION THERAPY,2,Not Reported
10015286,SUTENT,RENAL CANCER,1,1
10015286,SUTENT,Not Reported,1,1
10015286,LISINOPRIL,HYPERTENSION,2,Not Reported
10015286,LOVAZA,BLOOD TRIGLYCERIDES INCREASED,2,Not Reported
10015286,FLUVOXAMINE,OBSESSIVE-COMPULSIVE DISORDER,2,Not Reported
10015286,FLONASE,Not Reported,2,Not Reported
10015286,PROPRANOLOL,Not Reported,2,Not Reported
10015286,OMEPRAZOLE,Not Reported,2,Not Reported
10015286,MELATONIN,Not Reported,2,Not Reported
10015286,VITAMIN C,Not Reported,2,Not Reported
10015286,VITAMIN B-12,Not Reported,2,Not Reported
10015286,CALCIUM,Not Reported,2,Not Reported
10015286,MAGNESIUM,Not Reported,2,Not Reported
10015286,M.V.I.,Not Reported,2,Not Reported
10015464,PEGINTRON,HEPATITIS C,1,4
10015464,PEGINTRON,Not Reported,1,4
10015464,REBETOL,HEPATITIS C,1,4
10015464,REBETOL,Not Reported,1,4
10015464,ALBUTEROL SULFATE,Not Reported,2,Not Reported
10015464,ECOTRIN,Not Reported,2,Not Reported
10015464,IRON (UNSPECIFIED),Not Reported,2,Not Reported
10015464,GASTROINTESTINAL PREPARATIONS (UNSPECIFIED),Not Reported,2,Not Reported
10015464,HYDROCHLOROTHIAZIDE,Not Reported,2,Not Reported
10015464,KONSYL FIBER,Not Reported,2,Not Reported
10015464,SOVALDI,Not Reported,2,Not Reported
10015464,LISINOPRIL,Not Reported,2,Not Reported
10015464,LEVOTHYROXINE SODIUM,Not Reported,2,Not Reported
10015464,OMEGA-3 MARINE TRIGLYCERIDES,Not Reported,2,Not Reported
10015464,DOCUSATE SODIUM,Not Reported,2,Not Reported
10015579,CREON,PANCREATECTOMY,1,2
10015579,CREON,Not Reported,1,2
10015579,TOPROL,CARDIOMEGALY,2,Not Reported
10015579,LISINOPRIL,HYPERTENSION,2,Not Reported
10015579,PRILOSEC,GASTRITIS,2,Not Reported
10015579,COUMADIN,PULMONARY EMBOLISM,2,Not Reported
10015579,COUMADIN,DEEP VEIN THROMBOSIS,2,Not Reported
10015579,XANAX,PANIC ATTACK,2,Not Reported
10015623,TRIAMTERENE.,HYPERTENSION,2,Not Reported
10015623,LIPITOR,CARDIOVASCULAR EVENT PROPHYLAXIS,1,6
10015623,LISINOPRIL.,HYPERTENSION,2,Not Reported
10015623,TRIAMTERENE HCTZ,HYPERTENSION,2,Not Reported
10015623,LIPITOR,LOW DENSITY LIPOPROTEIN ABNORMAL,1,6
10015623,LIPITOR,BLOOD CHOLESTEROL ABNORMAL,1,6
10015708,LIPITOR,Not Reported,1,5
10015708,HYDROMORPHONE,Not Reported,1,5
10015708,LISINOPRIL.,Not Reported,1,5
10015805,ADVAIR,CHRONIC OBSTRUCTIVE PULMONARY DISEASE,1,Not Reported
10015805,CENTRUM SILVER,Not Reported,2,Not Reported
10015805,OMEPRAZOLE,Not Reported,2,Not Reported
10015805,SOTALOL,Not Reported,2,Not Reported
10015805,FUROSEMIDE,Not Reported,2,Not Reported
10015805,LISINOPRIL,Not Reported,2,Not Reported
10015805,SIMVASTATIN,Not Reported,2,Not Reported
10015805,DILTIAZEM,Not Reported,2,Not Reported
10015805,PRADAXA,Not Reported,2,Not Reported
10015822,ADVAIR,CHRONIC OBSTRUCTIVE PULMONARY DISEASE,1,4
10015822,LISINOPRIL,Not Reported,2,5
10015822,HYDROCHLOROTHIAZIDE,Not Reported,2,5
10015822,PRO-AIR,Not Reported,2,5
10015822,ALBUTEROL,Not Reported,2,5
10015822,VITAMIN B1,Not Reported,2,5
10015822,VITAMIN,Not Reported,2,5
10006040,CLOPIDOGREL TABLETS USP,STENT PLACEMENT,1,4
10006041,CLOPIDOGREL TABLETS USP,Not Reported,1,4
10006139,CLOPIDOGREL,PROPHYLAXIS,1,4
10006139,GINKGO BILOBA,MENOPAUSAL SYMPTOMS,1,1
10006796,CLOPIDOGREL (CLOPIDOGREL),ANTIPLATELET THERAPY,1,Not Reported
10006796,GINKGO BILOBA (GINKGO BILOBA),MENOPAUSAL SYMPTOMS,1,Not Reported
10008400,ORENCIA,RHEUMATOID ARTHRITIS,1,1
10008400,CLOPIDOGREL BISULFATE,Not Reported,2,Not Reported
10008400,IRBESARTAN TABS 300 MG,Not Reported,2,Not Reported
10008400,THYROXINE,Not Reported,2,Not Reported
10008400,SOMAC,Not Reported,2,Not Reported
10008400,MAGNESIUM ASPARTATE,Not Reported,2,Not Reported
10008400,OXYCODONE,Not Reported,2,Not Reported
10008400,PARACETAMOL,Not Reported,2,Not Reported
10008400,DOTHEP,Not Reported,2,Not Reported
10008400,FOLIC ACID,Not Reported,2,Not Reported
10008400,BETAMETHASONE VALERATE,Not Reported,2,Not Reported
10008400,ENDONE,Not Reported,2,Not Reported
10008400,LIPITOR,Not Reported,2,Not Reported
10008400,LYRICA,Not Reported,2,Not Reported
10008400,MAGMIN,Not Reported,2,Not Reported
10008400,MEGAFOL,Not Reported,2,Not Reported
10008400,METHOTREXATE TABS,Not Reported,2,Not Reported
10008400,MOVICOL,Not Reported,2,Not Reported
10008400,NITROLINGUAL SPRAY,Not Reported,2,Not Reported
10008400,OROXINE,Not Reported,2,Not Reported
10008400,OXYCONTIN,Not Reported,2,Not Reported
10008400,PANADOL,Not Reported,2,Not Reported
10008400,QUINSUL,Not Reported,2,Not Reported
10008400,SYMBICORT,Not Reported,2,Not Reported
10010810,GABAPENTIN,SEDATION,1,Not Reported
10010810,SEROQUEL,SEDATION,1,Not Reported
10010810,TEGRETOL,SEDATION,1,Not Reported
10010810,PLAVIX (CLOPIDOGREL BISULFATE) (CLOPIDOGREL BISULFATE),Not Reported,2,Not Reported
10010810,ACETYLSALICYLIC ACID (ACETYLSALICYLIC ACID),Not Reported,2,Not Reported
10010855,CLOPIDOGREL,PRODUCT USED FOR UNKNOWN INDICATION,1,1
10010855,HEPARIN,PRODUCT USED FOR UNKNOWN INDICATION,2,Not Reported
10010855,ACETYLSALICYLIC ACID,PRODUCT USED FOR UNKNOWN INDICATION,2,Not Reported
10012094,REVLIMID,MYELODYSPLASTIC SYNDROME,1,1
10012094,ALLOPURINOL,PRODUCT USED FOR UNKNOWN INDICATION,2,Not Reported
10012094,ANTACID ANTI-GAS,PRODUCT USED FOR UNKNOWN INDICATION,2,Not Reported
10012094,ARANESP,PRODUCT USED FOR UNKNOWN INDICATION,2,Not Reported
10012094,ASPIRINE,PRODUCT USED FOR UNKNOWN INDICATION,2,Not Reported
10012094,CLOPIDOGREL BISULFATE,PRODUCT USED FOR UNKNOWN INDICATION,2,Not Reported
10012094,CRESTOR,PRODUCT USED FOR UNKNOWN INDICATION,2,Not Reported
10012094,FERROUS GLUCONATE,PRODUCT USED FOR UNKNOWN INDICATION,2,Not Reported
10012094,GENTIAN VIOLET,PRODUCT USED FOR UNKNOWN INDICATION,2,Not Reported
10012156,CLOPIDOGREL BISULFATE.,ANGINA PECTORIS,1,5
10012156,ACETYLSALICYLIC ACID,Not Reported,2,Not Reported
10012579,MEDROL,TEMPORAL ARTERITIS,1,1
10012579,AZATHIOPRINE,TEMPORAL ARTERITIS,1,1
10012579,PREDONINE,Not Reported,1,5
10012579,ARGATROBAN,Not Reported,2,Not Reported
10012579,ASPIRIN,Not Reported,2,Not Reported
10012579,CLOPIDOGREL,Not Reported,2,Not Reported
10012579,PREDNISOLONE,Not Reported,2,Not Reported
10012579,CYCLOPHOSPHAMIDE,Not Reported,2,Not Reported
10012586,AMLODIN,Not Reported,1,5
10012586,PREDNISOLONE,IMMUNOSUPPRESSION,1,5
10012586,CYCLOSPORINE,IMMUNOSUPPRESSION,1,5
10012586,AZATHIOPRINE,IMMUNOSUPPRESSION,1,5
10012586,ATENOLOL,Not Reported,2,5
10012586,PRAVASTATIN,Not Reported,2,Not Reported
10012586,ALFACALCIDOL,Not Reported,2,Not Reported
10012586,PREGABALIN,Not Reported,2,Not Reported
10012586,CLOPIDOGREL,Not Reported,2,Not Reported
10012586,FAMOTIDINE,Not Reported,2,Not Reported
10012586,RISEDRONATE,Not Reported,2,Not Reported
10012586,ELCATONIN,Not Reported,2,Not Reported
10012639,DIOVAN,HYPERTENSION,1,Not Reported
10012639,DIOVAN,Not Reported,1,Not Reported
10012639,SPIRONOLACTONE AND HYDROCHLOROTHIAZIDE,HYPERTENSION,2,4
10012639,CARDIZEM,HYPERTENSION,2,4
10012639,ROSUVASTATIN,BLOOD CHOLESTEROL INCREASED,2,4
10012639,GLIFAGE,BLOOD GLUCOSE INCREASED,2,4
10012639,FRONTAL,ANXIETY,2,4
10012639,ASPIRINA PREVENT,PROPHYLAXIS,2,4
10012639,CLOPIDOGREL BISULFATE,THROMBOSIS PROPHYLAXIS,2,4
10013854,CLOPIDOGREL,EMBOLISM ARTERIAL,1,1
10013876,FELODIPINE,HYPERTENSION,1,1
10013876,BISOPROLOL,Not Reported,2,Not Reported
10013876,CLOPIDOGREL,Not Reported,2,Not Reported
10013876,DILZEM,Not Reported,2,Not Reported
10013876,LEVOTHYROXINE,Not Reported,2,Not Reported
10013876,QUININE,Not Reported,2,Not Reported
10015875,METHYLPREDNISOLONE.,Not Reported,2,Not Reported
10015875,EBASTINE,SINUSITIS,2,Not Reported
10015875,FLUTICASONE FUROATE,CHRONIC OBSTRUCTIVE PULMONARY DISEASE,1,1
10015875,OMEPRAZOLE.,GASTRITIS PROPHYLAXIS,2,Not Reported
10015875,CEFUROXIM,SINUSITIS,2,Not Reported
10015875,CLOPIDOGREL,ANTIPLATELET THERAPY,2,Not Reported
10015875,GLICLAZIDE,DIABETES MELLITUS,2,Not Reported
10015875,CARBOCISTEIN,SINUSITIS,2,Not Reported
10015875,IRBESARTAN.,HYPERTENSION,2,Not Reported
10015875,SIMVASTATIN.,HYPERCHOLESTEROLAEMIA,2,Not Reported
10015875,DILTIAZEM,HYPERTENSION,2,Not Reported
10015875,MOXIFLOXACIN,CONJUNCTIVITIS,2,Not Reported
10015875,NITROGLYCERIN.,MYOCARDIAL ISCHAEMIA,2,Not Reported
10015875,PREDNISOLONE ACETATE.,CONJUNCTIVITIS,2,Not Reported
10015875,THEOPHYLLINE,CHRONIC OBSTRUCTIVE PULMONARY DISEASE,2,Not Reported
10015875,METHYLPREDNISOLONE.,CELLULITIS ORBITAL,2,Not Reported
10015875,PREDNISOLONE.,CONJUNCTIVITIS,2,Not Reported
10015875,LYSOZYME CHLORIDE,CONJUNCTIVITIS,2,Not Reported
10016491,CLOPIDOGREL (UNKNOWN),MYOCARDIAL ISCHAEMIA,1,1
10016491,PANTOPRAZOLE,PRODUCT USED FOR UNKNOWN INDICATION,2,Not Reported
10016491,FUROSEMIDE,PRODUCT USED FOR UNKNOWN INDICATION,2,Not Reported
10016491,ALLOPURINOL,PRODUCT USED FOR UNKNOWN INDICATION,2,Not Reported
10016491,RAMIPRIL,PRODUCT USED FOR UNKNOWN INDICATION,2,Not Reported
10016513,HYDRALAZINE HCL,HYPERTENSION,2,Not Reported
10016513,ERGOCALCIFEROL.,VITAMIN SUPPLEMENTATION,2,Not Reported
10016513,DIANEAL LOW CALCIUM PERITONEAL DIALYSIS SOLUTION WITH DEXTROSE,PERITONEAL DIALYSIS,1,Not Reported
10016513,PROCHLORPERAZINE MALEATE.,NAUSEA,2,Not Reported
10016513,PLAVIX,PRODUCT USED FOR UNKNOWN INDICATION,2,Not Reported
10016513,POTASSIUM CHLORIDE.,Not Reported,2,Not Reported
10016513,GENTAMICIN SULFATE.,PRODUCT USED FOR UNKNOWN INDICATION,2,Not Reported
10016513,LORAZEPAM.,ANXIETY,2,Not Reported
10016513,IBUPROFEN.,PRODUCT USED FOR UNKNOWN INDICATION,2,Not Reported
10016513,DESONIDE.,PRODUCT USED FOR UNKNOWN INDICATION,2,Not Reported
10016513,LISINOPRIL.,Not Reported,2,Not Reported
10016513,CLONIDINE HCL,HYPERTENSION,2,Not Reported
10016513,LEVOTHYROXINE SODIUM.,HYPOTHYROIDISM,2,Not Reported
10016513,PROAIR HFA,PRODUCT USED FOR UNKNOWN INDICATION,2,Not Reported
10016513,POTASSIUM CHLORIDE.,PRODUCT USED FOR UNKNOWN INDICATION,2,Not Reported
10016513,FUROSEMIDE.,DIURETIC THERAPY,2,Not Reported
10016513,TIZANIDINE HCL,PRODUCT USED FOR UNKNOWN INDICATION,2,Not Reported
10016513,TRAMADOL HCL,ANALGESIC THERAPY,2,Not Reported
10016513,LOVASTATIN.,PRODUCT USED FOR UNKNOWN INDICATION,2,Not Reported
10016513,RENVELA,PRODUCT USED FOR UNKNOWN INDICATION,2,Not Reported
10016513,MEGESTROL ACETATE.,PRODUCT USED FOR UNKNOWN INDICATION,2,Not Reported
10016513,PREDNISONE.,PRODUCT USED FOR UNKNOWN INDICATION,2,Not Reported
10016513,ALPRAZOLAM.,PRODUCT USED FOR UNKNOWN INDICATION,2,Not Reported
10016513,LISINOPRIL.,HYPERTENSION,2,Not Reported
10016513,CLOPIDOGREL BISULFATE.,HYPERTENSION,2,Not Reported
10016513,SODIUM BICARBONATE.,PRODUCT USED FOR UNKNOWN INDICATION,2,Not Reported
10016513,CARVEDILOL.,HYPERTENSION,2,Not Reported
10016513,ALBUTEROL SULFATE.,ASTHMA,2,Not Reported
10017307,CLOPIDOGREL 75 MG TAB: MYLA,SKIN DISCOLOURATION,1,Not Reported
10017345,CLOPIDOGREL,MYOCARDIAL ISCHAEMIA,1,1
10017345,PANTOPRAZOLE SODIUM SESQUIHYDRATE,PRODUCT USED FOR UNKNOWN INDICATION,2,Not Reported
10017345,FUROSEMIDE,PRODUCT USED FOR UNKNOWN INDICATION,2,Not Reported
10017345,ALLOPURINOL,PRODUCT USED FOR UNKNOWN INDICATION,2,Not Reported
10017345,RAMIPRIL,PRODUCT USED FOR UNKNOWN INDICATION,2,Not Reported
10019164,AMBRISENTAN,PULMONARY ARTERIAL HYPERTENSION,1,4
10019164,TADALAFIL,PULMONARY ARTERIAL HYPERTENSION,1,4
10019164,PLACEBO,PULMONARY ARTERIAL HYPERTENSION,1,Not Reported
10019164,CLOPIDOGREL,CORONARY ARTERY DISEASE,2,Not Reported
10019208,BRILIQUE,Not Reported,1,5
10019208,ADALAT,Not Reported,2,Not Reported
10019208,ALLOPURINOL,Not Reported,2,Not Reported
10019208,AMLODIPINE,Not Reported,2,Not Reported
10019208,ASPIRIN,Not Reported,2,Not Reported
10019208,ATENOLOL,Not Reported,2,Not Reported
10019208,ATORVASTATIN,Not Reported,2,Not Reported
10019208,CLOPIDOGREL,Not Reported,2,Not Reported
10019208,DEPO-MEDRONE,Not Reported,2,Not Reported
10019208,GLICLAZIDE,Not Reported,2,Not Reported
10019208,IMUVAC,Not Reported,2,Not Reported
10019208,LANSOPRAZOLE,Not Reported,2,Not Reported
10019208,LISINOPRIL,Not Reported,2,Not Reported
10019208,MENTHOL,Not Reported,2,Not Reported
10019208,METFORMIN,Not Reported,2,Not Reported
10019208,NITROMIN,Not Reported,2,Not Reported
10019549,AMBRISENTAN,PULMONARY ARTERIAL HYPERTENSION,1,4
10019549,TADALAFIL,PULMONARY ARTERIAL HYPERTENSION,1,4
10019549,PLACEBO,PULMONARY ARTERIAL HYPERTENSION,1,Not Reported
10019549,CLOPIDOGREL,CARDIAC FAILURE CONGESTIVE,2,1
10019867,"MIRVASO (BRIMONIDINE) TOPICAL GEL, 0.33%",ERYTHEMA,1,1
10019867,"MIRVASO (BRIMONIDINE) TOPICAL GEL, 0.33%",Not Reported,1,1
10019867,AQUANIL CLEANSER FOR SENSITIVE SKIN,THERAPEUTIC SKIN CARE TOPICAL,2,Not Reported
10019867,OIL OF OLAY COMPLETE MOISTURIZER SPF 30,DRY SKIN PROPHYLAXIS,2,Not Reported
10019867,PLAVIX (CLOPIDOGREL),THROMBOSIS PROPHYLAXIS,2,Not Reported
10019867,LIPITOR (ATORVASTATIN CALCIUM),Not Reported,2,Not Reported
10019999,VIDAZA,REFRACTORY ANAEMIA WITH AN EXCESS OF BLASTS,1,Not Reported
10019999,OMEPRAZOLE,PRODUCT USED FOR UNKNOWN INDICATION,2,Not Reported
10019999,METFORMIN,TYPE 2 DIABETES MELLITUS,2,Not Reported
10019999,CLOPIDOGREL,PROPHYLAXIS,2,Not Reported
10019999,AMLODIPINE,HYPERTENSION,2,Not Reported
10019999,VALSARTAN,HYPERTENSION,2,Not Reported
10020607,BLINDED ACZ885,CARDIOVASCULAR EVENT PROPHYLAXIS,1,4
10020607,BLINDED NO TREATMENT RECEIVED,CARDIOVASCULAR EVENT PROPHYLAXIS,1,4
10020607,BLINDED PLACEBO,CARDIOVASCULAR EVENT PROPHYLAXIS,1,4
10020607,ACETYLSALICYLIC ACID,MYOCARDIAL INFARCTION,1,4
10020607,CLOPIDOGREL,CORONARY ARTERY DISEASE,1,4
10020607,METOPROLOL,ANGINA PECTORIS,2,4
10020607,FUROSEMIDE,CARDIAC FAILURE,2,4
10020607,IVABRADINE,SINUS TACHYCARDIA,2,4
10020607,TRIMETAZIDINE,CORONARY ARTERY DISEASE,2,4
10020607,CANDESARTAN,HYPERTENSION,2,4
10020607,RANOLAZINE,ANGINA PECTORIS,2,4
10020752,CLOPIDOGREL,TRANSIENT ISCHAEMIC ATTACK,1,1
10021087,CLOPIDOGREL,ATRIAL FIBRILLATION,1,Not Reported
10021223,HERBESSER R (DILTIAZEM HYDROCHLORIDE) (CAPSULE) (DILTIAZEM HYDROCHLORIDE),HYPERTENSION,1,Not Reported
10021223,XARELTO,ATRIAL FIBRILLATION,1,Not Reported
10021223,TENELIA,DIABETES MELLITUS,1,Not Reported
10021223,ITOROL (ISOSORBIDE MONONITRATE) (ISOSORBIDE MONOITRATE),Not Reported,2,Not Reported
10021223,IMURAN (AZATHIOPRINE) (AZATHIOPRINE),Not Reported,2,Not Reported
10021223,PREDONINE (PREDNISOLONE) (PREDNISOLONE),Not Reported,2,Not Reported
10021223,BLOPRESS (CANDESARTAN CILEXETIL) (CANDESARTAN CILEXETIL),Not Reported,2,Not Reported
10021223,ARTIST (CARVEDILOL) (CARVEDILOL),Not Reported,2,Not Reported
10021223,PARIET (RABEPRAZOLE SODIUM) (RABEPRAZOLE SODIUM),Not Reported,2,Not Reported
10021223,AMARYL (GLIMEPIRIDE) (GLIMEPIRIDE),Not Reported,2,Not Reported
10021223,NESINA (ALOGLIPTIN BENZOATE) (ALOGLIPTIN BENZOATE),Not Reported,2,Not Reported
10021223,AMLODIN (AMLODIPINE BESILATE) (AMLODIPINE BESILATE),Not Reported,2,Not Reported
10021223,PLAVIX (CLOPIDOGREL BISULFATE) (CLOPIDOGREL BISULFATE),Not Reported,2,Not Reported
10021307,ASPIRIN,CORONARY ARTERY STENOSIS,1,5
10021307,ASPIRIN,ATRIAL FIBRILLATION,1,5
10021307,CLOPIDOGREL BISULFATE,CORONARY ARTERY STENOSIS,1,5
10021307,CLOPIDOGREL BISULFATE,ATRIAL FIBRILLATION,1,5
10021307,WARFARIN SODIUM,CORONARY ARTERY STENOSIS,1,5
10021307,WARFARIN SODIUM,ATRIAL FIBRILLATION,1,5
10021366,CLOPIDOGREL (CLOPIDOGREL),THROMBOSIS PROPHYLAXIS,1,Not Reported
10021366,RAMIPRIL (RAMIPRIL),HYPERTENSION,1,Not Reported
10021366,SIMVASTATIN (SIMVASTATIN),HYPERLIPIDAEMIA,1,Not Reported
10021366,MOLSIDOMINE (MOLSIDOMINE),CORONARY ARTERY DISEASE,1,Not Reported
10021366,HERZ ASS (ACETYLSALICYLIC ACID,Not Reported,2,Not Reported
10021366,OMEPRAZOLE (OMEPRAZOLE),Not Reported,2,Not Reported
10021366,METOPROLOL (METOPROLOL),Not Reported,2,Not Reported
10021412,CLOPIDOGREL BISULFATE,ANTIPLATELET THERAPY,1,1
10021412,ASPIRIN,ANTIPLATELET THERAPY,1,1
10021412,ARGATROBAN,PRODUCT USED FOR UNKNOWN INDICATION,1,1
10021886,HERZ ASS,THROMBOSIS PROPHYLAXIS,2,Not Reported
10021886,MOLSIDOMINE (UNKNOWN),CORONARY ARTERY DISEASE,1,Not Reported
10021886,CLOPIDOGREL (UNKNOWN),THROMBOSIS PROPHYLAXIS,1,Not Reported
10021886,METOPROLOL,HYPERTENSION,2,Not Reported
10021886,OMEPRAZOLE.,GASTRITIS PROPHYLAXIS,2,Not Reported
10021886,SIMVASTATIN (UNKNOWN),HYPERLIPIDAEMIA,1,Not Reported
10021886,RAMIPRIL (UNKNOWN),HYPERTENSION,1,Not Reported
10021887,MOLSIDOMINE (UNKNOWN),CORONARY ARTERY DISEASE,1,Not Reported
10021887,CLOPIDOGREL (UNKNOWN),THROMBOSIS PROPHYLAXIS,1,Not Reported
10021887,SIMVASTATIN (UNKNOWN),HYPERLIPIDAEMIA,1,Not Reported
10021887,RAMIPRIL (UNKNOWN),HYPERTENSION,1,Not Reported
10021887,HERZ ASS,THROMBOSIS PROPHYLAXIS,2,Not Reported
10021887,OMEPRAZOLE,GASTRITIS PROPHYLAXIS,2,Not Reported
10021887,METOPROLOL,HYPERTENSION,2,Not Reported
10021924,ERBITUX,CHEMOTHERAPY,1,Not Reported
10021924,ASPIRIN,Not Reported,2,Not Reported
10021924,OPTHALMIC SOLUTION,Not Reported,2,Not Reported
10021924,MECLIZINE,Not Reported,2,Not Reported
10021924,METOPROLOL TARTRATE,Not Reported,2,Not Reported
10021924,MULTIVITAMIN,Not Reported,1,Not Reported
10021924,NITROGLYCERIN,Not Reported,1,Not Reported
10021924,ROSUVASTATIN,Not Reported,2,Not Reported
10021924,CLOPIDOGREL,Not Reported,2,Not Reported
10021924,GEMFIBROZIL,Not Reported,2,Not Reported
10022194,PLAVIX,CARDIOVASCULAR EVENT PROPHYLAXIS,2,Not Reported
10022194,FISH OIL,CARDIOVASCULAR EVENT PROPHYLAXIS,2,Not Reported
10022194,LIPITOR,BLOOD CHOLESTEROL INCREASED,1,5
10022194,CARVEDILOL.,BLOOD PRESSURE ABNORMAL,2,Not Reported
10022194,LIPITOR,LOW DENSITY LIPOPROTEIN INCREASED,1,5
10022194,COREG,HYPERTENSION,2,Not Reported
10022194,QUINAPRIL.,BLOOD PRESSURE ABNORMAL,2,Not Reported
10022194,LIPITOR,CARDIOVASCULAR EVENT PROPHYLAXIS,1,5
10022194,ATORVASTATIN,MYOCARDIAL INFARCTION,1,5
10022194,CLOPIDOGREL,MYOCARDIAL INFARCTION,2,Not Reported
10022194,FUROSEMIDE.,BLOOD PRESSURE ABNORMAL,2,Not Reported
10022416,LYRICA,DIABETIC NEUROPATHY,1,5
10022416,LYRICA,Not Reported,1,5
10022416,CLOPIDOGREL,Not Reported,2,Not Reported
10022416,NOVOLOG,Not Reported,2,Not Reported
10022416,VYTORIN,Not Reported,2,Not Reported
10022416,LANTUS,Not Reported,2,Not Reported
10022416,REQUIP,Not Reported,2,Not Reported
10022498,ENALAPRIL (UNKNOWN),HYPERTENSION,1,1
10022498,SILODYX,PRODUCT USED FOR UNKNOWN INDICATION,2,Not Reported
10022498,CLOPIDOGREL,PRODUCT USED FOR UNKNOWN INDICATION,2,Not Reported
10022498,ATORVASTATIN CALCIUM TRIHYDRATE,PRODUCT USED FOR UNKNOWN INDICATION,2,Not Reported
10022498,BISOPROLOL HEMIFUMARATE,PRODUCT USED FOR UNKNOWN INDICATION,2,Not Reported
10022498,OMEPRAZOLE,PRODUCT USED FOR UNKNOWN INDICATION,2,Not Reported
10022498,ALLOPURINOL,PRODUCT USED FOR UNKNOWN INDICATION,2,Not Reported
10022664,VIDAZA,MYELODYSPLASTIC SYNDROME,1,4
10022664,METOPROLOL,HYPERTENSION,2,Not Reported
10022664,SIMVASTATIN,HYPERLIPIDAEMIA,2,Not Reported
10022664,RAMIPRIL,HYPERTENSION,2,Not Reported
10022664,CLOPIDOGREL,CORONARY ARTERY DISEASE,2,Not Reported
10022664,CLOPIDOGREL,PERIPHERAL ARTERIAL OCCLUSIVE DISEASE,2,Not Reported
10022664,ASA,CORONARY ARTERY DISEASE,2,Not Reported
10022664,ASA,PERIPHERAL ARTERIAL OCCLUSIVE DISEASE,2,Not Reported
10022664,ACICLOVIR,INFECTION PROPHYLAXIS,2,Not Reported
10022664,AMPHOTERICIN B,INFECTION PROPHYLAXIS,2,Not Reported
10022664,CO-TRIMOXAZOLE,INFECTION PROPHYLAXIS,2,Not Reported
10022664,GRANISETRON,ANTIEMETIC SUPPORTIVE CARE,2,Not Reported
10022664,ONDANSETRON,ANTIEMETIC SUPPORTIVE CARE,2,Not Reported
10024005,ACTONEL,OSTEOPOROSIS,1,Not Reported
10024005,ACTONEL,OSTEOPENIA,1,Not Reported
10024005,FOSAMAX,OSTEOPOROSIS,1,Not Reported
10024005,FOSAMAX,OSTEOPENIA,1,Not Reported
10024005,ALENDRONATE (ALENDRONATE SODIUM),OSTEOPOROSIS,1,Not Reported
10024005,ALENDRONATE (ALENDRONATE SODIUM),OSTEOPENIA,1,Not Reported
10024005,SIMVASTATIN ( SIMVASTATIN),Not Reported,2,Not Reported
10024005,PLAVIX ( CLOPIDOGREL BISULFATE),Not Reported,2,Not Reported
10024005,ECOTRIN ( ACETYLSALICYLIC ACID),Not Reported,2,Not Reported
10024005,PLETAL ( CILOSTAZOL),Not Reported,2,Not Reported
10024005,CELEBREX ( CELECOXIB),Not Reported,2,Not Reported
10024005,"HYDROCODONE W/APAP ( HYDROCODONE, PARACETAMOL)",Not Reported,2,Not Reported
10024005,ZOLOFT ( SERTRALINE HYDROCHLORIDE) ( SERTRALINE HYDROCHLORIDE),Not Reported,2,Not Reported
10024005,AMBIEN ( ZOLPIDEM TARTRATE),Not Reported,2,Not Reported
10024005,DEPAKOTE ( VALPROATE SEMISODIUM),Not Reported,2,Not Reported
10024005,"PSEUDOVENT ( GUAIFENESIN, PSEUDOEPHEDRINE HYDROCHLORIDE)",Not Reported,2,Not Reported
10024005,AMOXICILLIN ( AMOXICILLIN),Not Reported,2,Not Reported
10024005,CEFADROXIL ( CEFADROXIL),Not Reported,2,Not Reported
10024005,LEVAQUIN ( LEVOFLOXACIN),Not Reported,2,Not Reported
10024005,LAMISIL ( TERBINAFINE HYDROCHLORIDE),Not Reported,2,Not Reported
10024297,LEVEMIR FLEXPEN,TYPE 2 DIABETES MELLITUS,1,4
10024297,VICTOZA,TYPE 2 DIABETES MELLITUS,1,4
10024297,METFORMIN,TYPE 2 DIABETES MELLITUS,2,Not Reported
10024297,BENEFIBER                          /00677201/,CONSTIPATION,2,Not Reported
10024297,CLOPIDOGREL,PROPHYLAXIS,2,Not Reported
10024973,ACTONEL,OSTEOPOROSIS,1,Not Reported
10024973,ACTONEL,OSTEOPENIA,1,Not Reported
10024973,ACTONEL,OSTEOPOROSIS PROPHYLAXIS,1,Not Reported
10024973,FOSAMAX,OSTEOPOROSIS,1,Not Reported
10024973,FOSAMAX,OSTEOPENIA,1,Not Reported
10024973,FOSAMAX,OSTEOPOROSIS PROPHYLAXIS,1,Not Reported
10024973,COREG (CARVEDILOL),Not Reported,2,Not Reported
10024973,ATENOLOL (ATENOLOL),Not Reported,2,Not Reported
10024973,LISINOPRIL (LISINOPRIL),Not Reported,2,Not Reported
10024973,HYDROCHLOROTHIAZIDE (HYDROCHLOROTHIAZIDE),Not Reported,2,Not Reported
10024973,ASA (ACETYLSALICYLIC ACID),Not Reported,2,Not Reported
10024973,PLAVIX (CLOPIDOGREL BISULFATE) (CLOPIDOGREL BISULFATE),Not Reported,2,Not Reported
10024973,"LASIX /00032601/ (FUROSEMIDE) UNK, UNKUNK",Not Reported,2,Not Reported
10024973,LOVASTATIN (LOVASTATIN),Not Reported,2,Not Reported
10024973,ZOCOR (SIMVASTATIN),Not Reported,2,Not Reported
10024973,LIPITOR (ATORVASTATIN CALCIUM),Not Reported,2,Not Reported
10024973,ARICEPT (DONEPEZIL HYDROCHLORIDE),Not Reported,2,Not Reported
10024973,ANTIVERT /00072802/ (MECLOZINE HYDROCHLORIDE),Not Reported,2,Not Reported
10024973,ALEVE (NAPROXEN SODIUM),Not Reported,2,Not Reported
10024973,PIROXICAM (PIROXICAM),Not Reported,2,Not Reported
10024973,INDOCIN /00003801/ (INDOMETACIN),Not Reported,2,Not Reported
10024973,PRILOSEC /00661201/ (OMEPRZOLE),Not Reported,2,Not Reported
10024973,MACRODANTIN (NITROFURANTOIN),Not Reported,2,Not Reported
10024973,TRIMETHOPRIM (TRIMETHOPRIM),Not Reported,2,Not Reported
10024973,DITROPAN XL (OXYBUTYNIN HYDROCHLORIDE),Not Reported,2,Not Reported
10024973,CALCIUM (CALCIUM),Not Reported,2,Not Reported
10024973,"CENTRUM /00554501/ (MINERALS NOS, VITAMINS NOS)",Not Reported,2,Not Reported
10024973,FISH OIL (FISH OIL),Not Reported,2,Not Reported
10024973,COLACE (DOCUSATE SODIUM),Not Reported,2,Not Reported
10024973,"MAALOX /00082501/(ALUMINIM HYDROXIDE, MAGNESIUM HYDROXIDE)",Not Reported,2,Not Reported
10024973,PHENERGAN /00033001/(PROMETHAZINE),Not Reported,2,Not Reported
10024973,TYLENOL EXTRA STRENGTH (PARACETAMOL),Not Reported,2,Not Reported
10024973,NITROGLYCERIN (GLYCERYL TRINITRATE) SPRAY,Not Reported,2,Not Reported
10024973,VITAMIN E /00110501/(TOCOPHEROL),Not Reported,2,Not Reported
10024973,PROTONIX (PANTOPRAZOLE SODIUM SESQUIHYDRATE),Not Reported,2,Not Reported
10024973,CIPRO /00697201/(CIPROFLOXACIN),Not Reported,2,Not Reported
10024973,RESTORIL /00393701/(TEMAZEPAM),Not Reported,2,Not Reported
10025006,EURO-K,PROPHYLAXIS,2,Not Reported
10025006,BENDAMUSTINE,NON-HODGKIN^S LYMPHOMA UNSPECIFIED HISTOLOGY INDOLENT,1,4
10025006,CLOPIDOGREL,PROPHYLAXIS,2,Not Reported
10025006,NOVO-GESIC,PROPHYLAXIS,2,Not Reported
10025006,OBINUTUZUMAB,NON-HODGKIN^S LYMPHOMA UNSPECIFIED HISTOLOGY INDOLENT,1,4
10025006,ENOXAPARIN,PRODUCT USED FOR UNKNOWN INDICATION,2,Not Reported
10025006,FUROSEMIDE.,OEDEMA,2,Not Reported
10025006,TYLENOL,PROPHYLAXIS,2,Not Reported
10025006,BISOPROLOL,PROPHYLAXIS,2,Not Reported
10025006,ALLOPURINOL.,HYPERURICAEMIA,2,Not Reported
10025006,ATIVAN,ANXIETY,2,Not Reported
10025006,PANTOPRAZOLE,PROPHYLAXIS,2,Not Reported
10025006,ASPIRIN.,PROPHYLAXIS,2,Not Reported
10025367,CLOPIDOGREL,THROMBOSIS PROPHYLAXIS,1,Not Reported
10025563,CLOPIDOGREL,CEREBROVASCULAR ACCIDENT,1,Not Reported
10025576,GABAPENTIN,NEURALGIA,1,Not Reported
10025576,GABAPENTIN,OFF LABEL USE,1,Not Reported
10025576,CLOPIDOGREL,Not Reported,2,Not Reported
10025576,AMLODIPINE,Not Reported,2,Not Reported
10025576,HYDRALAZINE,Not Reported,2,Not Reported
10025576,METOPROLOL,Not Reported,2,Not Reported
10025576,CLONIDINE,Not Reported,2,Not Reported
10025576,ATORVASTATIN,Not Reported,2,Not Reported
10025576,OXYCODONE,Not Reported,2,Not Reported
10025576,HYDROMORPHONE,Not Reported,2,Not Reported
10025576,SEVELAMER,Not Reported,2,Not Reported
10025576,LANTHANUM CARBONATE,Not Reported,2,Not Reported
10025576,EPOETIN,Not Reported,2,Not Reported
10025576,INSULIN GLARGINE,Not Reported,2,Not Reported
10025579,ACZ885,CARDIOVASCULAR EVENT PROPHYLAXIS,1,Not Reported
10025579,ASPIRIN,CORONARY ARTERY DISEASE,2,4
10025579,ATORVASTATIN,DYSLIPIDAEMIA,2,4
10025579,CLOPIDOGREL,CORONARY ARTERY DISEASE,2,4
10025579,FINASTERIDE,BENIGN PROSTATIC HYPERPLASIA,2,4
10025579,ISOSORBIDE MONONITRATE,Not Reported,2,4
10025579,METOPROLOL,HYPERTENSION,2,5
10025579,NITROGLYCERIN,CORONARY ARTERY DISEASE,2,4
10025642,FERAHEME,IRON DEFICIENCY ANAEMIA,1,Not Reported
10025642,FERAHEME,NEPHROGENIC ANAEMIA,1,Not Reported
10025642,SODIUM BICARBONATE (SODIUM BICARBONATE),Not Reported,2,Not Reported
10025642,INSULIN ISOPHANE (INSULIN ISOPHANE BOVINE),Not Reported,2,Not Reported
10025642,HYDRALAZINE (HYDRALAZINE),Not Reported,2,Not Reported
10025642,LASIX (FUROSEMIDE SODIUM),Not Reported,2,Not Reported
10025642,LYRICA (PREGABALIN),Not Reported,2,Not Reported
10025642,ERGOCALCIFEROL (ERGOCALCIFEROL),Not Reported,2,Not Reported
10025642,COREG (CARVEDILOL),Not Reported,2,Not Reported
10025642,"NORCO (HYDROCODONE BITARTRATE, PARACETAMOL)",Not Reported,2,Not Reported
10025642,TRAMADOL (TAMADOL HYDROCHLORIDE),Not Reported,2,Not Reported
10025642,CRESTOR (ROSUVASTATIN CALCIUM),Not Reported,2,Not Reported
10025642,FERROUS SULFATE (FERROUS SULFATE),Not Reported,2,Not Reported
10025642,DOXAZOSIN (DOXAZOSIN MESILATE),Not Reported,2,Not Reported
10025642,PLAVIX (CLOPIDOGREL BISULFATE),Not Reported,2,Not Reported
10025642,CLONIDINE (CLONIDINE HYDROCHLORIDE),Not Reported,2,Not Reported
10025642,ASPIRIN (ACETYLSALICYLIC ACID),Not Reported,2,Not Reported
10025642,AMITRIPTYLINE (AMITRIPTYLINE HYDROCHLORIDE),Not Reported,2,Not Reported
10025952,"LEVOTHYROX (LEVOTHROXINE SODIUM) (100 MICROGRAM, TABLET) (LEVOTHYROXINE SODIUM)",THYROIDECTOMY,1,Not Reported
10025952,METFORMIN (METFORMIN) (METFORMIN),TYPE 2 DIABETES MELLITUS,1,Not Reported
10025952,ATORVASTATIN (ATORVASTATIN) (ATORVASTATIN),PERIPHERAL ARTERIAL OCCLUSIVE DISEASE,1,Not Reported
10025952,"NEBILOX (NEBIVOLOL HYDROCHLORIDE) (1MG, TABLET) (NEBIVOLOL HYDROCHLORIDE)",HYPERTENSION,1,Not Reported
10025952,LANSOPRAZOLE (LANSOPRAZOLE) (LANSOPRAZOLE),PRODUCT USED FOR UNKNOWN INDICATION,1,Not Reported
10025952,"COAPPROVEL (KARVEA HCT) (FILM-COATED TABLET) (HYDROCHLOROTHIAZIDE, IRBESARTAN)",HYPERTENSION,1,Not Reported
10025952,LORAZEPAM (LORAZEPAM) (LORAZEPAM),ANXIETY,1,Not Reported
10025952,"PLAVIX /01220701/ (CLOPIDOGREL) (75MG, FILM-COATED TABLET) (CLOPIDOGREL)",PERIPHERAL ARTERIAL OCCLUSIVE DISEASE,1,Not Reported
10026085,CLOPIDOGREL,Not Reported,1,5
10026085,CHAMPIX,Not Reported,1,5
10026085,ASPIRIN,Not Reported,1,Not Reported
10026085,FLUOXETINE,Not Reported,1,5
10026085,ATORVASTATIN,Not Reported,2,Not Reported
10026085,BISOPROLOL,Not Reported,2,Not Reported
10026085,LANSOPRAZOLE,Not Reported,2,Not Reported
10026085,LOSARTAN,Not Reported,2,Not Reported
10026365,LUMIGAN,GLAUCOMA,1,4
10026365,ATORVASTATIN,PRODUCT USED FOR UNKNOWN INDICATION,2,4
10026365,CLOPIDOGREL,PRODUCT USED FOR UNKNOWN INDICATION,2,4
10026365,METOPROLOL,PRODUCT USED FOR UNKNOWN INDICATION,2,4
10026365,BENICAR,PRODUCT USED FOR UNKNOWN INDICATION,2,4
10026365,SYNTHROID,PRODUCT USED FOR UNKNOWN INDICATION,2,4
10026365,ASA,PRODUCT USED FOR UNKNOWN INDICATION,2,4
10026456,ASPIRIN,PRODUCT USED FOR UNKNOWN INDICATION,1,Not Reported
10026456,CLOPIDOGREL,PRODUCT USED FOR UNKNOWN INDICATION,1,5
10026456,FLUOXETINE,PRODUCT USED FOR UNKNOWN INDICATION,1,5
10026456,CHAMPIX,PRODUCT USED FOR UNKNOWN INDICATION,1,5
10026456,ATORVASTATIN,PRODUCT USED FOR UNKNOWN INDICATION,2,5
10026456,BISOPROLOL,PRODUCT USED FOR UNKNOWN INDICATION,2,5
10026456,LANSOPRAZOLE,PRODUCT USED FOR UNKNOWN INDICATION,2,5
10026456,LOSARTAN,PRODUCT USED FOR UNKNOWN INDICATION,2,5
10026928,CLOPIDOGREL,TRANSIENT ISCHAEMIC ATTACK,1,Not Reported
10027789,VAGIFEM,HYSTERECTOMY,1,1
10027789,AMITRIPTYLINE,Not Reported,2,Not Reported
10027789,BUDESONIDE,Not Reported,2,Not Reported
10027789,CALCICHEW D3,Not Reported,2,Not Reported
10027789,CLOPIDOGREL,Not Reported,2,Not Reported
10027789,DICYCLOMINE                        /00068601/,Not Reported,2,Not Reported
10027789,FERROUS FUMARATE,Not Reported,2,Not Reported
10027789,LACTULOSE,Not Reported,2,Not Reported
10027789,OMEPRAZOLE,Not Reported,2,Not Reported
10027789,PENTASA,Not Reported,2,Not Reported
10027789,PREGABALIN,Not Reported,2,Not Reported
10027789,SALBUTAMOL,Not Reported,2,Not Reported
10027789,SERETIDE,Not Reported,2,Not Reported
10027789,SERTRALINE,Not Reported,2,Not Reported
10027789,TIOTROPIUM BROMIDE,Not Reported,2,Not Reported
10027789,TRAMADOL,Not Reported,2,Not Reported
10027838,CLOPIDOGREL (UNKNOWN),PRODUCT USED FOR UNKNOWN INDICATION,1,5
10027838,ATORVASTATIN,PRODUCT USED FOR UNKNOWN INDICATION,2,5
10027838,FLUOXETINE,PRODUCT USED FOR UNKNOWN INDICATION,1,5
10027838,LANSOPRAZOLE.,PRODUCT USED FOR UNKNOWN INDICATION,2,5
10027838,CHAMPIX,PRODUCT USED FOR UNKNOWN INDICATION,1,5
10027838,BISOPROLOL,PRODUCT USED FOR UNKNOWN INDICATION,2,5
10027838,ACETYLSALICYLIC ACID,PRODUCT USED FOR UNKNOWN INDICATION,1,Not Reported
10027838,LOSARTAN,PRODUCT USED FOR UNKNOWN INDICATION,2,5
10027840,ACETYLSALICYLIC ACID,PRODUCT USED FOR UNKNOWN INDICATION,1,Not Reported
10027840,CLOPIDOGREL (UNKNOWN),PRODUCT USED FOR UNKNOWN INDICATION,1,5
10027840,FLUOXETINE (UNKNOWN),PRODUCT USED FOR UNKNOWN INDICATION,1,5
10027840,CHAMPIX,PRODUCT USED FOR UNKNOWN INDICATION,1,5
10027840,ATORVASTATIN,PRODUCT USED FOR UNKNOWN INDICATION,2,5
10027840,BISOPROLOL,PRODUCT USED FOR UNKNOWN INDICATION,2,5
10027840,LANSOPRAZOLE,PRODUCT USED FOR UNKNOWN INDICATION,2,5
10027840,LOSARTAN,PRODUCT USED FOR UNKNOWN INDICATION,2,5
10028107,AZITHROMYCIN,Not Reported,1,5
10028107,BACTRIM,ANTIFUNGAL PROPHYLAXIS,1,5
10028107,PANTOPRAZOLE,Not Reported,1,5
10028107,ATRIPLA,Not Reported,1,1
10028107,METOPROLOL,Not Reported,2,5
10028107,FLUTICASONE PROPIONATE,Not Reported,2,5
10028107,"SALBUTAMOL, IPRATROPIUM BROMIDE",Not Reported,2,5
10028107,LEVOTHYROXINE SODIUM,Not Reported,2,5
10028107,SIMVASTATIN,Not Reported,2,5
10028107,CLOPIDOGREL,Not Reported,2,5
10028107,"CALCIUM CARBONATE, VITAMIN D",Not Reported,2,5
10028107,HYDROXYZINE,Not Reported,2,5
10028107,PAROXETINE,Not Reported,2,5
10028344,XENAZINE,HUNTINGTON^S DISEASE,1,Not Reported
10028344,ATIVAN (LORAZEPAM) (LORAZEPAM),Not Reported,2,Not Reported
10028344,ASPIRIN (ACETYLSALICYLIC ACID) (ACETYLSALICYLIC ACID),Not Reported,2,Not Reported
10028344,COLACE (DOCUSATE SODIUM) (DOCUSATE SODIUM),Not Reported,2,Not Reported
10028344,FISH OIL (FISH OIL) (FISH OIL),Not Reported,2,Not Reported
10028344,FLOMAX (MORNIFLUMATE) (MORNIFLUMATE),Not Reported,2,Not Reported
10028344,FLORESTOR (SACCHARMYCESS BOULARDIL LYOPHYLIZED) (SACCHOMYCES BOULARDIL LYOPHILIZED),Not Reported,2,Not Reported
10028344,LIPITOR (ATORVASTATIN CALCIUM) (ATORVASTATIN CALCIUM),Not Reported,2,Not Reported
10028344,METOPROLOL (METOPROLOL) (METOPROLOL),Not Reported,2,Not Reported
10028344,NITRODERM (GLYCERYL TRINITRATE) (GLYCERYL TRINITRATE),Not Reported,2,Not Reported
10028344,"NORCO (VICODIN) (PARACETAMOL, HYDROCODONE BITARTRATE)",Not Reported,2,Not Reported
10028344,NUDEXA (OTHER THERAPEUTIC PRODUCTS) (NULL),Not Reported,2,Not Reported
10028344,ONDANSETRON (ONDANSETRON) (ONDANSETRON),Not Reported,2,Not Reported
10028344,PLAVIX (CLOPIDOGREL BISULFATE) 9CLOPIDOGREL BITARTRATE),Not Reported,2,Not Reported
10028344,POTASSIUM CHLORIDE (POTASSIUM CHLORIDE) (POTASSIUM CHLORIDE),Not Reported,2,Not Reported
10028344,PROSCAR (FINASTERIDE) (FINASTERIDE),Not Reported,2,Not Reported
10028344,PROTONIX (PANTOPRAZOLE SODIUM SESQUIHYDRATE) (PANTOPRAZOLE SODIUM SESQUIHYDRATE),Not Reported,2,Not Reported
10028344,PROVENTIL (SALBUTAMOL) (SALBUTAMOL),Not Reported,2,Not Reported
10028344,RANEXA (RANOLAZINE) (RANOLAZINE),Not Reported,2,Not Reported
10028344,REGLAN (METOCLOPRAMIDE) (METOCLOPRAMIDE),Not Reported,2,Not Reported
10028344,TYLENOL (PARACETAMOL) (PARACETAMOL),Not Reported,2,Not Reported
10028344,VIT B12 (CYANOCOBALMIN) (CYANOCOBALMIN),Not Reported,2,Not Reported
10028348,POLYETHYLENE GLYCOL,COLONOSCOPY,1,Not Reported
10028348,AMLODIPINE (AMLODIPINE),Not Reported,2,Not Reported
10028348,IBANDRONIC ACID (IBANDRONIC ACID),Not Reported,2,Not Reported
10028348,CLOPIDOGREL (CLOPIDOGREL),Not Reported,2,Not Reported
10028373,TRAMADOL.,ARTHRALGIA,2,Not Reported
10028373,PANTOZOL,PRODUCT USED FOR UNKNOWN INDICATION,2,Not Reported
10028373,AMIODARONE,HYPERTENSION,2,Not Reported
10028373,HUMIRA,Not Reported,1,4
10028373,OMEPRAZOLE.,PROPHYLAXIS,2,Not Reported
10028373,PREGABALIN.,ARTHRALGIA,2,Not Reported
10028373,AMIODARONE,VENTRICULAR EXTRASYSTOLES,2,Not Reported
10028373,SIMVASTATIN.,HYPERCHOLESTEROLAEMIA,2,Not Reported
10028373,ATORVASTATIN,HYPERCHOLESTEROLAEMIA,2,Not Reported
10028373,DICLOFENAC,ARTHRALGIA,2,Not Reported
10028373,VERAPAMIL,HYPERTENSION,2,Not Reported
10028373,VERAPAMIL,VENTRICULAR EXTRASYSTOLES,2,Not Reported
10028373,CLOPIDOGREL,PRODUCT USED FOR UNKNOWN INDICATION,2,Not Reported
10028373,GLICLAZIDE,DIABETES MELLITUS,2,Not Reported
10028373,HUMIRA,PSORIASIS,1,4
10028373,PERINDOPRILUM-TERT-BUTYLAMINUM,HYPERTENSION,2,Not Reported
10028444,CLOPIDOGREL,PRODUCT USED FOR UNKNOWN INDICATION,1,Not Reported
10028444,ASPIRIN (ACETYLSALICULIC ACID),Not Reported,2,Not Reported
10028743,ACETYLSALICYLIC ACID (} 100 MG),ANTICOAGULANT THERAPY,1,4
10028743,TICAGRELOR,ANTICOAGULANT THERAPY,3,Not Reported
10028743,DILTIAZEM,Not Reported,2,Not Reported
10028743,ROSUVASTATIN,Not Reported,2,Not Reported
10028743,FLUTICASONE,Not Reported,2,Not Reported
10028743,SALMETEROL,Not Reported,2,Not Reported
10028743,CLOPIDOGREL,ANTICOAGULANT THERAPY,2,Not Reported
10029007,FLUCLOXACILLIN (UNKNOWN),PRODUCT USED FOR UNKNOWN INDICATION,1,1
10029007,PARACETAMOL (UNKNOWN),PRODUCT USED FOR UNKNOWN INDICATION,1,1
10029007,GLUCOPHAGE,PRODUCT USED FOR UNKNOWN INDICATION,2,Not Reported
10029007,CLOPIDOGREL,PRODUCT USED FOR UNKNOWN INDICATION,2,Not Reported
10029007,TAMSULOSINE,PRODUCT USED FOR UNKNOWN INDICATION,2,Not Reported
10029007,PANTOMED,PRODUCT USED FOR UNKNOWN INDICATION,2,Not Reported
10029007,ZOCOR,PRODUCT USED FOR UNKNOWN INDICATION,2,Not Reported
10029007,FRAXIPARINE,PRODUCT USED FOR UNKNOWN INDICATION,2,Not Reported
10029204,BRILINTA,Not Reported,1,5
10029204,CLOPIDOGREL,Not Reported,2,Not Reported
10029237,ACETYLSALICYLIC ACID,Not Reported,1,5
10029237,CLOPIDOGREL,Not Reported,1,5
10029237,DOXAZOSIN,Not Reported,2,5
10029237,ISOSORBIDE,Not Reported,2,5
10029237,FUROSEMIDE,Not Reported,2,5
10029237,NITROGLYCERIN,Not Reported,2,5
10029237,ROSUVASTATIN,Not Reported,2,5
10029909,"REVLIMID (LENALIDOMIDE) (15 MILLIGRAM, CAPSULES)",PLASMA CELL MYELOMA,1,Not Reported
10029909,ASPIRIN (ACETYLSALICYLIC ACID),Not Reported,2,Not Reported
10029909,GLYBURIDE (GLIBENCLAMIDE),Not Reported,2,Not Reported
10029909,ISOSORBIDE MONONITRATE (ISOSORBIDE MONONITRATE),Not Reported,2,Not Reported
10029909,LISINOPRIL (LISINOPRIL),Not Reported,2,Not Reported
10029909,METOPROLOL TARTRATE (METOPROLOL TARTRATE),Not Reported,2,Not Reported
10029909,MULTIVITAMINS (MULTIVITAMINS),Not Reported,2,Not Reported
10029909,NIASPAN (NICOTINIC ACID),Not Reported,2,Not Reported
10029909,PLAVIX (CLOPIDOGREL SULFATE),Not Reported,2,Not Reported
10029909,PRAVASTATIN SODIUM (PRAVASTATIN SODIUM),Not Reported,2,Not Reported
10029909,TACLONEX (DAIVOBET),Not Reported,2,Not Reported
10029909,TRILIPIX (CHOLINE FENOFIBRATE),Not Reported,2,Not Reported
10029909,TYLENOL PM EXTRA STRENGTH (DOZOL),Not Reported,2,Not Reported
10029909,ZOLEDRONIC ACID (ZOLEDRONIC ACID),Not Reported,2,Not Reported
10029909,VELCADE (BORTEZOMIB),Not Reported,2,Not Reported
10029909,DECADRON (DEXAMETHASONE),Not Reported,2,Not Reported
10029909,ADVIL (IBUPROFEN),Not Reported,2,Not Reported
10031302,HYDREA CAPS,BLOOD DISORDER,1,Not Reported
10031302,CLOPIDOGREL HYDROGEN SULFATE,Not Reported,2,Not Reported
10031407,ALBUTEROL/IPRATROPIUM,PRODUCT USED FOR UNKNOWN INDICATION,2,Not Reported
10031407,LEVOTHYROXINE,PRODUCT USED FOR UNKNOWN INDICATION,2,Not Reported
10031407,CALCIUM CARBONATE WITH VITAMIN D,PRODUCT USED FOR UNKNOWN INDICATION,2,Not Reported
10031407,HYDROXYZINE,PRODUCT USED FOR UNKNOWN INDICATION,2,Not Reported
10031407,PAROXETINE,PRODUCT USED FOR UNKNOWN INDICATION,2,Not Reported
10031407,PANTOPRAZOLE SODIUM DR TABLETS 20MG + 40MG,PRODUCT USED FOR UNKNOWN INDICATION,1,5
10031407,ATRIPLA,HIV INFECTION,1,Not Reported
10031407,TRIMETHROPRIM/SULFAMETHOXAZOLE,ANTIFUNGAL PROPHYLAXIS,1,Not Reported
10031407,AZITHROMYCIN,PRODUCT USED FOR UNKNOWN INDICATION,1,Not Reported
10031407,METOPROLOL SUCCINATE,PRODUCT USED FOR UNKNOWN INDICATION,2,Not Reported
10031407,SIMVASTATIN,PRODUCT USED FOR UNKNOWN INDICATION,2,Not Reported
10031407,CLOPIDOGREL BISULFATE,PRODUCT USED FOR UNKNOWN INDICATION,2,Not Reported
10031407,FLUTICASONE,PRODUCT USED FOR UNKNOWN INDICATION,2,Not Reported
10031420,ACETYLSALICYLIC ACID({=100 MG),ANTICOAGULANT THERAPY,1,Not Reported
10031420,CLOPIDOGREL SULFATE,ANTICOAGULANT THERAPY,3,Not Reported
10031420,WARFARIN POTASSIUM,ANTICOAGULANT THERAPY,3,Not Reported
10031427,CYMBALTA,DEPRESSION,1,2
10031427,CYMBALTA,FEELING GUILTY,1,2
10031427,ALBUTEROL,Not Reported,2,5
10031427,NIFEDIPINE,Not Reported,2,5
10031427,METFORMIN,Not Reported,2,5
10031427,CELEBREX,Not Reported,2,5
10031427,TAMSULOSIN,Not Reported,2,5
10031427,ATENOLOL,Not Reported,2,5
10031427,BUPROPION,Not Reported,2,5
10031427,SPIRONOLACTON,Not Reported,2,5
10031427,CLOPIDOGREL,Not Reported,2,5
10031427,SIMVASTATIN,Not Reported,2,5
10031427,LOSARTAN,Not Reported,2,5
10031427,ASPIRIN,Not Reported,2,5
10031427,FUROSEMIDE,Not Reported,2,1
10031427,POTASSIUM,Not Reported,2,1
10031870,PANTOPRAZOLE,Not Reported,1,5
10031870,CALCIUM CARBONATE AND VITAMIN D,Not Reported,2,Not Reported
10031870,AZITHROMYCIN,Not Reported,1,5
10031870,METOPROLOL,Not Reported,2,Not Reported
10031870,COTRIMOXAZOLE,ANTIFUNGAL PROPHYLAXIS,1,5
10031870,BREVA,Not Reported,2,Not Reported
10031870,FLUTICASONE PROPIONATE.,Not Reported,2,Not Reported
10031870,PAROXETINE,Not Reported,2,Not Reported
10031870,ATRIPLA,Not Reported,1,1
10031870,LEVOTHYROXINE SODIUM.,Not Reported,2,Not Reported
10031870,SIMVASTATIN.,Not Reported,2,Not Reported
10031870,CLOPIDOGREL,Not Reported,2,Not Reported
10031870,HYDROXYZINE,Not Reported,2,Not Reported
10031871,ATRIPLA,Not Reported,1,1
10031871,COTRIMOXAZOLE,ANTIFUNGAL PROPHYLAXIS,1,5
10031871,PANTOPRAZOLE,Not Reported,1,5
10031871,AZITHROMYCIN,Not Reported,1,5
10031871,METOPROLOL,Not Reported,2,Not Reported
10031871,FLUTICASONE PROPIONATE,Not Reported,2,Not Reported
10031871,BREVA,Not Reported,2,Not Reported
10031871,LEVOTHYROXINE SODIUM,Not Reported,2,Not Reported
10031871,SIMVASTATIN,Not Reported,2,Not Reported
10031871,CLOPIDOGREL,Not Reported,2,Not Reported
10031871,CALCIUM CARBONATE AND VITAMIN D,Not Reported,2,Not Reported
10031871,HYDROXYZINE,Not Reported,2,Not Reported
10031871,PAROXETINE,Not Reported,2,Not Reported
10031951,CLOPIDOGREL BISULFATE,CORONARY ARTERY DISEASE,1,5
10031951,BLINDED THERAPY,CORONARY ARTERY DISEASE,1,1
10031951,ASPIRIN,CORONARY ARTERY DISEASE,1,4
10031951,METOPROLOL,Not Reported,2,Not Reported
10031951,PRAVASTATIN,Not Reported,2,Not Reported
10032807,LISINOPRIL.,Not Reported,2,Not Reported
10032807,LEXAPRO,Not Reported,2,Not Reported
10032807,ATORVASTATIN,Not Reported,2,Not Reported
10032807,PANTOPRAZOLE,Not Reported,2,Not Reported
10032807,TAMSULOSIN,Not Reported,2,Not Reported
10032807,ASPIRIN.,Not Reported,2,Not Reported
10032807,CILOSTAZOL.,Not Reported,2,Not Reported
10032807,CLOPIDOGREL,Not Reported,2,Not Reported
10032807,AUBAGIO,MULTIPLE SCLEROSIS,1,1
10032807,VITAMIN D,Not Reported,2,Not Reported
10032807,FINASTERIDE.,Not Reported,2,Not Reported
10032897,BOSULIF,Not Reported,1,5
10032897,LOSARTAN.,Not Reported,2,Not Reported
10032897,CLOPIDOGREL,Not Reported,2,Not Reported
10032897,LIDODERM,Not Reported,2,Not Reported
10032897,TOPROL XL,Not Reported,2,Not Reported
10032897,BOSULIF,CHRONIC MYELOID LEUKAEMIA,1,5
10032897,FAMOTIDINE.,Not Reported,2,Not Reported
10032897,FLUTICASONE PROPIONATE.,Not Reported,2,Not Reported
10032897,VOLTAREN,Not Reported,2,Not Reported
10033877,CLOPIDOGREL,STENT PLACEMENT,1,1
10033877,WARFARIN,ATRIAL FIBRILLATION,1,1
10033877,ASPIRIN,PRODUCT USED FOR UNKNOWN INDICATION,2,Not Reported
10033877,ATORVASTATIN,PRODUCT USED FOR UNKNOWN INDICATION,2,Not Reported
10033877,BISOPROLOL,PRODUCT USED FOR UNKNOWN INDICATION,2,Not Reported
10033877,DIGOXIN,PRODUCT USED FOR UNKNOWN INDICATION,2,Not Reported
10033877,FUROSEMIDE,PRODUCT USED FOR UNKNOWN INDICATION,2,Not Reported
10033877,PERINDOPRIL,PRODUCT USED FOR UNKNOWN INDICATION,2,Not Reported
10033877,RANITIDINE,PRODUCT USED FOR UNKNOWN INDICATION,2,Not Reported
10033877,SPIRONOLACTONE,PRODUCT USED FOR UNKNOWN INDICATION,2,Not Reported
10033973,SARAFEM,PRODUCT USED FOR UNKNOWN INDICATION,1,Not Reported
10033973,CLOPIDOGREL,PRODUCT USED FOR UNKNOWN INDICATION,1,Not Reported
10033973,ASPIRIN (ACETYLSALICYLIC ACID),PRODUCT USED FOR UNKNOWN INDICATION,1,Not Reported
10033973,CHAMPIX (VARENICLINE TARTRATE),PRODUCT USED FOR UNKNOWN INDICATION,1,Not Reported
10033973,ATORVASTATIN,Not Reported,2,Not Reported
10033973,BISOPROLOL,Not Reported,2,Not Reported
10033973,LANSOPRAZOLE,Not Reported,2,Not Reported
10033973,LOSARTAN,Not Reported,2,Not Reported
10034091,CLOPIDOGREL,PRODUCT USED FOR UNKNOWN INDICATION,1,Not Reported
10034091,FLUOXETINE (FLUOXETINE),PRODUCT USED FOR UNKNOWN INDICATION,1,Not Reported
10034091,ASPIRIN (ACETYLSALICYLIC ACID),Not Reported,1,Not Reported
10034091,CHAMPIX (VARENICLINE TARTRATE),PRODUCT USED FOR UNKNOWN INDICATION,1,Not Reported
10034091,ATORVASTATIN,Not Reported,2,Not Reported
10034091,BISOPROLOL,Not Reported,2,Not Reported
10034091,LANSOPRAZOLE,Not Reported,2,Not Reported
10034091,LOSARTAN,Not Reported,2,Not Reported
10034181,ATORVASTATIN,PRODUCT USED FOR UNKNOWN INDICATION,1,5
10034181,CLOPIDOGREL,PRODUCT USED FOR UNKNOWN INDICATION,2,5
10034181,FLIXONASE,PRODUCT USED FOR UNKNOWN INDICATION,2,5
10034181,FLIXONASE,Not Reported,2,5
10034181,PREDNISOLONE,PRODUCT USED FOR UNKNOWN INDICATION,2,5
10034181,QVAR,PRODUCT USED FOR UNKNOWN INDICATION,2,5
10034181,QVAR,Not Reported,2,5
10034181,SALBUTAMOL,PRODUCT USED FOR UNKNOWN INDICATION,2,5
10034181,WHITE SOFT PARAFFIN,PRODUCT USED FOR UNKNOWN INDICATION,2,5
10034535,REVLIMID,PLASMA CELL MYELOMA,1,Not Reported
10034535,DOCUSATE SODIUM,Not Reported,2,Not Reported
10034535,GABAPENTIN,Not Reported,2,Not Reported
10034535,ASPIRIN,Not Reported,2,Not Reported
10034535,ATORVASTATIN CALCIUM,Not Reported,2,Not Reported
10034535,CLOPIDOGREL,Not Reported,2,Not Reported
10034535,LASIX (FUROSEMIDE),Not Reported,2,Not Reported
10034535,ISOSORBIDE MONONITRATE,Not Reported,2,Not Reported
10034535,KLOR-CON,Not Reported,2,Not Reported
10034535,LEVOTHROID,Not Reported,2,Not Reported
10034535,TOVIAZ (FESOTERODINE FUMARATE),Not Reported,2,Not Reported
10034535,VITAMIN D (ERGOCALCIFEROL),Not Reported,2,Not Reported
10034535,NEURONTIN (GABAPENTIN),Not Reported,2,Not Reported
10034535,PRAVACHOL,Not Reported,2,Not Reported
10034535,IMDUR,Not Reported,2,Not Reported
10034535,XANAX (ALPRAZOLAM),Not Reported,2,Not Reported
10034535,K-DUR (POTASSIUM CHLORIDE),Not Reported,2,Not Reported
10034535,PLAVIX (CLOPIDOGREL SULFATE),Not Reported,2,Not Reported
10034535,COLACE (DOCUSATE SODIUM),Not Reported,2,Not Reported
10034535,VELCADE (BORTEZOMIB),Not Reported,2,Not Reported
10034535,DEXAMETHASONE,Not Reported,2,Not Reported
10034586,CLOPIDOGREL,CORONARY ARTERIAL STENT INSERTION,1,Not Reported
10034586,CLOPIDOGREL,PREOPERATIVE CARE,1,Not Reported
10034586,ASPIRIN,Not Reported,2,Not Reported
10034586,PLAVIX,Not Reported,2,Not Reported
10034586,EPTIFIBATIDE,Not Reported,2,Not Reported
10034586,HEPARIN,Not Reported,2,Not Reported
10034589,CLOPIDOGREL,ANTIPLATELET THERAPY,1,Not Reported
10034589,ACETAMINOPHEN (TYLENOL),Not Reported,2,Not Reported
10034701,ATORVASTATIN,Not Reported,1,5
10034701,CLOPIDOGREL,Not Reported,2,Not Reported
10034701,FLIXONASE,Not Reported,2,Not Reported
10034701,PREDNISOLONE,Not Reported,2,Not Reported
10034701,QVAR,Not Reported,2,Not Reported
10034701,SALBUTAMOL,Not Reported,2,Not Reported
10034701,WHITE SOFT PARAFFIN,Not Reported,2,Not Reported
10034743,CLOPIDOGREL BISULFATE,ANTIPLATELET THERAPY,1,5
10034743,ASPIRIN,ANTIPLATELET THERAPY,1,5
10034743,CRESTOR,DYSLIPIDAEMIA,2,Not Reported
10034743,LISINOPRIL,HYPERTENSION,2,Not Reported
10034766,CLOPIDOGREL BISULFATE,CORONARY ARTERY DISEASE,1,4
10034766,DRUG ELUTING STENT,CORONARY ARTERY DISEASE,1,Not Reported
10034766,ASPIRIN,CORONARY ARTERY DISEASE,1,5
10034766,ZOCOR,DYSLIPIDAEMIA,2,Not Reported
10034766,LISINOPRIL,HYPERTENSION,2,Not Reported
10034766,DRUG ELUTING STENT,Not Reported,2,Not Reported
10034766,ALL OTHER THERAPEUTIC PRODUCTS,Not Reported,2,Not Reported
10034784,CLOPIDOGREL BISULFATE,CORONARY ARTERY DISEASE,1,5
10034784,ASPIRIN,CORONARY ARTERY DISEASE,1,5
10034784,CRESTOR,Not Reported,2,Not Reported
10034784,LOPRESSOR,Not Reported,2,Not Reported
10034787,ADVAIR DISKUS (SERETIDE MITE) (UNKNOWN),Not Reported,2,Not Reported
10034787,LEVOTHYROXINE (LEVOTHYROXINE) (UNKNOWN),Not Reported,2,Not Reported
10034787,FUROSEMIDE (FUROSEMIDE) (UNKNOWN),Not Reported,2,Not Reported
10034787,CLOPIDOGREL (CLOPIDOGREL) (UNKNOWN),Not Reported,2,Not Reported
10034787,LISINOPRIL (LISINOPRIL) (UNKNOWN),Not Reported,2,Not Reported
10034787,PANTOPRAZOLE (PANTOPRAZOLE) (UNKNOWN),Not Reported,2,Not Reported
10034787,SIMVASTATIN (SIMVASTATIN) (UNKNOWN),Not Reported,2,Not Reported
10034787,CALCIUM (CALCIUM) (UNKNOWN),Not Reported,2,Not Reported
10034787,ALBUTEROL (SALBUTAMOL) (UNKNOWN),Not Reported,2,Not Reported
10034787,REVLIMID,MYELODYSPLASTIC SYNDROME,1,Not Reported
10034787,ZOCOR (SIMVASTATIN),Not Reported,2,Not Reported
10034787,PRILOSEC (OMEPRAZOLE),Not Reported,2,Not Reported
10034787,LASIX (FUROSEMIDE),Not Reported,2,Not Reported
10034787,PLAVIX (CLOPIDOGREL SULFATE) (UNKNOWN),Not Reported,2,Not Reported
10034787,NORCO (VICODIN) (UNKNOWN),Not Reported,2,Not Reported
10034787,MULTIVITAMINS (MULTIVITAMINS) (UNKNOWN),Not Reported,2,Not Reported
10034883,"REVLIMID (LENALIDOMIDE) (25 MILLIGRAM, CAPSULES)",PLASMA CELL MYELOMA,1,Not Reported
10034883,THALIDOMID,PLASMA CELL MYELOMA,1,Not Reported
10034883,VELCADE (BORTEZOMIB),Not Reported,2,Not Reported
10034883,CYCLOPHOSPHAMIDE,Not Reported,2,Not Reported
10034883,DEXAMETHASONE,Not Reported,2,Not Reported
10034883,VALTREX (VALACICLOVIR HYDROCHLORIDE),Not Reported,2,Not Reported
10034883,ASPIRIN (ACETYLSALICYLIC ACID),Not Reported,2,Not Reported
10034883,PLAVIX (CLOPIDOGREL SULFATE),Not Reported,2,Not Reported
10034883,MAGNESIUM,Not Reported,2,Not Reported
10035011,LANTUS,TYPE 1 DIABETES MELLITUS,1,4
10035011,RIVOTRIL,SEDATION,2,Not Reported
10035011,DAFLON,CARDIOVASCULAR DISORDER,2,Not Reported
10035011,SPIRIVA,CHRONIC OBSTRUCTIVE PULMONARY DISEASE,2,Not Reported
10035011,SIMVASTATIN,BLOOD CHOLESTEROL,2,Not Reported
10035011,ASS,ANTIPLATELET THERAPY,2,Not Reported
10035011,CLOPIDOGREL,ANTIPLATELET THERAPY,2,Not Reported
10035011,LASIX,POLYURIA,2,Not Reported
10035011,MAREVAN,ANTIPLATELET THERAPY,2,Not Reported
10035011,ANCORON,CARDIAC DISORDER,2,Not Reported
10035011,ANCORON,ARRHYTHMIA,2,Not Reported
10035011,NEBILET,CARDIAC DISORDER,2,Not Reported
10035011,THIOCTACID,DIABETIC NEUROPATHY,2,Not Reported
10035011,METFORMIN,TYPE 1 DIABETES MELLITUS,2,Not Reported
10035011,GALVUS MET,TYPE 1 DIABETES MELLITUS,2,Not Reported
10035011,NOVORAPID,TYPE 1 DIABETES MELLITUS,2,Not Reported
10035287,"REVLIMID (LENALIDOMIDE) (15 MILLIGRAM, CAPSULES)",PLASMA CELL MYELOMA,1,Not Reported
10035287,ALEVE (NAPROXEN SODIUM),Not Reported,2,Not Reported
10035287,BENGAY ULTRA STRENGTH REGULAR SIZE,Not Reported,2,Not Reported
10035287,DEXAMETHASONE (DEXAMETHASONE),Not Reported,2,Not Reported
10035287,BABY ASPIRIN (ACETYLSALICYLIC ACID),Not Reported,2,Not Reported
10035287,VITAMIN D (ERGOCALCIFEROL),Not Reported,2,Not Reported
10035287,PRAVASTATIN SODIUM (PRAVASTATIN SODIUM),Not Reported,2,Not Reported
10035287,ZANTAC (RANITIDINE HYDROCHLORIDE),Not Reported,2,Not Reported
10035287,LEXAPRO (ESCITALOPRAM OXALATE),Not Reported,2,Not Reported
10035287,PLAVIX (CLOPIDOGREL SULFATE),Not Reported,2,Not Reported
10035908,PRADAXA,PRODUCT USED FOR UNKNOWN INDICATION,1,5
10035908,CLOPIDOGREL,Not Reported,2,Not Reported
10035908,NAPROXEN,Not Reported,2,Not Reported
10036239,SODIUM CHLORIDE 0.9% WET BAXTER,DEHYDRATION,1,Not Reported
10036239,HEPARIN,PERCUTANEOUS CORONARY INTERVENTION,2,Not Reported
10036239,ASPIRIN,PERCUTANEOUS CORONARY INTERVENTION,2,Not Reported
10036239,CLOPIDOGREL,PERCUTANEOUS CORONARY INTERVENTION,2,Not Reported
10036239,VISIPAQUE,PRODUCT USED FOR UNKNOWN INDICATION,2,Not Reported
10036243,SODIUM CHLORIDE 0.9% WET BAXTER,DEHYDRATION,1,Not Reported
10036243,SODIUM CHLORIDE 0.9% WET BAXTER,Not Reported,1,Not Reported
10036243,HEPARIN,PERCUTANEOUS CORONARY INTERVENTION,2,Not Reported
10036243,ASPIRIN,PERCUTANEOUS CORONARY INTERVENTION,2,Not Reported
10036243,CLOPIDOGREL,PERCUTANEOUS CORONARY INTERVENTION,2,Not Reported
10036243,VISIPAQUE,PRODUCT USED FOR UNKNOWN INDICATION,2,Not Reported
10036251,SODIUM CHLORIDE 0.9% WET BAXTER,DEHYDRATION,1,Not Reported
10036251,HEPARIN,PERCUTANEOUS CORONARY INTERVENTION,2,Not Reported
10036251,ASPIRIN,PERCUTANEOUS CORONARY INTERVENTION,2,Not Reported
10036251,CLOPIDOGREL,PERCUTANEOUS CORONARY INTERVENTION,2,Not Reported
10036251,VISIPAQUE,PRODUCT USED FOR UNKNOWN INDICATION,2,Not Reported
10037075,JANUVIA,TYPE 2 DIABETES MELLITUS,1,Not Reported
10037075,CRESTOR,Not Reported,2,Not Reported
10037075,CLOPIDOGREL,Not Reported,2,Not Reported
10037075,BUMETANIDE,Not Reported,2,Not Reported
10037075,NEXIUM,Not Reported,2,Not Reported
10037075,GABAPENTIN,Not Reported,2,Not Reported
10037075,VALSAITAN HCT,Not Reported,2,Not Reported
10037075,ISOSORBIDE MONONITRITE,Not Reported,2,Not Reported
10037075,INVOKANA,Not Reported,2,Not Reported
10037075,JANUVIA,Not Reported,2,Not Reported
10037075,LANTUS,Not Reported,2,Not Reported
10037075,ACTONEL,Not Reported,2,Not Reported
10037075,LEVOTHYROXINE,Not Reported,2,Not Reported
10037075,RANEXA,Not Reported,2,Not Reported
10037075,NASONEX,Not Reported,2,Not Reported
10037075,ZETIA,Not Reported,2,Not Reported
10037075,SYMBICORT,Not Reported,2,Not Reported
10037075,ASPIRIN,Not Reported,2,Not Reported
10037092,REVLIMID,PLASMA CELL MYELOMA,1,Not Reported
10037092,ACYCLOVIR (ACICLOVIR) (ACICLOVIR),Not Reported,2,Not Reported
10037092,ASPIRIN (ACETYLSALICYLIC ACID),Not Reported,2,Not Reported
10037092,CIPROFLOXACIN HCL (CIPROFLOXACIN HYDROCHLORIDE),Not Reported,2,Not Reported
10037092,METOPROLOL TARTRATE(METOPROLOL TARTRATE),Not Reported,2,Not Reported
10037092,NIASPAN (NICOTINIC ACID),Not Reported,2,Not Reported
10037092,NITROGLYCERINE (GLYCERYL TRINITRATE),Not Reported,2,Not Reported
10037092,OMEPRAZOLE (OMEPRAZOLE),Not Reported,2,Not Reported
10037092,PLAVIX (CLOPIDOGREL SULFATE),Not Reported,2,Not Reported
10037092,POTASSIUM CHLORIDE (POTASSIUM CHLORIDE),Not Reported,2,Not Reported
10037345,BISOPROLOL  (BISOPROLOL),PRODUCT USED FOR UNKNOWN INDICATION,1,Not Reported
10037345,ALLOPURINOL (ALLOPURINOL),Not Reported,2,Not Reported
10037345,ASPIRIN (ACETYLSALICYLIC ACID),Not Reported,2,Not Reported
10037345,CLOPIDOGREL (CLOPIDOGREL),Not Reported,2,Not Reported
10037345,RAMIPRIL (RAMIPRIL),Not Reported,2,Not Reported
10037345,SIMVASTATIN (SIMVASTATIN),Not Reported,2,Not Reported
10037563,TARCEVA,LUNG NEOPLASM MALIGNANT,1,Not Reported
10037563,SIMVASTATIN,PRODUCT USED FOR UNKNOWN INDICATION,2,Not Reported
10037563,PLAVIX,PRODUCT USED FOR UNKNOWN INDICATION,2,Not Reported
10037563,METFORMIN,PRODUCT USED FOR UNKNOWN INDICATION,2,Not Reported
10037563,GABAPENTIN,PRODUCT USED FOR UNKNOWN INDICATION,2,Not Reported
10037563,CLOPIDOGREL,PRODUCT USED FOR UNKNOWN INDICATION,2,Not Reported
10037784,AZITHROMYCIN,Not Reported,1,Not Reported
10037784,PANTOPRAZOLE SODIUM,Not Reported,1,Not Reported
10037784,ATRIPLA,Not Reported,1,Not Reported
10037784,COTRIMOXAZOLE,ANTIFUNGAL PROPHYLAXIS,1,Not Reported
10037784,METOPROLOL,Not Reported,2,Not Reported
10037784,FLUTICASONE PROPIONATE,Not Reported,2,Not Reported
10037784,BREVA,Not Reported,2,Not Reported
10037784,LEVOTHYROXINE SODIUM,Not Reported,2,Not Reported
10037784,SIMVASTATIN,Not Reported,2,Not Reported
10037784,CLOPIDOGREL,Not Reported,2,Not Reported
10037784,CALCIUM CARBONATE/VITRAMIN D,Not Reported,2,Not Reported
10037784,HYDROXZYNE,Not Reported,2,Not Reported
10037784,PAROXETINE,Not Reported,2,Not Reported
10037964,"REVLIMID (LENALIDOMIDE) (10 MILLIGRAM, CAPSULES)",PLASMA CELL MYELOMA,1,Not Reported
10037964,"REVLIMID (LENALIDOMIDE) (10 MILLIGRAM, CAPSULES)",MONOCLONAL GAMMOPATHY,1,Not Reported
10037964,METOPROLOL (METOPROLOL),Not Reported,2,Not Reported
10037964,PLAVIX (CLOPIDOGREL SULFATE),Not Reported,2,Not Reported
10037964,LASIX (FUROSEMIDE),Not Reported,2,Not Reported
10037964,ASPIRIN (ACETYLSALICYLIC ACID),Not Reported,2,Not Reported
10037964,LOMOTIL (LOMOTIL),Not Reported,2,Not Reported
10037964,VITAMIN D (ERGOCALCIFEROL),Not Reported,2,Not Reported
10037964,PRILOSEC (OMEPRAZOLE),Not Reported,2,Not Reported
10037964,AMBIEN (ZOLPIDEM TARTRATE),Not Reported,2,Not Reported
10037964,NEURONTIN (GABAPENTIN),Not Reported,2,Not Reported
10037964,TRADJENTA (LINAGLIPTIN),Not Reported,2,Not Reported
10037964,TERAZOSIN (TERAZOSIN),Not Reported,2,Not Reported
10037964,DECADRON (DEXAMETHASONE),Not Reported,2,Not Reported
10037964,COUMADIN (WARFARIN SODIUM),Not Reported,2,Not Reported
10037964,TYLENOL (PARACETAMOL),Not Reported,2,Not Reported
10037964,PROVENTIL (SALBUTAMOL SULFATE) (SOLUTION),Not Reported,2,Not Reported
10037965,ACTONEL,OSTEOPOROSIS,1,Not Reported
10037965,DAONIL (GLIBENCLAMIDE),Not Reported,2,Not Reported
10037965,AMLODIPINE BESILATE,Not Reported,2,Not Reported
10037965,IMIDAPRIL HYDROCHLORIDE (IMIDAPRIL HYDROCHLORIDE),Not Reported,2,Not Reported
10037965,PLAVIX (CLOPIDOGREL BISULFATE),Not Reported,2,Not Reported
10037965,SEIBULE (MIGLITOL),Not Reported,2,Not Reported
10038176,REVLIMID,MYELODYSPLASTIC SYNDROME,1,Not Reported
10038176,CEPHALEXIN,Not Reported,2,Not Reported
10038176,ERYTHROMYCIN,Not Reported,2,Not Reported
10038176,NYSTATIN,Not Reported,2,Not Reported
10038176,AMIDARONE,Not Reported,2,Not Reported
10038176,SODIUM CHLORIDE,Not Reported,2,Not Reported
10038176,HYDROCORTISONE,Not Reported,2,Not Reported
10038176,ATORVASTATIN,Not Reported,2,Not Reported
10038176,FLUDROCORTISONE,Not Reported,2,Not Reported
10038176,PANTOPRAZOLE,Not Reported,2,Not Reported
10038176,PREDNISONE,Not Reported,2,Not Reported
10038176,CLOPIDOGREL,Not Reported,2,Not Reported
10038176,ALLOPURINOL,Not Reported,2,Not Reported
10038176,FUROSEMIDE,Not Reported,2,Not Reported
10038176,AZITHROMYCIN,Not Reported,2,Not Reported
10038176,METOPROLOL,Not Reported,2,Not Reported
10038176,PLAVIX,Not Reported,2,Not Reported
10038176,FOLIC ACID,Not Reported,2,Not Reported
10038176,PROTONIX,Not Reported,2,Not Reported
10038176,LIPITOR,Not Reported,2,Not Reported
10038176,POTASSIUM,Not Reported,2,Not Reported
10038176,MELATONIN,Not Reported,2,Not Reported
10038545,"REVLIMID (LENALIDOMIDE) (10 MILLIGRAM, CAPSULES)",PLASMA CELL MYELOMA RECURRENT,1,Not Reported
10038545,TYLENOL (PARACETAMOL) (TABLETS),Not Reported,2,Not Reported
10038545,AMBIEN (ZOLPIDEM TARTRATE) (TABLETS),Not Reported,2,Not Reported
10038545,CHILDREN^S ASPIRIN (ACETYLSALICYLIC ACID) (CHEWABLE TABLET),Not Reported,2,Not Reported
10038545,BACTRIM DS (BACTRIM) (TABLETS),Not Reported,2,Not Reported
10038545,CITRACAL + VITAMIN D3 (CITRACAL + D) (TABLETS),Not Reported,2,Not Reported
10038545,PLAVIX (CLOPIDOGREL SULFATE) (TABLETS),Not Reported,2,Not Reported
10038545,COREG (CARVEDILOL),Not Reported,2,Not Reported
10038545,LISINOPROL (LISINOPRIL) TABLETS,Not Reported,2,Not Reported
10038545,LOVASTATIN (LOVASTATIN) (TABLETS),Not Reported,2,Not Reported
10038545,MIRALAX (MACROGOL),Not Reported,2,Not Reported
10038545,MULTIVITAMINS (MULTIVITAMINS) (TABLETS),Not Reported,2,Not Reported
10038545,OMEPRAZOLE (OMEPRAZOLE) (CAPSULES),Not Reported,2,Not Reported
10038545,OXYCODONE (OXYCODONE) (TABLETS),Not Reported,2,Not Reported
10038545,SENOKOT (SENNA FRUIT) (TABLETS),Not Reported,2,Not Reported
10038545,XANAX (ALPRAZOLAM) (TABLETS),Not Reported,2,Not Reported
10038545,FUROSEMIDE (FUROSEMIDE) (TABLETS),Not Reported,2,Not Reported
10038545,DEXAMETHASONE (DEXAMETHASONE),Not Reported,2,Not Reported
10038581,"REVLIMID (LENALIDOMIDE) (10 MILLIGRAM, CAPSULES)",PLASMA CELL MYELOMA,1,Not Reported
10038581,DIAZEPAM (DIAZEPAM),Not Reported,2,Not Reported
10038581,DEXAMETHASONE (DEXAMETHASONE),Not Reported,2,Not Reported
10038581,NITROSTAT (GLYCERYL TRINITRATE),Not Reported,2,Not Reported
10038581,LYRICA (PREGABALIN),Not Reported,2,Not Reported
10038581,ONDANSETRON (ONDANSETRON),Not Reported,2,Not Reported
10038581,LANSOPRAZOLE (LANSOPRAZOLE),Not Reported,2,Not Reported
10038581,LISINOPRIL (LISINOPRIL),Not Reported,2,Not Reported
10038581,METOPROLOL (METOPROLOL),Not Reported,2,Not Reported
10038581,OMEPRAZOLE (OMEPRAZOLE),Not Reported,2,Not Reported
10038581,HYDROMORPHONE (HYDROMORPHONE),Not Reported,2,Not Reported
10038581,ENOXAPARIN (ENOXAPARIN),Not Reported,2,Not Reported
10038581,IBUPROFEN (IBUPROFEN),Not Reported,2,Not Reported
10038581,CEFUROXIME (CEFUROXIME),Not Reported,2,Not Reported
10038581,OXYCONTIN (OXYCODONE HYDROCHLORIDE),Not Reported,2,Not Reported
10038581,PLAVIX (CLOPIDOGREL SULFATE),Not Reported,1,Not Reported
10038581,ASA (ACETYLSALICYLIC ACID),Not Reported,2,Not Reported
10038581,CLARITHROMYCIN (CLARITHROMYCIN),Not Reported,2,Not Reported
10038581,GABAPENTIN (GABAPENTIN),Not Reported,2,Not Reported
10038581,PRAVASTATIN (PRAVASTATIN),Not Reported,2,Not Reported
10038581,ZYRTEC (CETIRIZINE HYDROCHLORIDE),Not Reported,2,Not Reported
10038581,TYLENOL (PARACETAMOL),Not Reported,2,Not Reported
10038581,MULTIVITAMINS (MULTIVITAMINS),Not Reported,2,Not Reported
10038581,VITAMIN D (ERGOCALCIFEROL),Not Reported,2,Not Reported
10038621,REVLIMID,PLASMA CELL MYELOMA,1,Not Reported
10038621,DECADRON (DEXAMETHASONE),Not Reported,2,Not Reported
10038621,COUMADIN (WARFARIN SODIUM),Not Reported,2,Not Reported
10038621,ASA (ACETYLSALICYLIC ACID),Not Reported,2,Not Reported
10038621,ZOCOR (SIMVASTATIN),Not Reported,2,Not Reported
10038621,PLAVIX (CLOPIDOGREL SULFATE),Not Reported,2,Not Reported
10038621,VELCADE (BORTEZOMIB),Not Reported,2,Not Reported
10038621,TOPROL XL (METOPROLOL SUCCINATE),Not Reported,2,Not Reported
10038624,REVLIMID (LENALIDOMIDE) (CAPSULES),PLASMA CELL MYELOMA,1,Not Reported
10038624,ASPIRIN (ACETYLSALICYLIC ACID),Not Reported,2,Not Reported
10038624,COZAAR (LOSARTAN POTASSIUM),Not Reported,2,Not Reported
10038624,IBUPROFEN,Not Reported,2,Not Reported
10038624,LASIX (FUROSEMIDE),Not Reported,2,Not Reported
10038624,PLAVIX (CLOPIDOGREL SULFATE),Not Reported,2,Not Reported
10038624,POTASSIUM,Not Reported,2,Not Reported
10038624,TYLENOL (PARACETAMOL),Not Reported,2,Not Reported
10038624,ZANTAC (RANITIDINE HYDROCHLORIDE),Not Reported,2,Not Reported
10038629,ASPIRIN (ACETYLSALICYLIC ACID),Not Reported,2,Not Reported
10038629,VITAMIN C (ASCORBIC ACID),Not Reported,2,Not Reported
10038629,FISH OIL,Not Reported,2,Not Reported
10038629,DEXAMETHASONE,Not Reported,2,Not Reported
10038629,FUROSEMIDE,Not Reported,2,Not Reported
10038629,POTASSIUM CHLORIDE,Not Reported,2,Not Reported
10038629,SIMVASTATIN,Not Reported,2,Not Reported
10038629,XARELTO (RIVAROXABAN),Not Reported,2,Not Reported
10038629,PROTONIX,Not Reported,2,Not Reported
10038629,GLUCOSAMINE CHONDROITIN,Not Reported,2,Not Reported
10038629,VITAMIN B12 (CYANOCOBALAMIN),Not Reported,2,Not Reported
10038629,MVI,Not Reported,2,Not Reported
10038629,REVLIMID,PLASMA CELL MYELOMA,1,Not Reported
10038629,FLUTICASONE,Not Reported,2,Not Reported
10038629,TRAMADOL,Not Reported,2,Not Reported
10038629,DIGOXIN,Not Reported,2,Not Reported
10038629,HCTZ (HYDROCHLOROTHIAZIDE),Not Reported,2,Not Reported
10038629,METOPROLOL,Not Reported,2,Not Reported
10038629,METANX,Not Reported,2,Not Reported
10038629,PLAVIX (CLOPIDOGREL SULFATE),Not Reported,2,Not Reported
10038643,"REVLIMID (LENALIDOMIDE) (25 MILLIGRAM, CAPSULES)",PLASMA CELL MYELOMA,1,Not Reported
10038643,MAG-OXIDE (MAGNESIUM OXIDE),Not Reported,2,Not Reported
10038643,PLAVIX (CLOPIDOGREL SULFATE),Not Reported,2,Not Reported
10038643,PROTONIX (PANTOPRAZOLE SODIUM),Not Reported,2,Not Reported
10038643,LASIX (FUROSEMIDE),Not Reported,2,Not Reported
10038643,MEGACE (MEGESTROL ACETATE),Not Reported,2,Not Reported
10038643,COREG (CARVEDILOL),Not Reported,2,Not Reported
10038643,KCL (POTASSIUM CHLORIDE),Not Reported,2,Not Reported
10038643,CRESTOR (ROSUVASTATIN),Not Reported,2,Not Reported
10038643,ASPIRIN (ACETYLSALICYLIC ACID),Not Reported,2,Not Reported
10038643,DEXAMETHASONE,Not Reported,2,Not Reported
10038643,FUROSEMIDE,Not Reported,2,Not Reported
10038643,KLOR-CON (POTASSIUM CHLORIDE),Not Reported,2,Not Reported
10038643,LISINOPRIL,Not Reported,2,Not Reported
10038643,PANTOPRAZOLE,Not Reported,2,Not Reported
10038643,PERCOCET (OXYCOCET),Not Reported,2,Not Reported
10038643,RANEXA (RANOLAZINE),Not Reported,2,Not Reported
10038643,SPIRONOLACTONE,Not Reported,2,Not Reported
10038643,SUCRALFATE,Not Reported,2,Not Reported
10038643,MIRALAX (MACROGOL),Not Reported,2,Not Reported
10038735,ATORVASTATIN,Not Reported,2,Not Reported
10038735,CLOPIDOGREL,Not Reported,1,1
10038735,ACETYLSALICYLIC ACID({=100 MG),Not Reported,1,2
10038735,DILTIAZEM.,Not Reported,2,Not Reported
10038735,PRASUGREL.,Not Reported,2,Not Reported
10038765,ACETYLSALICYLIC ACID({=100 MG),THROMBOSIS PROPHYLAXIS,1,Not Reported
10038765,CLOPIDOGREL SULFATE,THROMBOSIS PROPHYLAXIS,3,Not Reported
10038765,CLOPIDOGREL SULFATE,CEREBELLAR INFARCTION,3,Not Reported
10038765,ARGATROBAN,Not Reported,3,Not Reported
10038765,RT-PA,EMBOLISM,3,Not Reported
10039022,SODIUM CHLORIDE 0.9% WET BAXTER,DEHYDRATION,1,Not Reported
10039022,HEPARIN,PERCUTANEOUS CORONARY INTERVENTION,2,Not Reported
10039022,ASPIRIN,PERCUTANEOUS CORONARY INTERVENTION,2,Not Reported
10039022,CLOPIDOGREL,PERCUTANEOUS CORONARY INTERVENTION,2,Not Reported
10039022,VISIPAQUE,PRODUCT USED FOR UNKNOWN INDICATION,2,Not Reported
10039031,SODIUM CHLORIDE 0.9% WET BAXTER,DEHYDRATION,1,Not Reported
10039031,HEPARIN,PERCUTANEOUS CORONARY INTERVENTION,2,Not Reported
10039031,ASPIRIN,PERCUTANEOUS CORONARY INTERVENTION,2,Not Reported
10039031,CLOPIDOGREL,PERCUTANEOUS CORONARY INTERVENTION,2,Not Reported
10039031,VISIPAQUE,PRODUCT USED FOR UNKNOWN INDICATION,2,Not Reported
10039039,SODIUM CHLORIDE 0.9% WET BAXTER,DEHYDRATION,1,Not Reported
10039039,HEPARIN,PERCUTANEOUS CORONARY INTERVENTION,2,Not Reported
10039039,ASPIRIN,PERCUTANEOUS CORONARY INTERVENTION,2,Not Reported
10039039,CLOPIDOGREL,PERCUTANEOUS CORONARY INTERVENTION,2,Not Reported
10039039,VISIPAQUE,PRODUCT USED FOR UNKNOWN INDICATION,2,Not Reported
10039054,SODIUM CHLORIDE 0.9% WET BAXTER,DEHYDRATION,1,Not Reported
10039054,HEPARIN,PERCUTANEOUS CORONARY INTERVENTION,2,Not Reported
10039054,ASPIRIN,PERCUTANEOUS CORONARY INTERVENTION,2,Not Reported
10039054,CLOPIDOGREL,PERCUTANEOUS CORONARY INTERVENTION,2,Not Reported
10039054,VISIPAQUE,PRODUCT USED FOR UNKNOWN INDICATION,2,Not Reported
10039082,"REVLIMID (LENALIDOMIDE) (5 MILLIGRAM, CAPSULES)",5Q MINUS SYNDROME,1,Not Reported
10039082,ASPIRINE (ACETYLSALICYLIC ACID),Not Reported,2,Not Reported
10039082,DIOVAN (VALSARTAN),Not Reported,2,Not Reported
10039082,PLAVIX (CLOPIDOGREL SULFATE),Not Reported,2,Not Reported
10039082,TOPROL (METOPROLOL SUCCINATE),Not Reported,2,Not Reported
10039082,ZOFRAN (ONDANSETRON HYDROCHLORIDE),Not Reported,2,Not Reported
10039082,SIMVASTATIN (SIMVASTATIN),Not Reported,2,Not Reported
10039419,BISOPROLOL,Not Reported,1,5
10039419,ALLOPURINOL,Not Reported,2,5
10039419,ASPIRIN,Not Reported,2,5
10039419,CLOPIDOGREL,Not Reported,2,5
10039419,RAMIPRIL,Not Reported,2,5
10039419,SIMVASTATIN,Not Reported,2,5
10039678,GABAPENTIN,NEURALGIA,1,1
10039678,CLOPIDOGREL,Not Reported,2,Not Reported
10039678,AMLODIPINE,Not Reported,2,Not Reported
10039678,HYDRALAZINE,Not Reported,2,Not Reported
10039678,METOPROLOL,Not Reported,2,Not Reported
10039678,CLONIDINE,Not Reported,2,Not Reported
10039678,ATORVASTATIN,Not Reported,2,Not Reported
10039678,OXYCODONE,Not Reported,2,Not Reported
10039678,HYDROMORPHONE,Not Reported,2,Not Reported
10039678,SEVELAMER,Not Reported,2,Not Reported
10039678,LANTHANUM CARBONATE,Not Reported,2,Not Reported
10039678,INSULIN GLARGINE,Not Reported,2,Not Reported
10039678,VANCOMYCIN,Not Reported,2,Not Reported
10039678,PIPERACILLIN W/TAZOBACTAM          /01606301/,Not Reported,2,Not Reported
10039740,CLOPIDOGREL HYDROCHLORIDE,CEREBROVASCULAR ACCIDENT,1,1
10039740,PANTOPRAZOLE SODIUM,PRODUCT USED FOR UNKNOWN INDICATION,2,Not Reported
10039740,TAMSULOSIN HYDROCHLORIDE,PRODUCT USED FOR UNKNOWN INDICATION,2,Not Reported
10039740,TAMSULOSIN HYDROCHLORIDE,BENIGN PROSTATIC HYPERPLASIA,2,Not Reported
10039740,VERAPAMIL HYDROCHLORIDE,BENIGN PROSTATIC HYPERPLASIA,2,Not Reported
10039740,TELMISARTAN,BENIGN PROSTATIC HYPERPLASIA,2,Not Reported
10039930,REMICADE,RHEUMATOID ARTHRITIS,1,1
10039930,PANTOPRAZOLE SODIUM,Not Reported,2,Not Reported
10039930,ZOCOR,Not Reported,2,Not Reported
10039930,FOLGARD (FABB),Not Reported,2,Not Reported
10039930,CLOPIDOGREL BISULFATE,Not Reported,2,Not Reported
10039930,ALENDRONATE SODIUM,Not Reported,2,Not Reported
10039930,CALCIUM,Not Reported,2,Not Reported
10039930,VITAMIN D3,Not Reported,2,Not Reported
10039930,ZESTORETIC,Not Reported,2,Not Reported
10039930,VITAMIN B12,Not Reported,2,Not Reported
10039930,VITAMIN C,Not Reported,2,Not Reported
10039930,ASA,Not Reported,2,Not Reported
10039956,REMICADE,ANKYLOSING SPONDYLITIS,1,1
10039956,NOOTROPIL,Not Reported,2,Not Reported
10039956,CLOPIDOGREL,Not Reported,2,Not Reported
10039956,NOLPAZA,Not Reported,2,Not Reported
10039956,SOLU-MEDROL,PREMEDICATION,2,Not Reported
10039956,ETORICOXIB,ANKYLOSING SPONDYLITIS,2,Not Reported
10040037,IBRUTINIB,Not Reported,1,4
10040037,IBRUTINIB,MANTLE CELL LYMPHOMA,1,4
10040037,ASA,CORONARY ARTERY DISEASE,2,Not Reported
10040037,BISOPROLOL,METABOLIC SYNDROME,2,Not Reported
10040037,BISOPROLOL,CORONARY ARTERY DISEASE,2,Not Reported
10040037,ENALAPRIL,METABOLIC SYNDROME,2,Not Reported
10040037,ENALAPRIL,CORONARY ARTERY DISEASE,2,Not Reported
10040037,SIMVASTATIN,METABOLIC SYNDROME,2,Not Reported
10040037,SIMVASTATIN,CORONARY ARTERY DISEASE,2,Not Reported
10040037,INFLANEFRAN,RETINOPATHY,2,Not Reported
10040037,NOVALGIN,PROPHYLAXIS,2,Not Reported
10040037,PROTAPHANE,DIABETES MELLITUS,2,Not Reported
10040037,ISOPHANE INSULIN,DIABETES MELLITUS,2,Not Reported
10040037,INSULIN,DIABETES MELLITUS,2,Not Reported
10040037,LANTUS,DIABETES MELLITUS,2,Not Reported
10040037,CLOPIDOGREL,CORONARY ARTERY DISEASE,2,Not Reported
10040037,CLOPIDOGREL,MYOCARDIAL INFARCTION,2,Not Reported
10040037,PANTOZOL,PROPHYLAXIS,2,Not Reported
10040146,LEVETIRACETAM,CONVULSION,1,3
10040146,LEVETIRACETAM,PROPHYLAXIS,1,3
10040146,FOLFIRINOX,PANCREATIC CARCINOMA,1,1
10040146,INVESTIGATIONAL DRUG,PANCREATIC CARCINOMA,1,1
10040146,MARINOL /00897601/,Not Reported,2,Not Reported
10040146,ALBUTEROL,Not Reported,2,Not Reported
10040146,ASPIRIN,Not Reported,2,Not Reported
10040146,ATORVASTATIN,Not Reported,2,Not Reported
10040146,NITROSTAT,Not Reported,2,Not Reported
10040146,CLOPIDOGREL,Not Reported,2,Not Reported
10040146,HYDROCODONE + ACETAMINOPHEN,Not Reported,2,Not Reported
10040146,LOSARTAN,Not Reported,2,Not Reported
10040146,SYMBICORT,Not Reported,2,Not Reported
10040146,LOVENOX,Not Reported,2,Not Reported
10040146,TERAZOSIN,Not Reported,2,Not Reported
10040146,CALCIUM,Not Reported,2,Not Reported
10040534,LEVOFLOXACINA,BRONCHITIS,1,5
10040534,AMLODIPINE,PRODUCT USED FOR UNKNOWN INDICATION,2,5
10040534,ACETYLSALICYLIC ACID,PRODUCT USED FOR UNKNOWN INDICATION,2,5
10040534,CLOPIDOGREL,PRODUCT USED FOR UNKNOWN INDICATION,2,5
10040534,ATORVASTATIN,PRODUCT USED FOR UNKNOWN INDICATION,2,5
10041008,AMIODARONE HYDROCHLORIDE,ARRHYTHMIA,1,Not Reported
10041008,AMIODARONE HYDROCHLORIDE,VENTRICULAR EXTRASYSTOLES,1,Not Reported
10041008,OMEPRAZOLE,PROPHYLAXIS,1,5
10041008,CLOPIDOGREL BISULFATE,PROPHYLAXIS,1,5
10041008,ASPIRIN,PROPHYLAXIS,1,5
10041008,HYDROCHLOROTHIAZIDE/IRBESARTAN,Not Reported,2,Not Reported
10041008,AMLODIPINE BESILATE,Not Reported,2,Not Reported
10041008,ACARBOSE,Not Reported,2,Not Reported
10041008,GLICLAZIDE,Not Reported,2,Not Reported
10041008,METFORMIN,Not Reported,2,Not Reported
10041008,ISOSORBIDE MONONITRATE,Not Reported,2,Not Reported
10041194,WARFARIN,PERIPHERAL VASCULAR DISORDER,1,Not Reported
10041194,CLOPIDOGREL,Not Reported,1,Not Reported
10041320,LANTUS,TYPE 2 DIABETES MELLITUS,1,4
10041320,CLIKSTAR,DEVICE THERAPY,2,Not Reported
10041320,BISOPROLOL,HYPERTENSION,2,Not Reported
10041320,SIMVASTATIN,BLOOD CHOLESTEROL,2,Not Reported
10041320,GLUCOVANCE,TYPE 2 DIABETES MELLITUS,2,Not Reported
10041320,AAS INFANTIL,THROMBOSIS PROPHYLAXIS,2,Not Reported
10041320,CLOPIDOGREL,THROMBOSIS PROPHYLAXIS,2,Not Reported
10041320,RAMIPRIL,HYPERTENSION,2,Not Reported
10041505,OLMETEC TABLETS 20MG,HYPERTENSION,1,1
10041505,BLINDED CLOPIDOGREL,ISCHAEMIC STROKE,1,1
10041505,BLINDED CS-747S,ISCHAEMIC STROKE,1,1
10041505,LIVALO,DYSLIPIDAEMIA,2,Not Reported
10041505,REBAMIPIDE,GASTRITIS PROPHYLAXIS,2,Not Reported
10041505,AMLODIPINE,HYPERTENSION,2,Not Reported
10041505,VOLTAREN                           /00372301/,LUMBAR SPINAL STENOSIS,2,Not Reported
10041612,CLOPIDOGREL BISULFATE,ARTERIOSCLEROSIS,1,5
10041629,CHLORAPREP (2% CHG/70% IPA) WITH FD + C YELLOW# 6,THERAPEUTIC SKIN CARE TOPICAL,1,Not Reported
10041629,CLINELL 2% WIPE,Not Reported,2,Not Reported
10041629,ALFACALCIDOL,Not Reported,2,Not Reported
10041629,ALUMINIUM HYDROXIDE,Not Reported,2,Not Reported
10041629,ASPIRIN,Not Reported,2,Not Reported
10041629,ATENOLOL,Not Reported,2,Not Reported
10041629,CLOPIDOGREL,Not Reported,2,Not Reported
10041629,LANTHANUM,Not Reported,2,Not Reported
10041629,LOSARTAN,Not Reported,2,Not Reported
10041629,NIFEDIPINE,Not Reported,2,Not Reported
10041629,OMACOR,Not Reported,2,Not Reported
10041629,ROSUVASTATIN,Not Reported,2,Not Reported
10041629,SODIUM BICARBONATE,Not Reported,2,Not Reported
10042014,ELIQUIS,Not Reported,1,Not Reported
10042014,WARFARIN SODIUM,Not Reported,1,Not Reported
10042014,CLOPIDOGREL BISULFATE,Not Reported,1,Not Reported
10042375,LANTUS,DIABETES MELLITUS,2,5
10042375,CLOPIDOGREL,BLOOD CHOLESTEROL,2,5
10042375,EXELON PATCH,DEMENTIA ALZHEIMER^S TYPE,1,5
10042375,SOMALGIN,CARDIOMYOPATHY,2,5
10042392,CLOPIDOGREL (UNKNOWN),PRODUCT USED FOR UNKNOWN INDICATION,1,Not Reported
10042392,ACETYLSALICYLIC ACID (UNKNOWN),PRODUCT USED FOR UNKNOWN INDICATION,1,Not Reported
10042392,DOXAZOSIN MESYLATE,PRODUCT USED FOR UNKNOWN INDICATION,2,Not Reported
10042392,ISOSORBIDE MONONITRATE,PRODUCT USED FOR UNKNOWN INDICATION,2,Not Reported
10042392,BISOPROLOL FUMARATE,PRODUCT USED FOR UNKNOWN INDICATION,2,Not Reported
10042392,FUROSEMIDE,PRODUCT USED FOR UNKNOWN INDICATION,2,Not Reported
10042392,NITROGLYCERIN,PRODUCT USED FOR UNKNOWN INDICATION,2,Not Reported
10042392,ROSUVASTATIN ASTRAZENECA,PRODUCT USED FOR UNKNOWN INDICATION,2,Not Reported
10042501,PACLITAXEL,Not Reported,1,5
10042501,ROSUVASTATIN,Not Reported,1,5
10042501,EZETIMIBE,Not Reported,1,5
10042501,GEMFIBROZIL,HYPERLIPIDAEMIA,2,5
10042501,RAMIPRIL,HYPERTENSION,2,5
10042501,CLOPIDOGREL,ANTIPLATELET THERAPY,2,5
10042501,ASPIRIN,ANTIPLATELET THERAPY,2,5
10042530,CLOPIDOGREL,PRODUCT USED FOR UNKNOWN INDICATION,1,Not Reported
10042530,ASPIRIN,PRODUCT USED FOR UNKNOWN INDICATION,1,Not Reported
10042530,INSULIN GLARGINE (INSULIN GLARGINE),Not Reported,2,Not Reported
10042530,LISINOPRIL (LISINOPRIL),Not Reported,2,Not Reported
10042530,GLYBURIDE (GLIBENCLAMIDE),Not Reported,2,Not Reported
10042530,LISPRO INSULIN (INSULIN LISPRO),Not Reported,2,Not Reported
10042530,ROSUVASTATIN (ROSUVASTATIN),Not Reported,2,Not Reported
10042666,GABAPENTIN,NEURALGIA,1,Not Reported
10042666,GABAPENTIN,OFF LABEL USE,1,Not Reported
10042666,CLOPIDOGREL,Not Reported,2,Not Reported
10042666,AMLODIPINE,Not Reported,2,Not Reported
10042666,HYDALAZINE,Not Reported,2,Not Reported
10042666,METOPROLOL,Not Reported,2,Not Reported
10042666,CLONIDINE,Not Reported,2,Not Reported
10042666,ATORVASTATIN,Not Reported,2,Not Reported
10042666,OXYCODONE,Not Reported,2,Not Reported
10042666,HYDROMORPHONE,Not Reported,2,Not Reported
10042666,SEVELAMER,Not Reported,2,Not Reported
10042666,LANTHANUM CARBONATE,Not Reported,2,Not Reported
10042666,INSULIN GLARGINE,Not Reported,2,Not Reported
10042666,VANCOMYCIN,Not Reported,2,Not Reported
10042666,PIPERACILLIN W/TAZOBACTAM,Not Reported,2,Not Reported
10042960,FUROSEMIDE.,HYPERTENSION,2,Not Reported
10042960,VINCRISTINE,B-CELL LYMPHOMA,1,5
10042960,CHLORPHENIRAMINE.,Not Reported,2,Not Reported
10042960,PARACETAMOL,Not Reported,2,Not Reported
10042960,CLOPIDOGREL,CARDIAC DISORDER,2,Not Reported
10042960,ATORVASTATIN,CARDIAC DISORDER,2,Not Reported
10042960,PYRIDOXINE,HYPERTENSION,2,Not Reported
10042960,GABAPENTIN.,ANALGESIC THERAPY,2,Not Reported
10042960,PREDNISOLONE.,B-CELL LYMPHOMA,1,5
10042960,BISOPROLOL,HYPERTENSION,2,Not Reported
10042960,RITUXIMAB.,B-CELL LYMPHOMA,1,5
10042960,SIMVASTATIN.,HYPERCHOLESTEROLAEMIA,2,Not Reported
10042960,ENOXAPARIN,PROPHYLAXIS,2,Not Reported
10042960,ASPIRIN.,CARDIAC DISORDER,2,Not Reported
10042960,LINAGLIPTIN,TYPE 2 DIABETES MELLITUS,2,Not Reported
10042960,CYCLOPHOSPHAMIDE.,B-CELL LYMPHOMA,1,5
10042960,MEROPENEM.,Not Reported,2,Not Reported
10042960,RAMIPRIL.,CARDIAC DISORDER,2,Not Reported
10043209,CLOPIDOGREL FILM COATED TABLET 75 MG,STENT PLACEMENT,1,1
10043209,WARFARIN,ATRIAL FIBRILLATION,1,1
10043209,ASPIRIN,PRODUCT USED FOR UNKNOWN INDICATION,2,5
10043209,ATORVASTATIN,PRODUCT USED FOR UNKNOWN INDICATION,2,5
10043209,BISOPROLOL,PRODUCT USED FOR UNKNOWN INDICATION,2,5
10043209,DIGOXIN,PRODUCT USED FOR UNKNOWN INDICATION,2,5
10043209,FUROSEMIDE,PRODUCT USED FOR UNKNOWN INDICATION,2,5
10043209,PERINDOPRIL,PRODUCT USED FOR UNKNOWN INDICATION,2,5
10043209,RANITIDINE,PRODUCT USED FOR UNKNOWN INDICATION,2,5
10043209,SPIRONOLACTONE,PRODUCT USED FOR UNKNOWN INDICATION,2,5
10043553,SIMVASTATIN,PRODUCT USED FOR UNKNOWN INDICATION,1,5
10043553,ADCAL,PRODUCT USED FOR UNKNOWN INDICATION,2,Not Reported
10043553,AMLODIPINE,PRODUCT USED FOR UNKNOWN INDICATION,2,Not Reported
10043553,AMOXICILLIN,PRODUCT USED FOR UNKNOWN INDICATION,2,Not Reported
10043553,BENDROFLUMETHIAZIDE,PRODUCT USED FOR UNKNOWN INDICATION,2,Not Reported
10043553,BISOPROLOL,PRODUCT USED FOR UNKNOWN INDICATION,2,Not Reported
10043553,CLOPIDOGREL,PRODUCT USED FOR UNKNOWN INDICATION,2,Not Reported
10043553,ETORICOXIB,PRODUCT USED FOR UNKNOWN INDICATION,2,Not Reported
10043553,FERROUS SULPHATE,PRODUCT USED FOR UNKNOWN INDICATION,2,Not Reported
10043553,LANSOPRAZOLE,PRODUCT USED FOR UNKNOWN INDICATION,2,Not Reported
10043553,NITROFURANTOIN,PRODUCT USED FOR UNKNOWN INDICATION,2,Not Reported
10043553,TRIMETHOPRIM,PRODUCT USED FOR UNKNOWN INDICATION,2,Not Reported
10043630,BISOPROLOL,Not Reported,1,5
10043630,ALLOPURINOL,Not Reported,2,Not Reported
10043630,ASPIRIN,Not Reported,2,Not Reported
10043630,CLOPIDOGREL,Not Reported,2,Not Reported
10043630,RAMIPRIL,Not Reported,2,Not Reported
10043630,SIMVASTATIN,Not Reported,2,Not Reported
10043767,METOPROLOL,PRODUCT USED FOR UNKNOWN INDICATION,1,Not Reported
10043767,CLOPIDOGREL,PRODUCT USED FOR UNKNOWN INDICATION,1,Not Reported
10043767,ISOSORBIDE MONONITRATE,PRODUCT USED FOR UNKNOWN INDICATION,1,Not Reported
10044384,ACETYLSALICYLIC ACID (} 100 MG),CORONARY ARTERY DISEASE,1,Not Reported
10044384,CLOPIDOGREL,Not Reported,3,Not Reported
10044388,FABRAZYME,FABRY^S DISEASE,1,4
10044388,SALBUTAMOL,Not Reported,2,Not Reported
10044388,PHENYTOIN,Not Reported,2,Not Reported
10044388,CLOPIDOGREL,Not Reported,2,Not Reported
10044388,ATORVASTATIN,Not Reported,2,Not Reported
10044388,CANDESARTAN,Not Reported,2,Not Reported
10044388,FLUTICASONE,Not Reported,2,Not Reported
10044388,TRIMEBUTINE,Not Reported,2,Not Reported
10044388,FOLIC ACID,Not Reported,2,Not Reported
10044575,ACETYLSALICYLIC ACID({=100 MG),ANTIPLATELET THERAPY,1,Not Reported
10044575,CLOPIDOGREL,ANTIPLATELET THERAPY,1,Not Reported
10045149,CLOPIDOGREL,CEREBROVASCULAR ACCIDENT,1,4
10045149,PREDNISONE,TAKAYASU^S ARTERITIS,1,2
10045149,AZATHIOPRINE,PRODUCT USED FOR UNKNOWN INDICATION,1,1
10045149,ASPIRIN,CEREBROVASCULAR ACCIDENT,1,3
10045149,GAMMA GLOBULIN,IMMUNODEFICIENCY COMMON VARIABLE,1,5
10045149,SIMVASTATIN,Not Reported,2,Not Reported
10045237,INEXIUM,Not Reported,1,1
10045237,RULID,Not Reported,2,Not Reported
10045237,CALCIPARINE,Not Reported,2,Not Reported
10045237,DISCOTRINE,Not Reported,2,Not Reported
10045237,LAROXYL,Not Reported,2,Not Reported
10045237,NICORANDIL,Not Reported,2,Not Reported
10045237,ROCEPHINE,Not Reported,2,Not Reported
10045237,PARACETAMOL,Not Reported,2,Not Reported
10045237,CLOPIDOGREL,Not Reported,1,1
10045237,BISOPROLOL,Not Reported,2,Not Reported
10045237,AUGMENTIN,Not Reported,2,Not Reported
10045237,KARDEGIC,Not Reported,1,1
10045237,LASILIX,Not Reported,2,Not Reported
10045328,"REVLIMID (LENALIDOMIDE) (15 MILLIGRAM, CAPSULES)",B-CELL LYMPHOMA STAGE IV,1,Not Reported
10045328,WARFARIN,Not Reported,2,Not Reported
10045328,CARDURA (DOXAZOSIN MESILATE),Not Reported,2,Not Reported
10045328,LIPITOR (ATORVASTATIN),Not Reported,2,Not Reported
10045328,ZETIA (EZETIMIBE),Not Reported,2,Not Reported
10045328,ACYCLOVIR (ACICLOVIR),Not Reported,2,Not Reported
10045328,ISOSORBIDE MONONITRATE,Not Reported,2,Not Reported
10045328,NEURONTIN (GABAPENTIN),Not Reported,2,Not Reported
10045328,OXYCONTIN (OXYCODONE HYDROCHLORIDE),Not Reported,2,Not Reported
10045328,PAXIL (PAROXETINE HYDROCHLORIDE),Not Reported,2,Not Reported
10045328,PLAVIX (CLOPIDOGREL SULFATE),Not Reported,2,Not Reported
10045328,POTASSIUM CHLORIDE,Not Reported,2,Not Reported
10045328,PRILOSEC (OMEPRAZOLE),Not Reported,2,Not Reported
10045328,PROCHLORPERAZINE,Not Reported,2,Not Reported
10045328,SYNTHROID (LEVOTHYROXINE SODIUM),Not Reported,2,Not Reported
10045328,TOPROL XL (METOPROLOL SUCCINATE),Not Reported,2,Not Reported
10045328,TYLENOL-CODEINE NO. 3 (PANADEINE CO),Not Reported,2,Not Reported
10045328,NEOSPORIN (NEOSPORIN POWDER),Not Reported,2,Not Reported
10045328,INSULIN DETEMIR,Not Reported,2,Not Reported
10045328,LOMOTIL,Not Reported,2,Not Reported
10045328,PERCOCET (OXYCOCET),Not Reported,2,Not Reported
10045495,METOPROLOL SUCCINATE,HYPERTENSION,1,4
10045495,METOPROLOL SUCCINATE,ATRIAL FIBRILLATION,1,4
10045495,BRILINTA,STENT PLACEMENT,1,1
10045495,BRILINTA,ANTIPLATELET THERAPY,1,1
10045495,SULPHUR DRUG (UNSPECIFIED),Not Reported,1,5
10045495,CLOPIDOGREL,STENT PLACEMENT,2,Not Reported
10045495,ASPIRIN,STENT PLACEMENT,2,Not Reported
10045495,ASPIRIN,SUPPLEMENTATION THERAPY,2,Not Reported
10045495,HYDROCHLOROTHIAZIDE,DIURETIC THERAPY,2,Not Reported
10045495,LEVOTHYROXINE,THYROID DISORDER,2,Not Reported
10045495,UNSPECIFIED BLOOD PRESSURE DRUG,Not Reported,2,Not Reported
10045495,FENOFIBRATE,Not Reported,2,Not Reported
10045495,DICLOFENAC,Not Reported,2,Not Reported
10045495,PRAVASTATIN,Not Reported,2,Not Reported
10045495,FOLBIC,Not Reported,2,Not Reported
10045495,FISH OIL,Not Reported,2,Not Reported
10045495,TIMOLOL OPTHALMIC,Not Reported,2,Not Reported
10045495,XALATAN OPTHALMIC,Not Reported,2,Not Reported
10045714,"REVLIMID (LENALIDOMIDE) (10 MILLIGRAM, CAPSULES)",PLASMA CELL MYELOMA,1,Not Reported
10045714,LISINOPRIL,Not Reported,2,Not Reported
10045714,PRILOSEC (OMEPRAZOLE),Not Reported,2,Not Reported
10045714,OSCAL PLUS (CALCIUM CARBONATE),Not Reported,2,Not Reported
10045714,ALENDRONATE (ALENDRONATE SODIUM),Not Reported,2,Not Reported
10045714,ASA (ACETYLSALICYLIC ACID),Not Reported,2,Not Reported
10045714,CENTRUM SILVER,Not Reported,2,Not Reported
10045714,CLOPIDOGREL,Not Reported,2,Not Reported
10045714,EXELON (RIVASTIGMINE TARTRATE),Not Reported,2,Not Reported
10045714,FLUOXETINE,Not Reported,2,Not Reported
10045714,FUROSEMIDE,Not Reported,2,Not Reported
10045714,LEVOTHYROXINE,Not Reported,2,Not Reported
10045714,DEXAMETHASONE,Not Reported,2,Not Reported
10045787,SIMVASTATIN,Not Reported,1,5
10045787,ADCAL (CALCIUM CARBONATE),Not Reported,2,Not Reported
10045787,AMLODIPINE,Not Reported,2,Not Reported
10045787,AMOXICILLIN,Not Reported,2,Not Reported
10045787,BENDROFLUMETHIAZIDE,Not Reported,2,Not Reported
10045787,BISOPROLOL,Not Reported,2,Not Reported
10045787,CLOPIDOGREL,Not Reported,2,Not Reported
10045787,ETORICOXIB,Not Reported,2,Not Reported
10045787,FERROUS SULFATE,Not Reported,2,Not Reported
10045787,LANSOPRAZOLE,Not Reported,2,Not Reported
10045787,NITROFURANTOIN,Not Reported,2,Not Reported
10045787,TRIMETHOPRIM,Not Reported,2,Not Reported
10046084,XENAZINE,DYSKINESIA,1,Not Reported
10046084,ULTRAM,PRODUCT USED FOR UNKNOWN INDICATION,1,Not Reported
10046084,PLAVIX (CLOPIDOGREL BISULFATE) (CLOPIDOGREL BISULFATE),PRODUCT USED FOR UNKNOWN INDICATION,1,Not Reported
10046084,PANADEINE CO,PRODUCT USED FOR UNKNOWN INDICATION,1,Not Reported
10046659,URSODIOL (URSODIOL),Not Reported,2,Not Reported
10046659,NOVOMIX (NOVOLOG MIX),Not Reported,2,Not Reported
10046659,"CALCIUM (CALCIUM CARBONATE, CALCIUM LACTATE GLUCONATE)",Not Reported,2,Not Reported
10046659,PLAVIX (CLOPIDOGREL BISULFATE),Not Reported,2,Not Reported
10046659,PONATINIB (AP24534) TABLET,CHRONIC MYELOID LEUKAEMIA,1,Not Reported
10046659,KEFLEX (CEFALEXIN MONOHYDRATE),Not Reported,2,Not Reported
10046659,OMEGA 3 (FISH OIL),Not Reported,2,Not Reported
10046659,ASPIRIN (ACETYLSALICYLIC ACID),Not Reported,2,Not Reported
10046659,"COMBIGAN (BRIMONIDINE TARTRATE, TIMOLOL MALEATE)",Not Reported,2,Not Reported
10046659,GABAPENTIN (GABAPENTIN),Not Reported,2,Not Reported
10046659,OXYCODONE HCL (OXYCODONE HYDROCHLORIDE),Not Reported,2,Not Reported
10046659,AMRIX (CYCLOBENZAPRINE HYDROCHLORIDE),Not Reported,2,Not Reported
10046659,LEVOTHYROXINE SODIUIM (LEVOTHYROXINE SODIUM),Not Reported,2,Not Reported
10046659,NOVOLOG,Not Reported,2,Not Reported
10046659,OXYCOTIN ( OXYCODONE HYDROCHLORIDE),Not Reported,2,Not Reported
10046690,ETANERCEPT,PRODUCT USED FOR UNKNOWN INDICATION,1,4
10046690,MTX                                /00113802/,Not Reported,2,Not Reported
10046690,FOLIC ACID,Not Reported,2,Not Reported
10046690,PREDNISOLONE,Not Reported,2,Not Reported
10046690,OMEP                               /00661201/,Not Reported,2,Not Reported
10046690,RANIDURA T,Not Reported,2,Not Reported
10046690,VIANI,Not Reported,2,Not Reported
10046690,SPIRIVA,Not Reported,2,Not Reported
10046690,ASS,Not Reported,2,Not Reported
10046690,CALCIUM D3 SANDOZ,Not Reported,2,Not Reported
10046690,CLOPIDOGREL,Not Reported,2,Not Reported
10047086,FENTANYL TRANSDERMAL SYSTEM,PAIN,1,4
10047086,HYDROCORTISONE,Not Reported,2,Not Reported
10047086,SIMVASTATIN,Not Reported,2,Not Reported
10047086,GLYBURIDE,DIABETES MELLITUS,2,Not Reported
10047086,FLUOXETINE,Not Reported,2,Not Reported
10047086,CARISOPRODOL,Not Reported,2,Not Reported
10047086,LYRICA,Not Reported,2,Not Reported
10047086,CELEBREX,ARTHRITIS,2,Not Reported
10047086,METFORMIN,Not Reported,2,Not Reported
10047086,ASA,Not Reported,2,Not Reported
10047086,FIBERCON,Not Reported,2,Not Reported
10047086,ACIPHEX,Not Reported,2,Not Reported
10047086,LORATADINE,Not Reported,2,Not Reported
10047086,METOPROLOL,Not Reported,2,Not Reported
10047086,CLOPIDOGREL,Not Reported,2,Not Reported
10047086,DULCOLAX /00064401/,Not Reported,2,Not Reported
10047086,OXYCODONE,Not Reported,2,Not Reported
10047086,TRAZODONE,Not Reported,2,Not Reported
10047334,XARELTO,TACHYARRHYTHMIA,1,1
10047334,ASS,CORONARY ARTERY DISEASE,1,5
10047334,VALSARTAN,HYPERTENSION,2,Not Reported
10047334,XIPAMID,HYPERTENSION,2,Not Reported
10047334,CLOPIDOGREL,STENT PLACEMENT,2,Not Reported
10047334,BISOPROLOL,Not Reported,2,Not Reported
10047334,FELODIPINE,Not Reported,2,Not Reported
10047334,SIMVASTATIN,Not Reported,2,Not Reported
10047334,SPIRIVA,Not Reported,2,Not Reported
10047334,VIANI,Not Reported,2,Not Reported
10047515,REMODULIN,COR PULMONALE CHRONIC,1,Not Reported
10047515,"ADCIRCA (TADALAFIL) (40 MILLIGRAM, UNKNOWN)",Not Reported,2,Not Reported
10047515,WARFARIN (WARFARIN) (UNKNOWN),Not Reported,2,Not Reported
10047515,PLAVIX (CLOPIDOGREL) (UNKNOWN),Not Reported,2,Not Reported
10047515,TRIAMTERENE/HCTZ (DYAZIDE) (UNKNOWN),Not Reported,2,Not Reported
10047515,PROCARDIA (NIFEDIPINE) (UNKNOWN) (NIFEDIPINE),Not Reported,2,Not Reported
10047515,LEVOTHYROXINE (LEVOTHYROXINE) (UNKNOWN),Not Reported,2,Not Reported
10047641,ZOLOFT,Not Reported,1,4
10047641,PROTONIX,Not Reported,1,4
10047641,TRAMADOL,Not Reported,2,Not Reported
10047641,CYCLOBENZAPRINE,Not Reported,2,Not Reported
10047641,CLOPIDOGREL,Not Reported,2,Not Reported
10047641,DIGOXIN,Not Reported,2,Not Reported
10047641,DYAZIDE,Not Reported,2,Not Reported
10047641,ATORVASTATIN,Not Reported,2,Not Reported
10047641,BUSPIRONE,Not Reported,2,Not Reported
10047641,METOPROLOL,Not Reported,2,Not Reported
10047641,SEROQUEL,Not Reported,2,Not Reported
10047641,LOPID,Not Reported,2,Not Reported
10047985,NEURONTIN,FIBROMYALGIA,1,4
10047985,ALPRAZOLAM,AFFECTIVE DISORDER,2,Not Reported
10047985,CLOPIDOGREL,CARDIAC DISORDER,2,Not Reported
10047985,SPIRONOLACTONE,CARDIAC DISORDER,2,Not Reported
10047985,SPIRONOLACTONE,HYPERTENSION,2,Not Reported
10047985,SIMVASTATIN,BLOOD CHOLESTEROL ABNORMAL,2,Not Reported
10047985,LOSARTAN,HYPERTENSION,2,Not Reported
10047985,LANTON,GASTRIC DISORDER,2,Not Reported
10047985,TRAMADOL,Not Reported,2,Not Reported
10047985,ASPIRIN,Not Reported,2,Not Reported
10047985,CARVEDILOL,Not Reported,2,Not Reported
10047985,VITAMIN B3,Not Reported,2,Not Reported
10047985,CALCIUM,Not Reported,2,Not Reported
10048357,PAZOPANIB,METASTATIC RENAL CELL CARCINOMA,1,4
10048357,SORAFENIB,METASTATIC RENAL CELL CARCINOMA,1,4
10048357,PRAMIPEXOLE,Not Reported,2,5
10048357,CLOPIDOGREL,Not Reported,2,5
10048357,AMLODIPIN,Not Reported,2,5
10048357,PALLADON,Not Reported,2,5
10048576,RAMIPRIL,CARDIAC FAILURE,1,1
10048576,SPIRONOLACTONE,CARDIAC FAILURE,1,1
10048576,ATENOLOL,Not Reported,2,Not Reported
10048576,ATORVASTATIN,Not Reported,2,Not Reported
10048576,CANDESARTAN,Not Reported,2,Not Reported
10048576,CLOPIDOGREL,Not Reported,2,Not Reported
10048576,FERROUS FUMARATE,Not Reported,2,Not Reported
10048576,GLYCERYL TRINITRATE,Not Reported,2,Not Reported
10048576,NICORANDIL,Not Reported,2,Not Reported
10048576,SALBUTAMOL,Not Reported,2,Not Reported
10048576,TIOTROPIUM BROMIDE,Not Reported,2,Not Reported
10048608,CEFTRIAXONE PANPHARMA,PRODUCT USED FOR UNKNOWN INDICATION,1,Not Reported
10048608,SERTRALINE,PRODUCT USED FOR UNKNOWN INDICATION,2,Not Reported
10048608,FLECAINE,PRODUCT USED FOR UNKNOWN INDICATION,2,Not Reported
10048608,ATORVASTATINE,PRODUCT USED FOR UNKNOWN INDICATION,2,Not Reported
10048608,CLOPIDOGREL,PRODUCT USED FOR UNKNOWN INDICATION,2,Not Reported
10048608,BISOPROLOL,PRODUCT USED FOR UNKNOWN INDICATION,2,Not Reported
10048608,RAMIPRIL,PRODUCT USED FOR UNKNOWN INDICATION,2,Not Reported
10048608,LEVOFLOXACINE ARROW,PRODUCT USED FOR UNKNOWN INDICATION,1,Not Reported
10048654,NEURONTIN,FIBROMYALGIA,1,Not Reported
10048654,ALPRAZOLAM,AFFECTIVE DISORDER,2,Not Reported
10048654,CLOPIDOGREL,CARDIAC DISORDER,2,Not Reported
10048654,SPIRONOLACTONE,CARDIAC DISORDER,2,Not Reported
10048654,SPIRONOLACTONE,HYPERTENSION,2,Not Reported
10048654,SIMVASTATIN,BLOOD CHOLESTEROL ABNORMAL,2,Not Reported
10048654,LOSARTAN,HYPERTENSION,2,Not Reported
10048654,LANTON,ABDOMINAL DISCOMFORT,2,Not Reported
10048654,TRAMADOL,Not Reported,2,Not Reported
10048654,ASPIRIN,Not Reported,2,Not Reported
10048654,CARVEDILOL,Not Reported,2,Not Reported
10048654,VITAMIN B3,Not Reported,2,Not Reported
10048654,CALCIUM,Not Reported,2,Not Reported
10049517,CLOPIDOGREL 75 MG,Not Reported,1,Not Reported
10049634,RAMIPRIL,CARDIAC FAILURE,1,1
10049634,SPIRONOLACTONE,CARDIAC FAILURE,1,1
10049634,ATENOLOL,Not Reported,2,Not Reported
10049634,ATORVASTATIN,Not Reported,2,Not Reported
10049634,CANDESARTAN,Not Reported,2,Not Reported
10049634,CLOPIDOGREL,Not Reported,2,Not Reported
10049634,FERROUS FUMARATE,Not Reported,2,Not Reported
10049634,GLYCERYL TRINITRATE,Not Reported,2,Not Reported
10049634,NICORANDIL,Not Reported,2,Not Reported
10049634,SALBUTAMOL,Not Reported,2,Not Reported
10049634,TIOTROPIUM BROMIDE,Not Reported,2,Not Reported
10050169,CLOPIDOGREL BISULFATE,ANTIPLATELET THERAPY,1,5
10050169,ACETYLSALICYLIC ACID,ANTIPLATELET THERAPY,1,5
10050187,CLOPIDOGREL BISULFATE,ANTIPLATELET THERAPY,1,5
10050187,ACETYLSALICYLIC ACID,ANTIPLATELET THERAPY,1,5
10050191,FRONTAL,SLEEP DISORDER,1,4
10050191,CLOPIDOGREL,PERIPHERAL VASCULAR DISORDER,2,Not Reported
10050191,CRESTOR,BLOOD CHOLESTEROL ABNORMAL,2,Not Reported
10050191,METTA,BLOOD GLUCOSE ABNORMAL,2,Not Reported
10050191,OMEPRAZOLE,PROPHYLAXIS,2,Not Reported
10050244,TWYNSTA,HYPERTENSION,1,1
10050244,TEGRETOL / CARBAMAZEPINE,Not Reported,2,Not Reported
10050244,NEBILET / NEBIVOLOL,Not Reported,2,Not Reported
10050244,CLOPIDOGREL,Not Reported,2,Not Reported
10050244,NITRADISC / NITROGLYCERINE,Not Reported,2,Not Reported
10050244,PAROXETIN,Not Reported,2,Not Reported
10050244,HIGROTON / CHLORTHALIDONE,Not Reported,2,Not Reported
10050244,VISACOR / ROSUVASTATIN,Not Reported,2,Not Reported
10050244,EUTIROX / LEVOTHYROXINE SODIUM,Not Reported,2,Not Reported
10050244,HYPERIUM / RILMENIDINE,Not Reported,2,Not Reported
10050244,LAMOTRIGINE,Not Reported,2,Not Reported
10050244,PRAZON,Not Reported,2,Not Reported
10050244,RIVOTRIL (CLONAZEPAM),Not Reported,2,Not Reported
10050244,ATARAX (HYDROXYZINE),Not Reported,2,Not Reported
10050244,FORMOTEROL INHALATORY,Not Reported,2,Not Reported
10050244,MIFUNIDE 200 (BUDENOSIDE),Not Reported,2,Not Reported
10050244,VENTILAN (SALBUTAMOL),Not Reported,2,Not Reported
10050244,CAPOTEN (CAPTOPRIL),HYPERTENSION,2,Not Reported
10050244,VICTAN (LOFLAZEPATO ETHYL),HYPERTENSION,2,Not Reported
10050361,WARFARIN SODIUM,ATRIAL FIBRILLATION,1,1
10050361,CLOPIDOGREL BISULFATE,STENT PLACEMENT,1,1
10050361,ASPIRIN,Not Reported,2,Not Reported
10050361,ATORVASTATIN,Not Reported,2,Not Reported
10050361,BISOPROLOL,Not Reported,2,Not Reported
10050361,DIGOXIN,Not Reported,2,Not Reported
10050361,FUROSEMIDE,Not Reported,2,Not Reported
10050361,PERINDOPRIL,Not Reported,2,Not Reported
10050361,RANITIDINE,Not Reported,2,Not Reported
10050361,SPIRONOLACTONE,Not Reported,2,Not Reported
10050386,FORXIGA,TYPE 2 DIABETES MELLITUS,1,1
10050386,CLOPIDOGREL BISULFATE,Not Reported,2,Not Reported
10050386,CLOTRIMAZOLE,Not Reported,2,Not Reported
10050386,DOMPERIDONE,Not Reported,2,Not Reported
10050386,FENTANYL,Not Reported,2,Not Reported
10050386,FERROUS FUMARATE,Not Reported,2,Not Reported
10050386,HYDROXYZINE,Not Reported,2,Not Reported
10050386,LEVOTHYROXINE SODIUM,Not Reported,2,Not Reported
10050386,METFORMIN,Not Reported,2,Not Reported
10050386,MIRTAZAPINE,Not Reported,2,Not Reported
10050386,MONTELUKAST,Not Reported,2,Not Reported
10050386,OMEPRAZOLE,Not Reported,2,Not Reported
10050386,ORLISTAT,Not Reported,2,Not Reported
10050386,PEPPERMINT OIL,Not Reported,2,Not Reported
10050386,QUETIAPINE,Not Reported,2,Not Reported
10050386,RAMIPRIL,Not Reported,2,Not Reported
10050386,SALBUTAMOL,Not Reported,2,Not Reported
10050386,SIMVASTATIN,Not Reported,2,Not Reported
10050386,SOLIFENACIN SUCCINATE,Not Reported,2,Not Reported
10050386,SYMBICORT,Not Reported,2,Not Reported
10050386,ZOPICLONE,Not Reported,2,Not Reported
10050386,INSULIN,Not Reported,2,Not Reported
10050392,ASPIRIN,ANTIPLATELET THERAPY,1,5
10050392,CLOPIDOGREL BISULFATE,ANTIPLATELET THERAPY,1,5
10050417,ZEMPLAR,HYPERPARATHYROIDISM SECONDARY,1,1
10050417,FOLIC ACID,PRODUCT USED FOR UNKNOWN INDICATION,2,Not Reported
10050417,ALUMINIUM HYDROXIDE,PRODUCT USED FOR UNKNOWN INDICATION,2,Not Reported
10050417,CALCIUM CARBONATE,PRODUCT USED FOR UNKNOWN INDICATION,2,Not Reported
10050417,LOVASTATIN,PRODUCT USED FOR UNKNOWN INDICATION,2,Not Reported
10050417,B COMPLEX,PRODUCT USED FOR UNKNOWN INDICATION,2,Not Reported
10050417,METOPROLOL,PRODUCT USED FOR UNKNOWN INDICATION,2,Not Reported
10050417,MINOXIDIL,PRODUCT USED FOR UNKNOWN INDICATION,2,Not Reported
10050417,LOSARTAN,PRODUCT USED FOR UNKNOWN INDICATION,2,Not Reported
10050417,INSULIN,PRODUCT USED FOR UNKNOWN INDICATION,2,Not Reported
10050417,CLOPIDOGREL,PRODUCT USED FOR UNKNOWN INDICATION,2,Not Reported
10050417,ASPIRIN,PRODUCT USED FOR UNKNOWN INDICATION,2,Not Reported
10003329,PARACETAMOLO,PAIN,2,Not Reported
10003329,BIBW 2992,Not Reported,1,2
10003329,LANSOPRAZOLO,PROPHYLAXIS,2,Not Reported
10003329,INSULINA GLARGINE,DIABETES MELLITUS,2,Not Reported
10003329,IDROCLOROTIAZ,HYPERTENSION,2,Not Reported
10003329,IRBESARTAN.,HYPERTENSION,2,Not Reported
10003329,POTASSIUM CHLORIDE.,FLUID REPLACEMENT,2,Not Reported
10003329,BIBW 2992,NON-SMALL CELL LUNG CANCER METASTATIC,1,2
10003329,INSULINA GLULISINA,DIABETES MELLITUS,2,Not Reported
10003329,PARACETAMOLO,Not Reported,2,Not Reported
10003329,FUROSEMIDE.,OEDEMA,2,Not Reported
10003329,ZOLPIDEM,INSOMNIA,2,Not Reported
10003329,NEBIVOLOLO,HYPERTENSION,2,Not Reported
10003329,IDROCLOROTIAZ,Not Reported,2,Not Reported
10003329,OSSICODONE,PAIN,2,Not Reported
10003329,OSSICODONE,Not Reported,2,Not Reported
10003329,ALLOPURINOLO,BLOOD URIC ACID INCREASED,2,Not Reported
10003329,CALCIUM CARBONATE.,PROPHYLAXIS,2,Not Reported
10003329,NORITREN,DEPRESSION,2,Not Reported
10003329,RANITIDINE,Not Reported,2,Not Reported
10003329,IRBESARTAN.,Not Reported,2,Not Reported
10003329,RANITIDINE,PROPHYLAXIS,2,Not Reported
10003470,FUROSEMIDE.,Not Reported,2,Not Reported
10003470,LETAIRIS,PULMONARY FIBROSIS,1,4
10003470,GABAPENTIN.,Not Reported,2,Not Reported
10003470,TRAMADOL.,Not Reported,2,Not Reported
10003470,ALENDRONATE,Not Reported,2,Not Reported
10003470,BENZONATATE.,Not Reported,2,Not Reported
10003470,POTASSIUM CHLORIDE.,Not Reported,2,Not Reported
10003470,IPRATROPIUM BROMIDE.,Not Reported,2,Not Reported
10003470,ATENOLOL.,Not Reported,2,Not Reported
10003470,CHOLECALCIFEROL,Not Reported,2,Not Reported
10003470,FENTANYL.,Not Reported,2,Not Reported
10003470,ACETYLCYSTEINE.,Not Reported,2,Not Reported
10003470,PRAVASTATIN,Not Reported,2,Not Reported
10003470,LETAIRIS,PULMONARY ARTERIAL HYPERTENSION,1,4
10003470,SILDENAFIL.,Not Reported,2,Not Reported
10003470,WARFARIN,Not Reported,2,Not Reported
10003652,COLCHICINE.,Not Reported,2,Not Reported
10003652,COMBIVENT,Not Reported,2,Not Reported
10003652,MULTIVITAMIN                       /00097801/,Not Reported,2,Not Reported
10003652,PRADAXA,Not Reported,2,Not Reported
10003652,ZOCOR,Not Reported,2,Not Reported
10003652,LETAIRIS,PULMONARY HYPERTENSION,1,4
10003652,FUROSEMIDE.,Not Reported,2,Not Reported
10003652,QVAR,Not Reported,2,Not Reported
10003652,FISH OIL,Not Reported,2,Not Reported
10003652,ALLEGRA,Not Reported,2,Not Reported
10003652,SOLARAZE,Not Reported,2,Not Reported
10003652,SOTALOL.,Not Reported,2,Not Reported
10003652,LETAIRIS,MITRAL VALVE STENOSIS,1,4
10003652,FLUTICASONE,Not Reported,2,Not Reported
10003652,LEVOTHROID,Not Reported,2,Not Reported
10003749,ACLASTA,OSTEOPOROSIS,1,4
10003749,ACLASTA,Not Reported,1,4
10003749,PANTOZOLE,Not Reported,2,5
10003749,FUROSEMIDE,Not Reported,2,5
10003749,CALCIUM,Not Reported,2,5
10003749,VITAMIN D3,Not Reported,2,5
10003749,MOVICOLON,Not Reported,2,5
10003749,ZYPREXA,Not Reported,2,5
10003749,SPIRONOLACTON,Not Reported,2,5
10003749,IPRAMOL,Not Reported,2,5
10003749,THEOPHYLLINE,Not Reported,2,5
10003749,FLIXOTIDE,Not Reported,2,5
10003754,ADIRO 100,PROPHYLAXIS,1,4
10003754,FUROSEMIDE,CARDIAC FAILURE CONGESTIVE,1,Not Reported
10003754,DEXKETOPROFEN,PAIN,2,Not Reported
10003754,CLEXANE,ATRIAL FIBRILLATION,2,Not Reported
10003754,METILDIGOXIN,ATRIAL FIBRILLATION,2,Not Reported
10003754,METHYLPREDNISOLONE,BRONCHOSPASM,2,Not Reported
10003754,PANTOPRAZOLE,PROPHYLAXIS AGAINST GASTROINTESTINAL ULCER,2,Not Reported
10003923,JAKAFI,MALIGNANT MELANOMA,1,5
10003923,SIMVASTATIN.,PRODUCT USED FOR UNKNOWN INDICATION,2,Not Reported
10003923,CIPROFLOXACIN.,PRODUCT USED FOR UNKNOWN INDICATION,2,Not Reported
10003923,ASPIRIN.,PRODUCT USED FOR UNKNOWN INDICATION,2,Not Reported
10003923,CIMETIDINE,PRODUCT USED FOR UNKNOWN INDICATION,2,Not Reported
10003923,CEPHALEXIN                         /00145501/,PRODUCT USED FOR UNKNOWN INDICATION,2,Not Reported
10003923,JAKAFI,POLYCYTHAEMIA VERA,1,5
10003923,RESTASIS,DRY EYE,2,Not Reported
10003923,OMEGA                              /01454401/,PRODUCT USED FOR UNKNOWN INDICATION,2,Not Reported
10003923,JAKAFI,MYELOFIBROSIS,1,5
10003923,PLAVIX,PRODUCT USED FOR UNKNOWN INDICATION,2,Not Reported
10003923,PREDNISOLONE.,PRODUCT USED FOR UNKNOWN INDICATION,2,Not Reported
10003923,LEVOTHYROXINE.,PRODUCT USED FOR UNKNOWN INDICATION,2,Not Reported
10003923,PANTOPRAZOLE,PRODUCT USED FOR UNKNOWN INDICATION,2,Not Reported
10003923,NASONEX,PRODUCT USED FOR UNKNOWN INDICATION,2,Not Reported
10003923,SLOW MAG                           /07370001/,PRODUCT USED FOR UNKNOWN INDICATION,2,Not Reported
10003923,ERYTHROMYCIN.,PRODUCT USED FOR UNKNOWN INDICATION,2,Not Reported
10003923,VITAMIN D3,PRODUCT USED FOR UNKNOWN INDICATION,2,Not Reported
10003923,CELEBREX,PRODUCT USED FOR UNKNOWN INDICATION,2,Not Reported
10003923,CETIRIZINE                         /00884302/,PRODUCT USED FOR UNKNOWN INDICATION,2,Not Reported
10003923,ROPINIROLE.,PRODUCT USED FOR UNKNOWN INDICATION,2,Not Reported
10003923,FUROSEMIDE.,PRODUCT USED FOR UNKNOWN INDICATION,2,Not Reported
10003923,ALLOPURINOL.,PRODUCT USED FOR UNKNOWN INDICATION,2,Not Reported
10004116,COLCHICINE.,ARTHRITIS,1,1
10004116,FLUIMUCIL,COUGH,1,1
10004116,TRAMADOL,Not Reported,2,5
10004116,PYOSTACINE,PYREXIA,1,1
10004116,HUMIRA,RHEUMATIC DISORDER,1,1
10004116,MONOTILDIEM LP,Not Reported,2,5
10004116,PREDNISONE.,Not Reported,2,5
10004116,MUCOMYSTENDO,Not Reported,2,5
10004116,COLCHICINE.,ARTHRALGIA,1,1
10004116,LANTUS,Not Reported,2,5
10004116,NOVORAPID,Not Reported,2,5
10004116,HUMIRA,PSORIASIS,1,1
10004116,FUROSEMIDE.,Not Reported,2,5
10004116,RASILEZ,HYPERTENSION,1,1
10004116,MALARONE,PROPHYLACTIC CHEMOTHERAPY,1,1
10004116,INEXIUM//ESOMEPRAZOLE MAGNESIUM,Not Reported,2,5
10004116,BECLOSPIN,Not Reported,2,5
10004116,METHOTREXATE,PSORIASIS,1,1
10004116,DAFALGAN,Not Reported,2,5
10004116,HYPERIUM,Not Reported,2,5
10004116,AUGMENTIN,Not Reported,2,5
10004116,METHOTREXATE,RHEUMATIC DISORDER,1,1
10004116,PIVALONE,RHINITIS,1,1
10004285,TIZANIDINE (TIZANIDINE),PRODUCT USED FOR UNKNOWN INDICATION,2,5
10004285,VENTOLIN HFA,PRODUCT USED FOR UNKNOWN INDICATION,2,5
10004285,AMITRIPTYLINE,PRODUCT USED FOR UNKNOWN INDICATION,2,5
10004285,ROSUVASTATIN,PRODUCT USED FOR UNKNOWN INDICATION,2,5
10004285,RIVAROXABAN,PRODUCT USED FOR UNKNOWN INDICATION,2,5
10004285,CLONAZEPAM.,PRODUCT USED FOR UNKNOWN INDICATION,2,5
10004285,POTASSIUM CHLORIDE.,PRODUCT USED FOR UNKNOWN INDICATION,2,5
10004285,GILENYA,MULTIPLE SCLEROSIS,1,5
10004285,BENZONATATE.,COUGH,2,5
10004285,LEXAPRO,PRODUCT USED FOR UNKNOWN INDICATION,2,5
10004285,"BUTALBITAL, ACETAMINOPHEN, AND CAFFEINE",HEADACHE,2,5
10004285,FUROSEMIDE.,PRODUCT USED FOR UNKNOWN INDICATION,2,5
10004285,PANTOPRAZOLE,PRODUCT USED FOR UNKNOWN INDICATION,2,5
10004285,HYDROCODONE BITARTRATE AND ACETAMINOPHEN,PAIN,2,5
10004771,PYOSTACINE,INFECTION,1,4
10004771,HUMIRA,RHEUMATIC DISORDER,1,1
10004771,PREDNISONE.,Not Reported,2,4
10004771,RASILEZ,HYPERTENSION,1,1
10004771,METHOTREXATE,RHEUMATIC DISORDER,1,1
10004771,PIVALONE,RHINITIS,1,4
10004771,TRAMADOL,Not Reported,2,4
10004771,LANTUS,Not Reported,2,4
10004771,COLCHICINE.,ARTHRITIS,1,1
10004771,FUROSEMIDE.,Not Reported,2,4
10004771,DAFALGAN,PAIN,2,4
10004771,MONOTILDIEM LP,Not Reported,2,4
10004771,NOVORAPID,Not Reported,2,4
10004771,HYPERIUM,Not Reported,2,4
10004771,FLUIMUCIL,COUGH,1,Not Reported
10004771,INEXIUM,Not Reported,2,4
10004771,MALARONE,MALARIA PROPHYLAXIS,1,4
10005005,JAKAFI,MYELOFIBROSIS,1,Not Reported
10005005,FUROSEMIDE,OEDEMA PERIPHERAL,2,3
10005033,JAKAFI,MYELOFIBROSIS,1,4
10005033,ANAGRELIDE,Not Reported,2,Not Reported
10005033,ALLOPURINOL,Not Reported,2,Not Reported
10005033,COREG,Not Reported,2,Not Reported
10005033,MULTIVITAMIN                       /00097801/,Not Reported,2,Not Reported
10005033,FISH OIL,Not Reported,2,Not Reported
10005033,FUROSEMIDE,Not Reported,2,Not Reported
10005033,OMEPRAZOLE,Not Reported,2,Not Reported
10005033,GABAPENTIN,Not Reported,2,Not Reported
10005100,FEBURIC,HYPERURICAEMIA,1,4
10005100,RHEUMATREX /00113801/,RHEUMATOID ARTHRITIS,1,1
10005100,PREDNISOLONE,RHEUMATOID ARTHRITIS,2,4
10005100,FUROSEMIDE,HYPERTENSION,2,4
10005100,GLACTIV,DIABETES MELLITUS,2,4
10005100,AMARYL,DIABETES MELLITUS,2,4
10005100,STANZOME OD,GASTRIC ULCER,2,4
10005100,EXFORGE,HYPERTENSION,2,4
10005100,LIVALO,HYPERLIPIDAEMIA,2,4
10005100,FOLIAMIN,RHEUMATOID ARTHRITIS,2,1
10005346,OXYTROL FOR WOMEN,HYPERTONIC BLADDER,1,Not Reported
10005346,OXYTROL FOR WOMEN,Not Reported,1,Not Reported
10005346,METHOTREXATE,RHEUMATIC DISORDER,2,5
10005346,PREDNISONE,CHRONIC OBSTRUCTIVE PULMONARY DISEASE,2,5
10005346,LASIX (FUROSEMIDE SODIUM),PRODUCT USED FOR UNKNOWN INDICATION,2,5
10005346,FOLIC ACID,PRODUCT USED FOR UNKNOWN INDICATION,2,5
10005346,POTASSIUM (UNSPECIFIED),PRODUCT USED FOR UNKNOWN INDICATION,2,5
10005346,COREG,PRODUCT USED FOR UNKNOWN INDICATION,2,5
10005346,CALCIUM (UNSPECIFIED),PRODUCT USED FOR UNKNOWN INDICATION,2,5
10005346,PROVENTIL,PRODUCT USED FOR UNKNOWN INDICATION,2,5
10005346,SPIRIVA,PRODUCT USED FOR UNKNOWN INDICATION,2,5
10005780,AMOXICILLIN + CLAVULANIC ACID,BRONCHOPNEUMONIA,1,5
10005780,LEVOFLOXACIN,BRONCHOPNEUMONIA,1,5
10005780,FUROSEMIDE,RENAL IMPAIRMENT,1,5
10005780,PANTOPRAZOLE,GASTRITIS PROPHYLAXIS,1,5
10005780,ITRACONAZOLE,ORAL CANDIDIASIS,1,5
10005780,CANREONATE,RENAL IMPAIRMENT,1,5
10005780,BETAMETHASONE,PRODUCT USED FOR UNKNOWN INDICATION,2,5
10005923,HUMALOG LISPRO,DIABETES MELLITUS,1,4
10005923,ACETAMINOPHEN W/HYDROCODONE,PAIN,2,5
10005923,METFORMIN,Not Reported,2,5
10005923,LANTUS,Not Reported,2,5
10005923,GLIMEPIRIDE,Not Reported,2,5
10005923,ADVAIR,Not Reported,2,5
10005923,ALFUZOSIN,Not Reported,2,5
10005923,ASPIRIN,Not Reported,2,5
10005923,ROFLUMILAST,Not Reported,2,5
10005923,DUONEB,Not Reported,2,5
10005923,FINASTERIDE,Not Reported,2,5
10005923,FISH OIL,Not Reported,2,5
10005923,FLORASTOR,Not Reported,2,5
10005923,FUROSEMIDE,Not Reported,2,5
10005923,HYDROXYZINE HYDROCHLORIDE,Not Reported,2,5
10005923,HYZAAR,Not Reported,2,5
10005923,LAC-HYDRIN,Not Reported,2,5
10005923,LEVOTHYROXINE,Not Reported,2,5
10005923,LOPERAMIDE,DIARRHOEA,2,5
10005923,MAGNESIUM OXIDE,Not Reported,2,5
10005923,MAGONATE,Not Reported,2,5
10005923,NAPROSYN                           /00256201/,Not Reported,2,5
10005923,NIACIN,Not Reported,2,5
10005923,PROSCAR,Not Reported,2,5
10005923,SYNTHROID,Not Reported,2,5
10005923,TERAZOSIN,Not Reported,2,5
10005923,TOLTERODINE,Not Reported,2,5
10005923,UROXATRAL,Not Reported,2,5
10005923,VIAGRA,Not Reported,2,5
10006272,DRONEDARONE,PRODUCT USED FOR UNKNOWN INDICATION,1,5
10006272,DABIGATRAN,PRODUCT USED FOR UNKNOWN INDICATION,3,5
10006272,COLCHICINE,Not Reported,2,Not Reported
10006272,ASPIRIN,Not Reported,2,Not Reported
10006272,EPLERENONE,Not Reported,2,Not Reported
10006272,FUROSEMIDE,Not Reported,2,Not Reported
10006272,LOVAZA,Not Reported,2,Not Reported
10006272,TOPROL XL,Not Reported,2,Not Reported
10006272,CRESTOR,Not Reported,2,Not Reported
10006584,MIRALAX,PRODUCT USED FOR UNKNOWN INDICATION,1,Not Reported
10006584,OXYTROL FOR WOMEN,HYPERTONIC BLADDER,2,5
10006584,CORTIZONE,PRODUCT USED FOR UNKNOWN INDICATION,2,5
10006584,CORTIZONE,Not Reported,2,5
10006584,EPIDURAL TO L5/S1,PRODUCT USED FOR UNKNOWN INDICATION,2,5
10006584,EPIDURAL TO L5/S1,Not Reported,2,5
10006584,CRESTOR,PRODUCT USED FOR UNKNOWN INDICATION,2,5
10006584,COREG,PRODUCT USED FOR UNKNOWN INDICATION,2,5
10006584,FUROSEMIDE,PRODUCT USED FOR UNKNOWN INDICATION,2,5
10006584,FOSAMAX,PRODUCT USED FOR UNKNOWN INDICATION,2,5
10006584,PREDISONE TEVA,PRODUCT USED FOR UNKNOWN INDICATION,2,5
10006584,ASPIRIN,PRODUCT USED FOR UNKNOWN INDICATION,2,5
10006584,CALCIUM (UNSPECIFIED) (+) VITAMIN D (UNSPECIFIED),PRODUCT USED FOR UNKNOWN INDICATION,2,5
10006584,FIBER (UNSPECIFIED),PRODUCT USED FOR UNKNOWN INDICATION,2,5
10006603,DRONEDARONE,PRODUCT USED FOR UNKNOWN INDICATION,1,5
10006603,DABIGATRAN,PRODUCT USED FOR UNKNOWN INDICATION,3,5
10006603,ISOSORBIDE DINITRATE,Not Reported,2,Not Reported
10006603,CARNITINE,Not Reported,2,Not Reported
10006603,CARTIA XT,Not Reported,2,Not Reported
10006603,FUROSEMIDE,Not Reported,2,Not Reported
10006603,BILBERRY,Not Reported,2,Not Reported
10006603,NATURES OWN JOINT ENHANCE GLUCOSAMIDE AND CHONDROITIN COMPLEX,Not Reported,2,Not Reported
10006603,CALCIUM CITRATE,Not Reported,2,Not Reported
10006603,CRANBERRY EXTRACT,Not Reported,2,Not Reported
10006603,CYANOCOBALAMIN,Not Reported,2,Not Reported
10006603,VITAMIN D,Not Reported,2,Not Reported
10006603,ALL OTHER THERAPEUTIC PRODUCTS,Not Reported,2,Not Reported
10006603,LANTUS,Not Reported,2,Not Reported
10006603,NIACIN,Not Reported,2,Not Reported
10006603,BROMELAINS,Not Reported,2,Not Reported
10006603,VITAMIN B6,Not Reported,2,Not Reported
10006603,ASCORBIC ACID,Not Reported,2,Not Reported
10006603,TORSEMIDE,Not Reported,2,Not Reported
10006603,COMBIGAN,Not Reported,2,Not Reported
10006603,VITAMIN C,Not Reported,2,Not Reported
10006603,HERBAL NOS/VITAMINS NOS,Not Reported,2,Not Reported
10006603,COENZYME Q10,Not Reported,2,Not Reported
10006603,FISH OIL,Not Reported,2,Not Reported
10006603,RUSCUS ACULEATUS ^BUTCHER^S BROOM^,Not Reported,2,Not Reported
10006603,RED YEAST RICE,Not Reported,2,Not Reported
10006778,LIDOCAINE HCL,VENTRICULAR FIBRILLATION,1,Not Reported
10006778,DEXMEDETOMIDINE,SEDATION,1,Not Reported
10006778,ACETAMINOPHEN,Not Reported,2,Not Reported
10006778,FUROSEMIDE,Not Reported,2,Not Reported
10006778,REGULAR INSULIN,Not Reported,2,Not Reported
10006778,EPINEPHRINE,Not Reported,2,Not Reported
10006778,MILRINONE,Not Reported,2,Not Reported
10006778,CEFAZOLIN,Not Reported,2,Not Reported
10006778,PROPOFOL,Not Reported,2,Not Reported
10006778,CEFTRIAXONE,Not Reported,2,Not Reported
10006778,BUMETANIDE,Not Reported,2,Not Reported
10006778,ASPIRIN,Not Reported,2,Not Reported
10006778,NOREPINEPHRINE,Not Reported,2,Not Reported
10006778,DILITIAZEM,Not Reported,2,Not Reported
10006778,PIPERACILLIN / TAZOBACTAM,Not Reported,2,Not Reported
10006778,FENTANYL,Not Reported,2,Not Reported
10006778,LORAZEPAM,Not Reported,2,Not Reported
10006778,VANCOMYCIN,Not Reported,2,Not Reported
10006778,AMIODARONE,Not Reported,2,Not Reported
10006778,DIGOXIN,Not Reported,2,Not Reported
10006778,HYDROCODONE,Not Reported,2,Not Reported
10006861,PERFALGAN,Not Reported,1,Not Reported
10006861,TRAMADOL HCL,Not Reported,1,Not Reported
10006861,CEFTRIAXONE,Not Reported,1,Not Reported
10006861,OFLOXACIN,Not Reported,1,Not Reported
10006861,AMOXICILLIN (AMOXICILLIN),LUNG DISORDER,1,Not Reported
10006861,ACICLOVIR (ACICLOVIR),HERPES VIRUS INFECTION,1,Not Reported
10006861,FUROSEMIDE (FUROSEMIDE),Not Reported,1,Not Reported
10006869,FUROSEMIDE,PRODUCT USED FOR UNKNOWN INDICATION,1,Not Reported
10006869,TOBRAMYCIN,PRODUCT USED FOR UNKNOWN INDICATION,1,Not Reported
10006869,TACROLIMUS,PRODUCT USED FOR UNKNOWN INDICATION,1,Not Reported
10006869,HEPARIN,Not Reported,2,Not Reported
10007000,COREG,Not Reported,2,Not Reported
10007000,NEXIUM,Not Reported,2,Not Reported
10007000,WARFARIN,Not Reported,2,Not Reported
10007000,LETAIRIS,PULMONARY ARTERIAL HYPERTENSION,1,1
10007000,FUROSEMIDE.,Not Reported,2,Not Reported
10007002,DRONEDARONE,PRODUCT USED FOR UNKNOWN INDICATION,1,5
10007002,DABIGATRAN,PRODUCT USED FOR UNKNOWN INDICATION,3,5
10007002,ASPIRIN,Not Reported,2,Not Reported
10007002,PLAVIX,Not Reported,2,Not Reported
10007002,FUROSEMIDE,Not Reported,2,Not Reported
10007186,XARELTO,Not Reported,1,Not Reported
10007186,DIGOXIN,Not Reported,2,Not Reported
10007186,FERROUS SULFATE,Not Reported,2,Not Reported
10007186,FUROSEMIDE,Not Reported,2,Not Reported
10007186,NIFEDIPINE,Not Reported,2,Not Reported
10007186,SOLIFENACIN,Not Reported,2,Not Reported
10007186,CITALOPRAM,Not Reported,2,Not Reported
10007186,DIPHENHYDRAMINE,Not Reported,2,Not Reported
10007186,MELATONIN,Not Reported,2,Not Reported
10007186,SIMVASTATIN,Not Reported,2,Not Reported
10007186,TRAZODONE,Not Reported,2,Not Reported
10007358,ADVAIR,CHRONIC OBSTRUCTIVE PULMONARY DISEASE,1,4
10007358,CONTINUOUS POSITIVE AIRWAY PRESSURE,Not Reported,2,5
10007358,CO Q10,Not Reported,2,5
10007358,GLIMEPIRIDE,Not Reported,2,5
10007358,UNKNOWN MEDICATION,Not Reported,2,5
10007358,SOTALOL,Not Reported,2,5
10007358,SYMBICORT,Not Reported,2,5
10007358,VENTOLIN HFA,Not Reported,2,5
10007358,ALTACE,Not Reported,2,5
10007358,FUROSEMIDE,Not Reported,2,5
10007358,NORVASC,Not Reported,2,5
10007358,POTASSIUM,Not Reported,2,5
10007358,OXYGEN,Not Reported,2,5
10007385,CAPTOPRIL,HYPERTENSION,1,Not Reported
10007385,FUROSEMIDE,Not Reported,2,Not Reported
10007385,ACEBUTOLOL,Not Reported,2,Not Reported
10007653,LETAIRIS,HYPOXIA,1,4
10007653,POTASSIUM CHLORIDE.,Not Reported,2,Not Reported
10007653,LETAIRIS,SLEEP APNOEA SYNDROME,1,4
10007653,MULTIVITAMIN AND MINERAL,Not Reported,2,Not Reported
10007653,LETAIRIS,PULMONARY HYPERTENSION,1,4
10007653,D,Not Reported,2,Not Reported
10007653,FUROSEMIDE.,Not Reported,2,Not Reported
10008014,XARELTO,CEREBROVASCULAR ACCIDENT PROPHYLAXIS,1,1
10008014,XARELTO,ATRIAL FIBRILLATION,1,1
10008014,ESCITALOPRAM,Not Reported,2,Not Reported
10008014,ALUMINIUM W/MAGNESIUM HYDROXIDE/SIMETICONE,DYSPEPSIA,2,Not Reported
10008014,FUROSEMIDE,Not Reported,2,Not Reported
10008014,ACETAMINOPHEN,PYREXIA,2,Not Reported
10008014,ACETAMINOPHEN,PAIN,2,Not Reported
10008014,PROMETHAZINE,VOMITING,2,Not Reported
10008014,PROMETHAZINE,NAUSEA,2,Not Reported
10008014,PANTOPRAZOLE,Not Reported,2,Not Reported
10008014,ALPRAZOLAM,Not Reported,2,Not Reported
10008014,DEXTROMETHORPHAN/GUAIFENESIN,COUGH,2,Not Reported
10008014,FERROUS SULFATE,Not Reported,2,Not Reported
10008014,POTASSIUM CHLORIDE,Not Reported,2,Not Reported
10008071,FUROSEMIDE,URINE OUTPUT DECREASED,1,1
10008071,KARVEZIDE,HYPERTENSION,1,1
10008071,CARDIOASPIRIN,PRODUCT USED FOR UNKNOWN INDICATION,2,Not Reported
10008125,FUROSEMIDE.,PRODUCT USED FOR UNKNOWN INDICATION,1,Not Reported
10008125,LETAIRIS,PRODUCT USED FOR UNKNOWN INDICATION,1,4
10008134,AVELOX,PNEUMONIA,1,1
10008134,FUROSEMIDE,Not Reported,2,Not Reported
10008621,JAKAFI,MYELOFIBROSIS,1,Not Reported
10008621,TOPROL,Not Reported,2,Not Reported
10008621,DIOVAN,Not Reported,2,Not Reported
10008621,CYMBALTA,Not Reported,2,Not Reported
10008621,BUPROPION,Not Reported,2,Not Reported
10008621,SYNTHROID,Not Reported,2,Not Reported
10008621,FUROSEMIDE,Not Reported,2,Not Reported
10008621,PROTONIX,Not Reported,2,Not Reported
10008621,GABAPENTIN,Not Reported,2,Not Reported
10008621,ULORIC,Not Reported,2,Not Reported
10008621,NAPROXEN,Not Reported,2,Not Reported
10008645,JAKAFI,MYELOFIBROSIS,1,2
10008645,JAKAFI,Not Reported,1,2
10008645,ALLOPURINOL,Not Reported,2,Not Reported
10008645,FUROSEMIDE,Not Reported,2,Not Reported
10008645,PANTOPRAZOLE,Not Reported,2,Not Reported
10008645,NAPROXEN,Not Reported,2,Not Reported
10008645,MAALOX,Not Reported,2,Not Reported
10008661,ADENURIC,GOUT,1,1
10008661,RUPATADINE,PRODUCT USED FOR UNKNOWN INDICATION,1,1
10008661,FUROSEMIDE,PRODUCT USED FOR UNKNOWN INDICATION,1,1
10008661,LORAZEPAM,PRODUCT USED FOR UNKNOWN INDICATION,1,1
10008661,DAFALGAN CODEINE,PRODUCT USED FOR UNKNOWN INDICATION,1,1
10008697,JAKAFI,MYELOFIBROSIS,1,2
10008697,JAKAFI,Not Reported,1,2
10008697,METFORMIN,Not Reported,2,Not Reported
10008697,GLIPIZIDE,Not Reported,2,Not Reported
10008697,FUROSEMIDE,Not Reported,2,Not Reported
10008697,SPIRONOLACTONE,Not Reported,2,Not Reported
10008730,JAKAFI,MYELOFIBROSIS,1,3
10008730,JAKAFI,Not Reported,1,3
10008730,COUMADIN,Not Reported,2,Not Reported
10008730,SYNTHROID,Not Reported,2,Not Reported
10008730,CITALOPRAM,Not Reported,2,Not Reported
10008730,FUROSEMIDE,Not Reported,2,Not Reported
10008730,ASPIRIN,Not Reported,2,Not Reported
10008730,NEXIUM,Not Reported,2,Not Reported
10008730,SPIRIVA,Not Reported,2,Not Reported
10008730,ALLOPURINOL,Not Reported,2,Not Reported
10008886,JAKAFI,MYELOFIBROSIS,1,4
10008886,SIMVASTATIN,Not Reported,2,Not Reported
10008886,CARVEDILOL,PROPHYLAXIS,2,Not Reported
10008886,FUROSEMIDE,Not Reported,2,Not Reported
10008976,JAKAFI,MYELOFIBROSIS,1,1
10008976,JAKAFI,Not Reported,1,1
10008976,PROCRIT,Not Reported,2,Not Reported
10008976,LIPITOR,Not Reported,2,Not Reported
10008976,TEMAZEPAM,Not Reported,2,Not Reported
10008976,REQUIP,Not Reported,2,Not Reported
10008976,FUROSEMIDE,Not Reported,2,Not Reported
10009032,REVATIO,PULMONARY ARTERIAL HYPERTENSION,1,5
10009032,COUMADIN,Not Reported,2,1
10009032,LEVOTHYROXINE.,PULMONARY ARTERIAL HYPERTENSION,2,Not Reported
10009032,AMBRISENTAN,PULMONARY ARTERIAL HYPERTENSION,1,4
10009032,FLOLAN,PULMONARY ARTERIAL HYPERTENSION,1,4
10009032,FUROSEMIDE.,PULMONARY ARTERIAL HYPERTENSION,2,Not Reported
10009032,DIGOXIN.,PULMONARY ARTERIAL HYPERTENSION,2,Not Reported
10009032,VIAGRA,PULMONARY ARTERIAL HYPERTENSION,1,4
10009050,OXYCODONE,Not Reported,2,Not Reported
10009050,OXCARBAZEPINE.,Not Reported,2,Not Reported
10009050,RAMELTEON,Not Reported,2,Not Reported
10009050,SPIRONOLACTONE.,Not Reported,2,Not Reported
10009050,GABAPENTIN.,Not Reported,2,Not Reported
10009050,KETOCONAZOLE.,Not Reported,2,Not Reported
10009050,FUROSEMIDE.,Not Reported,2,Not Reported
10009050,EPOPROSTENOL.,Not Reported,2,Not Reported
10009050,HALOPERIDOL.,Not Reported,2,Not Reported
10009050,OLANZAPINE.,Not Reported,2,Not Reported
10009050,BENZTROPINE MESYLATE.,Not Reported,2,Not Reported
10009050,LETAIRIS,PULMONARY HYPERTENSION,1,4
10009050,LORAZEPAM.,Not Reported,2,Not Reported
10009050,CITALOPRAM,Not Reported,2,Not Reported
10009050,PANTOPRAZOLE,Not Reported,2,Not Reported
10009050,POTASSIUM CHLORIDE.,Not Reported,2,Not Reported
10009050,WARFARIN SODIUM.,Not Reported,2,Not Reported
10009050,SILDENAFIL.,Not Reported,2,Not Reported
10009166,FUROSEMIDE.,Not Reported,2,Not Reported
10009166,LETAIRIS,PRODUCT USED FOR UNKNOWN INDICATION,1,4
10009175,FUROSEMIDE.,Not Reported,2,Not Reported
10009175,LETAIRIS,PRODUCT USED FOR UNKNOWN INDICATION,1,4
10009226,OXYCODONE,Not Reported,2,Not Reported
10009226,KLOR-CON,Not Reported,2,Not Reported
10009226,REMODULIN,Not Reported,2,Not Reported
10009226,LETAIRIS,SUBSTANCE USE,1,4
10009226,LETAIRIS,PULMONARY HYPERTENSION,1,4
10009226,FUROSEMIDE.,Not Reported,2,Not Reported
10009226,OMEPRAZOLE.,Not Reported,2,Not Reported
10009226,BYSTOLIC,Not Reported,2,Not Reported
10009226,ADCIRCA,Not Reported,2,Not Reported
10009373,JAKAFI,POLYCYTHAEMIA VERA,1,4
10009373,ZOLPIDEM,Not Reported,2,Not Reported
10009373,FUROSEMIDE,Not Reported,2,Not Reported
10009373,ICAPS PLUS,Not Reported,2,Not Reported
10009373,ALLOPURINOL,Not Reported,2,Not Reported
10009373,LEVOTHYROXINE SODIUM,Not Reported,2,Not Reported
10009373,VERAPAMIL HYDROCHLORIDE,Not Reported,2,Not Reported
10009373,MULTIVITAMIN,Not Reported,2,Not Reported
10009373,OMEPRAZOLE,Not Reported,2,Not Reported
10009378,JAKAFI,MYELOFIBROSIS,1,4
10009378,PRAVASTATIN,Not Reported,2,Not Reported
10009378,FLOMAX,Not Reported,2,Not Reported
10009378,IRON,Not Reported,2,Not Reported
10009378,SPIRONOLACTONE,Not Reported,2,Not Reported
10009378,FUROSEMIDE,Not Reported,2,Not Reported
10009378,OMEPRAZOLE,Not Reported,2,Not Reported
10009403,JAKAFI,MYELOFIBROSIS,1,1
10009403,JAKAFI,Not Reported,1,1
10009403,PLAQUENIL,Not Reported,2,Not Reported
10009403,CIPRO,Not Reported,2,Not Reported
10009403,ALLOPURINOL,Not Reported,2,Not Reported
10009403,CALCIUM,Not Reported,2,Not Reported
10009403,MULTIVITAMIN,Not Reported,2,Not Reported
10009403,FUROSEMIDE,Not Reported,2,Not Reported
10009403,HYDROCODONE W/ACETAMINOPHEN,Not Reported,2,Not Reported
10009403,KLOR-CON,Not Reported,2,Not Reported
10009403,OMEPRAZOLE,Not Reported,2,Not Reported
10009403,OSTEO BI-FLEX,Not Reported,2,Not Reported
10009403,PROMETHAZINE,Not Reported,2,Not Reported
10009403,VITAMIN C,Not Reported,2,Not Reported
10009403,VITAMIN E-400,Not Reported,2,Not Reported
10009422,JAKAFI,SPLENOMEGALY,1,4
10009422,POTASSIUM,Not Reported,2,Not Reported
10009422,CARVEDILOL,Not Reported,2,Not Reported
10009422,SOTALOL,Not Reported,2,Not Reported
10009422,FUROSEMIDE,Not Reported,2,Not Reported
10009422,ENALAPRIL,Not Reported,2,Not Reported
10009422,PANTOPRAZOLE,Not Reported,2,Not Reported
10009446,JAKAFI,Not Reported,1,3
10009446,PLAVIX,Not Reported,2,Not Reported
10009446,SENOKOT S,CONSTIPATION,2,Not Reported
10009446,MILK OF MAGNESIA,CONSTIPATION,2,Not Reported
10009446,ZYLOPRIM,Not Reported,2,Not Reported
10009446,ATENOLOL,Not Reported,2,Not Reported
10009446,FUROSEMIDE,Not Reported,2,Not Reported
10009446,SPIRONOLACTONE,Not Reported,2,Not Reported
10009446,CYCLOBENZAPRINE HYDROCHLORIDE,Not Reported,2,Not Reported
10009446,MORPHINE SULFATE,Not Reported,2,Not Reported
10009446,TYLENOL,Not Reported,2,Not Reported
10009446,CEPHALEXIN,Not Reported,2,Not Reported
10009446,JAKAFI,MYELOFIBROSIS,1,3
10009512,JAKAFI,POLYCYTHAEMIA VERA,1,4
10009512,ZOLPIDEM,Not Reported,2,Not Reported
10009512,FUROSEMIDE,Not Reported,2,Not Reported
10009512,ICAPS PLUS,Not Reported,2,Not Reported
10009512,ALLOPURINOL,Not Reported,2,Not Reported
10009512,LEVOTHYROXINE,Not Reported,2,Not Reported
10009512,VERAPAMIL HYDROCHLORIDE,Not Reported,2,Not Reported
10009512,MULTIVITAMIN,Not Reported,2,Not Reported
10009512,OMEPRAZOLE,Not Reported,2,Not Reported
10009568,JAKAFI,MYELOFIBROSIS,1,4
10009568,OMEPRAZOLE,Not Reported,2,Not Reported
10009568,EFFEXOR,Not Reported,2,Not Reported
10009568,CELEXA,Not Reported,2,Not Reported
10009568,PREDNISONE,Not Reported,2,Not Reported
10009568,FOLIC ACID,Not Reported,2,Not Reported
10009568,FUROSEMIDE,Not Reported,2,Not Reported
10009568,POTASSIUM CHLORIDE,Not Reported,2,Not Reported
10009568,FERROUS SULFATE,Not Reported,2,Not Reported
10009568,ASPIRIN,Not Reported,2,Not Reported
10009568,FLOMAX,Not Reported,2,Not Reported
10009568,ZESTRIL,Not Reported,2,Not Reported
10009568,PROTONIX,Not Reported,2,Not Reported
10009568,PROMETHAZINE,Not Reported,2,Not Reported
10009568,FLEXERIL,Not Reported,2,Not Reported
10009568,ANTIVERT,Not Reported,2,Not Reported
10009568,ALDACTONE,Not Reported,2,Not Reported
10009568,TOPROL XL,Not Reported,2,Not Reported
10009568,AMILORIDE,Not Reported,2,Not Reported
10009568,PRAVASTATIN,Not Reported,2,Not Reported
10009568,LORTAB,Not Reported,2,Not Reported
10009589,JAKAFI,MYELOFIBROSIS,1,1
10009589,JAKAFI,Not Reported,1,1
10009589,MESALAMINE,Not Reported,2,Not Reported
10009589,NADOLOL,Not Reported,2,Not Reported
10009589,SPIRONOLACTONE,Not Reported,2,Not Reported
10009589,FUROSEMIDE,Not Reported,2,Not Reported
10009659,JAKAFI,MYELOFIBROSIS,1,5
10009659,SPIRONOLACTONE,Not Reported,2,Not Reported
10009659,FUROSEMIDE,Not Reported,2,Not Reported
10009659,OMEPRAZOLE,Not Reported,2,Not Reported
10009659,LEVOTHYROXINE,Not Reported,2,Not Reported
10009659,IRON,Not Reported,2,Not Reported
10009659,BABY ASPIRIN,Not Reported,2,Not Reported
10009689,JAKAFI,MYELOFIBROSIS,1,1
10009689,JAKAFI,Not Reported,1,1
10009689,PROCRIT,Not Reported,2,Not Reported
10009689,CARVEDILOL,Not Reported,2,Not Reported
10009689,PROTONIX,Not Reported,2,Not Reported
10009689,ENALAPRIL,Not Reported,2,Not Reported
10009689,FUROSEMIDE,Not Reported,2,Not Reported
10009689,POTASSIUM,Not Reported,2,Not Reported
10009689,SOTALOL,Not Reported,2,Not Reported
10009689,OMEGA 3 FISH OIL,Not Reported,2,Not Reported
10009689,IRON,MINERAL SUPPLEMENTATION,2,Not Reported
10009892,JAKAFI,MYELOFIBROSIS,1,5
10009892,AMBIEN,Not Reported,2,Not Reported
10009892,NEXIUM,Not Reported,2,Not Reported
10009892,VESICARE,Not Reported,2,Not Reported
10009892,FUROSEMIDE,Not Reported,2,Not Reported
10009920,JAKAFI,MYELOFIBROSIS,1,2
10009920,JAKAFI,Not Reported,1,2
10009920,COREG,Not Reported,2,Not Reported
10009920,FOSAMAX,Not Reported,2,Not Reported
10009920,LEVOTHYROXINE,Not Reported,2,Not Reported
10009920,FUROSEMIDE,Not Reported,2,Not Reported
10009920,ASPIRIN,Not Reported,2,Not Reported
10010049,JAKAFI,MYELOFIBROSIS,1,3
10010049,JAKAFI,Not Reported,1,3
10010049,MYLERAN,Not Reported,2,Not Reported
10010049,FUROSEMIDE,Not Reported,2,Not Reported
10010049,LEVOTHYROXINE,Not Reported,2,Not Reported
10010049,CARVEDILOL,Not Reported,2,Not Reported
10010049,DEFEROXAMINE,Not Reported,2,Not Reported
10010049,PROCRIT,Not Reported,2,Not Reported
10010062,FUROSEMIDE,URINE OUTPUT DECREASED,1,1
10010062,FUROSEMIDE,Not Reported,1,1
10010062,KARVEZIDE,HYPERTENSION,1,1
10010062,CARDIOASPIRIN - 100 MG COMPRESSE GASTRORESISTENTI,PRODUCT USED FOR UNKNOWN INDICATION,2,5
10010074,JAKAFI,MYELOFIBROSIS,1,Not Reported
10010074,FUROSEMIDE,Not Reported,2,Not Reported
10010074,GLIMEPIRIDE,Not Reported,2,Not Reported
10010074,CARVEDILOL,Not Reported,2,Not Reported
10010074,DOXEPIN,Not Reported,2,Not Reported
10010165,JAKAFI,MYELOFIBROSIS,1,5
10010165,AMIODARONE,Not Reported,2,Not Reported
10010165,ASPIRIN,Not Reported,2,Not Reported
10010165,BISOPROLOL,Not Reported,2,Not Reported
10010165,PROTONIX,Not Reported,2,Not Reported
10010165,SYNTHROID,Not Reported,2,Not Reported
10010165,HYDRALAZINE,Not Reported,2,Not Reported
10010165,FUROSEMIDE,Not Reported,2,Not Reported
10010165,ZOCOR,Not Reported,2,Not Reported
10010193,JAKAFI,MYELOFIBROSIS,1,4
10010193,LEVOTHYROXINE,Not Reported,2,Not Reported
10010193,NEXIUM,Not Reported,2,Not Reported
10010193,WELCHOL,Not Reported,2,Not Reported
10010193,KLONOPIN,Not Reported,2,Not Reported
10010193,PAXIL,Not Reported,2,Not Reported
10010193,GABAPENTIN,Not Reported,2,Not Reported
10010193,FUROSEMIDE,Not Reported,2,Not Reported
10010193,XARELTO,Not Reported,2,Not Reported
10010193,MAGNESIUM OXIDE,Not Reported,2,Not Reported
10010193,HYDREA,Not Reported,2,Not Reported
10010193,ACYCLOVIR,Not Reported,2,Not Reported
10010193,VITAMIN D NOS,Not Reported,2,Not Reported
10010193,CALCIUM,Not Reported,2,Not Reported
10010193,FAMCICLOVIR,Not Reported,2,Not Reported
10010193,MACRODANTIN,Not Reported,2,Not Reported
10010193,ASPIRIN,Not Reported,2,Not Reported
10010193,MULTIVITAMIN,Not Reported,2,Not Reported
10010193,TYLENOL PM EXTRA STRENGTH,Not Reported,2,Not Reported
10010222,JAKAFI,Not Reported,1,1
10010222,ALLOPURINOL,Not Reported,2,Not Reported
10010222,FUROSEMIDE,Not Reported,2,Not Reported
10010271,XOLAIR,ASTHMA,1,5
10010271,LORAZEPAM,Not Reported,2,Not Reported
10010271,AMBIEN,Not Reported,2,Not Reported
10010271,EPIPEN,Not Reported,2,Not Reported
10010271,PANTOPRAZOLE,Not Reported,2,Not Reported
10010271,PROPRANOLOL,Not Reported,2,Not Reported
10010271,FUROSEMIDE,Not Reported,2,Not Reported
10010271,CRESTOR,Not Reported,2,Not Reported
10010271,ADVAIR,Not Reported,2,Not Reported
10010271,MONTELUKAST,Not Reported,2,Not Reported
10010271,SINGULAIR,ASTHMA,2,Not Reported
10010271,PREDNISOLONE,Not Reported,2,Not Reported
10010271,GATIFLOXACIN,Not Reported,2,Not Reported
10010471,AVONEX,MULTIPLE SCLEROSIS,1,4
10010471,AMITRIPTYLINE,Not Reported,2,Not Reported
10010471,ASPIRIN,Not Reported,2,Not Reported
10010471,CALCIUM-VITAMIN D,Not Reported,2,Not Reported
10010471,CLONAZEPAM,Not Reported,2,Not Reported
10010471,FUROSEMIDE,Not Reported,2,Not Reported
10010471,HYDROCODONE-ACETAMINOPHEN.,Not Reported,2,Not Reported
10010471,IBUPROFEN,Not Reported,2,Not Reported
10010471,VITAMIN D,Not Reported,2,Not Reported
10010652,METHOXY POLYETHYLENE GLYCOL-EPOETIN BETA,Not Reported,1,4
10010652,FUROSEMIDE.,Not Reported,2,Not Reported
10010652,CRESTOR,Not Reported,2,Not Reported
10010652,AMLODIN,Not Reported,2,4
10010652,JUVELA N,Not Reported,2,Not Reported
10010652,ALFAROL,Not Reported,2,Not Reported
10010652,ADALAT CC,Not Reported,2,4
10010652,GASTER,Not Reported,2,Not Reported
10010652,TAKEPRON,Not Reported,2,4
10010652,FEBURIC,Not Reported,2,Not Reported
10010652,MICARDIS,Not Reported,2,4
10010652,METHOXY POLYETHYLENE GLYCOL-EPOETIN BETA,NEPHROGENIC ANAEMIA,1,4
10010652,SODIUM BICARBONATE.,Not Reported,2,Not Reported
10011344,ACEON,CARDIAC FAILURE CONGESTIVE,1,Not Reported
10011344,DICLOFENAC (DICLOFENAC),OSTEOARTHRITIS,1,Not Reported
10011344,FUROSEMIDE (FUROSEMIDE),CARDIAC FAILURE CONGESTIVE,1,Not Reported
10011549,EVOLTRA,ACUTE LYMPHOCYTIC LEUKAEMIA RECURRENT,1,5
10011549,TARGOCID,PRODUCT USED FOR UNKNOWN INDICATION,1,5
10011549,MEROPENEM,PRODUCT USED FOR UNKNOWN INDICATION,1,5
10011549,ONCOVIN,ACUTE LYMPHOCYTIC LEUKAEMIA RECURRENT,2,Not Reported
10011549,DECADRON,ACUTE LYMPHOCYTIC LEUKAEMIA RECURRENT,2,Not Reported
10011549,SOLU-CORTEF,ACUTE LYMPHOCYTIC LEUKAEMIA RECURRENT,2,Not Reported
10011549,FUROSEMIDE,Not Reported,2,Not Reported
10011549,ANTIHYPERTENSIVES,Not Reported,2,Not Reported
10011549,OXYGEN,Not Reported,2,Not Reported
10011549,VINCRISTINE,Not Reported,2,Not Reported
10011549,DEXAMETHASONE,Not Reported,2,Not Reported
10011549,NEO-MINOPHAGEN C,Not Reported,2,Not Reported
10011549,ALBUMIN,Not Reported,2,Not Reported
10011549,LIDOCAINE,Not Reported,2,Not Reported
10011549,ATROPINE,Not Reported,2,Not Reported
10011692,"REMODULIN (2.5 MILLIGRAM/MILLILITERS, INJECTION FOR INFUSION) (TREPROSTINIL SODIUM)",PULMONARY ARTERIAL HYPERTENSION,1,Not Reported
10011692,POTASSIUM CHLORIDE,Not Reported,2,Not Reported
10011692,ULORIC (FEBUXOSTAT),Not Reported,2,Not Reported
10011692,REVATIO (SILDENAFIL CITRATE),Not Reported,2,Not Reported
10011692,LETAIRIS (AMBRISENTAN) (TABLETS),Not Reported,2,Not Reported
10011692,IRON,Not Reported,2,Not Reported
10011692,CALCIUM,Not Reported,2,Not Reported
10011692,VITAMIN D3 (COLECALCIFEROL),Not Reported,2,Not Reported
10011692,ADVAIR (SERETIDE /01420901/),Not Reported,2,Not Reported
10011692,LASIX (FUROSEMIDE),Not Reported,2,Not Reported
10011692,PROTONIX (PANTOPRAZOLE),Not Reported,2,Not Reported
10011692,ZOCOR (SIMVASTATIN),Not Reported,2,Not Reported
10011692,DIGOXIN,Not Reported,2,Not Reported
10011862,FUROSEMIDE,OEDEMA PERIPHERAL,1,1
10011862,INSULIN LISPRO,PRODUCT USED FOR UNKNOWN INDICATION,2,5
10011862,INSULIN GLULISINE,PRODUCT USED FOR UNKNOWN INDICATION,2,5
10011864,LIPITOR,CARDIOVASCULAR EVENT PROPHYLAXIS,1,5
10011864,LIPITOR,BLOOD TRIGLYCERIDES INCREASED,1,5
10011864,FUROSEMIDE.,HYPERTENSION,2,Not Reported
10011864,LIPITOR,BLOOD CHOLESTEROL INCREASED,1,5
10011864,LIPITOR,LOW DENSITY LIPOPROTEIN INCREASED,1,5
10012101,SULBACILLIN,PRODUCT USED FOR UNKNOWN INDICATION,1,Not Reported
10012101,ARTIST,CARDIAC FAILURE,2,Not Reported
10012101,FUROSEMIDE.,Not Reported,2,Not Reported
10012101,TOLVAPTAN,FLUID RETENTION,1,6
10012101,FUROSEMIDE.,CARDIAC FAILURE,2,Not Reported
10012101,TAKEPRON,PROPHYLAXIS AGAINST GASTROINTESTINAL ULCER,1,Not Reported
10012101,ASPIRIN.,CARDIAC FAILURE,2,Not Reported
10012101,THYRADIN S,PRODUCT USED FOR UNKNOWN INDICATION,2,Not Reported
10012143,TAMSULOSIN,PRODUCT USED FOR UNKNOWN INDICATION,1,5
10012143,DANTROLENE,PRODUCT USED FOR UNKNOWN INDICATION,1,5
10012143,BACLOFEN INTRATHECAL,Not Reported,1,2
10012143,BACLOFEN.,Not Reported,1,3
10012143,HYDROMORPHONE,PRODUCT USED FOR UNKNOWN INDICATION,1,5
10012143,SEROQUEL,PRODUCT USED FOR UNKNOWN INDICATION,1,5
10012143,SIMVASTATIN.,PRODUCT USED FOR UNKNOWN INDICATION,1,5
10012143,CYMBALTA,PRODUCT USED FOR UNKNOWN INDICATION,1,5
10012143,BACLOFEN INTRATHECAL,MUSCLE SPASTICITY,1,2
10012143,POTASSIUM CHLORIDE.,PRODUCT USED FOR UNKNOWN INDICATION,1,5
10012143,BISACODYL.,PRODUCT USED FOR UNKNOWN INDICATION,1,5
10012143,LIORESAL,PRODUCT USED FOR UNKNOWN INDICATION,1,5
10012143,BACLOFEN.,PRODUCT USED FOR UNKNOWN INDICATION,1,3
10012143,FUROSEMIDE.,PRODUCT USED FOR UNKNOWN INDICATION,1,5
10012143,HYDROCHLOROTHIAZIDE.,PRODUCT USED FOR UNKNOWN INDICATION,1,5
10012143,VALIUM,PRODUCT USED FOR UNKNOWN INDICATION,1,5
10012436,VELETRI,Not Reported,1,4
10012436,TRACLEER,PULMONARY ARTERIAL HYPERTENSION,1,5
10012436,VELETRI,PULMONARY ARTERIAL HYPERTENSION,1,4
10012436,FUROSEMIDE.,Not Reported,2,Not Reported
10012436,ADCIRCA,Not Reported,2,Not Reported
10012436,GABAPENTIN.,Not Reported,2,Not Reported
10012436,IRON,Not Reported,2,Not Reported
10012436,IBUPROFEN.,Not Reported,2,Not Reported
10012436,LOMOTIL,Not Reported,2,Not Reported
10012436,SERTRALINE,Not Reported,2,Not Reported
10012436,TRACLEER,Not Reported,1,5
10012436,POTASSIUM,Not Reported,2,Not Reported
10012436,TYLENOL,Not Reported,2,Not Reported
10012448,TRACLEER,PULMONARY HYPERTENSION,1,1
10012448,FERROUS CITRATE,Not Reported,2,Not Reported
10012448,ALENDRONATE SODIUM.,Not Reported,2,Not Reported
10012448,OXYGEN.,Not Reported,2,Not Reported
10012448,TRACLEER,Not Reported,1,1
10012448,ASPIRIN.,MYOCARDIAL ISCHAEMIA,1,5
10012448,FUROSEMIDE.,Not Reported,2,Not Reported
10012448,POLYCARBOPHIL CALCIUM,Not Reported,2,Not Reported
10012448,NIZATIDINE.,Not Reported,2,Not Reported
10012448,TADALAFIL,Not Reported,2,Not Reported
10012448,BERAPROST SODIUM,PULMONARY HYPERTENSION,1,5
10012448,BROMHEXINE HYDROCHLORIDE,Not Reported,2,Not Reported
10012448,BIFIDOBACTERIUM NOS,Not Reported,2,Not Reported
10012448,SPIRONOLACTONE.,Not Reported,2,Not Reported
10012448,PREDNISOLONE.,Not Reported,2,Not Reported
10012448,LOXOPROFEN SODIUM,Not Reported,2,Not Reported
10012675,RAMIPRIL.,ATRIAL FIBRILLATION,2,5
10012675,SOTALEX,Not Reported,2,5
10012675,FUROSEMIDE.,Not Reported,2,5
10012675,TEMERIT,ATRIAL FIBRILLATION,2,5
10012675,LEVOTHYROX,Not Reported,2,5
10012675,CYMBALTA,Not Reported,2,5
10012675,ZYLORIC,Not Reported,2,5
10012675,TEGRETOL,BIPOLAR DISORDER,1,4
10012675,XARELTO,ATRIAL FIBRILLATION,3,1
10012675,FLECAINE,ATRIAL FIBRILLATION,2,5
10012916,FUROSEMIDE (UNKNOWN),PRODUCT USED FOR UNKNOWN INDICATION,1,4
10012916,RAMIPRIL (UNKNOWN),PRODUCT USED FOR UNKNOWN INDICATION,1,1
10012916,DIURESIX,PRODUCT USED FOR UNKNOWN INDICATION,1,1
10012916,NORVASC,PRODUCT USED FOR UNKNOWN INDICATION,2,Not Reported
10012916,CODEINE COMPOUND                   /00116401/,PRODUCT USED FOR UNKNOWN INDICATION,2,Not Reported
10012916,ANSIOLIN,PRODUCT USED FOR UNKNOWN INDICATION,2,Not Reported
10012916,ATENOLOL,PRODUCT USED FOR UNKNOWN INDICATION,2,Not Reported
10012916,ALLOPURINOL,PRODUCT USED FOR UNKNOWN INDICATION,2,Not Reported
10012916,SIMVASTATIN,PRODUCT USED FOR UNKNOWN INDICATION,2,Not Reported
10012951,FUROSEMIDE,Not Reported,1,1
10012951,METHYLPREDNISOLONE,NEPHROTIC SYNDROME,1,5
10012951,PREDNISONE,NEPHROTIC SYNDROME,1,5
10012955,RAMIPRIL.,HYPERTENSION,1,Not Reported
10012955,BISOPROLOL,CARDIAC FAILURE,1,2
10012955,ACETYLSALICYLIC ACID,MYOCARDIAL ISCHAEMIA,2,4
10012955,GLIBENCLAMIDE,DIABETES MELLITUS,2,Not Reported
10012955,FUROSEMIDE.,CARDIAC FAILURE,2,4
10012955,BISOPROLOL,Not Reported,1,2
10012955,PLACEBO,CARDIAC FAILURE ACUTE,1,6
10013688,SYNAGIS,HEART DISEASE CONGENITAL,1,4
10013688,SPIRONOLACTONE,CARDIOMYOPATHY,2,Not Reported
10013688,FUROSEMIDE,CARDIOMYOPATHY,2,Not Reported
10013688,GALFER,PRODUCT USED FOR UNKNOWN INDICATION,2,Not Reported
10013688,ZOTON,CARDIOMYOPATHY,2,Not Reported
10013688,AMIODARONE,CARDIOMYOPATHY,2,Not Reported
10013688,CAPTOPRIL,CARDIOMYOPATHY,2,Not Reported
10013688,ABIDEC,PRODUCT USED FOR UNKNOWN INDICATION,2,Not Reported
10013688,ASPIRIN,CARDIOMYOPATHY,2,Not Reported
10013688,TRIMETHOPRIM,PROPHYLAXIS,2,Not Reported
10013875,FUROSEMIDE.,OEDEMA PERIPHERAL,1,1
10013875,INSULIN GLULISINE,PRODUCT USED FOR UNKNOWN INDICATION,2,5
10013875,INSULIN LISPRO,PRODUCT USED FOR UNKNOWN INDICATION,2,5
10013967,XARELTO,CEREBROVASCULAR ACCIDENT PROPHYLAXIS,1,1
10013967,XARELTO,ATRIAL FIBRILLATION,1,1
10013967,FUROSEMIDE.,Not Reported,2,Not Reported
10013967,SECTRAL,ATRIAL FIBRILLATION,2,Not Reported
10013993,XEPLION,PRODUCT USED FOR UNKNOWN INDICATION,1,5
10013993,ARIPIPRAZOLE,Not Reported,2,Not Reported
10013993,FUROSEMIDE,Not Reported,2,Not Reported
10013993,ORPHENADRINE,Not Reported,2,Not Reported
10013993,HYOSCINE,Not Reported,2,Not Reported
10013994,NORETHISTERONE,VAGINAL HAEMORRHAGE,1,Not Reported
10013994,LACTULOSE,Not Reported,2,Not Reported
10013994,CHOLESTYRAMINE,Not Reported,2,Not Reported
10013994,FUROSEMIDE,Not Reported,2,Not Reported
10013994,URSODEOXYCHOLIC ACID,Not Reported,2,Not Reported
10013994,MIRTAZAPINE,Not Reported,2,Not Reported
10013994,RIFAMPICIN,Not Reported,2,Not Reported
10013994,SPIROLACTONE,Not Reported,2,Not Reported
10013994,ADCAL-D3,Not Reported,2,Not Reported
10014432,MOMETASONE FUROATE,Product used for unknown indication,1,5
10014432,ALENDRONATE SODIUM,Product used for unknown indication,1,5
10014432,ALENDRONATE SODIUM,Not Reported,1,5
10014432,LORATADINE,Product used for unknown indication,1,5
10014432,LORATADINE,Not Reported,1,5
10014432,NAPROXEN SODIUM,Product used for unknown indication,1,5
10014432,THYMOCYTE IMMUNE GLOBULIN NOS,Product used for unknown indication,1,5
10014432,ATIVAN,Product used for unknown indication,1,5
10014432,BACLOFEN,Product used for unknown indication,1,5
10014432,BACLOFEN,Not Reported,1,5
10014432,CALCIUM,Product used for unknown indication,1,5
10014432,CALCIUM CARBONATE,Product used for unknown indication,1,5
10014432,CREATINE,Product used for unknown indication,1,5
10014432,CYMBALTA,Pain,1,5
10014432,CYMBALTA,Not Reported,1,5
10014432,DOCUSATE SODIUM,Product used for unknown indication,1,5
10014432,DULOXETINE HYDROCHLORIDE,Not Reported,1,5
10014432,ERGOCALCIFEROL,Product used for unknown indication,1,5
10014432,FOLIC ACID,Product used for unknown indication,1,5
10014432,FOLIC ACID,Not Reported,1,5
10014432,FUROSEMIDE,Product used for unknown indication,1,5
10014432,GLICLAZIDE,Not Reported,1,5
10014432,HORSE CHESTNUT,Product used for unknown indication,1,5
10014432,HYDROMORPHONE,Product used for unknown indication,1,5
10014432,HYDROMORPHONE,Not Reported,1,5
10014432,IMODIUM,Product used for unknown indication,1,5
10014432,IMODIUM,Not Reported,1,5
10014432,LACTOBACILLUS ACIDOPHILUS,Product used for unknown indication,1,5
10014432,LYRICA,Product used for unknown indication,1,5
10014432,MELATONIN,Product used for unknown indication,1,5
10014432,MYCOPHENOLATE MOFETIL,Not Reported,1,5
10014432,NORTRIPTYLINE HYDROCHLORIDE,Product used for unknown indication,1,5
10014432,HYDROCHLOROTHIAZIDE,Product used for unknown indication,1,5
10014432,HYDROCHLOROTHIAZIDE,Not Reported,1,5
10014432,OMEGA-3 FATTY ACIDS,Not Reported,1,5
10014432,POTASSIUM CHLORIDE,Product used for unknown indication,1,5
10014432,POTASSIUM CHLORIDE,Not Reported,1,5
10014432,PREDNISONE,Product used for unknown indication,1,5
10014432,PYRIDOXINE HYDROCHLORIDE,Not Reported,1,5
10014432,RANITIDINE HYDROCHLORIDE,Product used for unknown indication,1,5
10014432,FISH OIL,Product used for unknown indication,1,5
10014432,SENNA LEAF,Not Reported,1,5
10014432,SENNOSIDES,Not Reported,1,5
10014432,SULFADIAZINE\TRIMETHOPRIM,Product used for unknown indication,1,5
10014432,SULFADIAZINE\TRIMETHOPRIM,Not Reported,1,5
10014432,TIZANIDINE HYDROCHLORIDE,Not Reported,1,5
10014432,RETINOL,Not Reported,1,5
10014432,VITAMIN B COMPLEX,Product used for unknown indication,1,5
10014432,WARFARIN,Product used for unknown indication,1,5
10014432,ZANTAC,Product used for unknown indication,1,5
10014432,ZOPICLONE,Product used for unknown indication,1,5
10014432,ZOPICLONE,Not Reported,1,5
10014432,DIETARY SUPPLEMENT\PROBIOTICS,Not Reported,1,5
10014432,BIFIDOBACTERIUM ANIMALIS LACTIS\LACTOBACILLUS ACIDOPHILUS,Not Reported,1,5
10014432,BIFIDOBACTERIUM BIFIDUM,Product used for unknown indication,1,5
10014432,PROBIOTICS NOS,Not Reported,1,5
10014432,BROMHEXINE HYDROCHLORIDE,Not Reported,1,5
10014432,LORATADINE\PSEUDOEPHEDRINE SULFATE,Product used for unknown indication,1,5
10014432,CLORPRENALINE HYDROCHLORIDE,Not Reported,1,5
10014432,CYANOCOBALAMIN,Product used for unknown indication,1,5
10014432,CYANOCOBALAMIN,Not Reported,1,5
10014432,MINERALS\VITAMINS,Product used for unknown indication,1,5
10014432,DEXPANTHENOL,Not Reported,1,5
10014432,DOCONEXENT\ICOSAPENT,Product used for unknown indication,1,5
10014432,HUMAN IMMUNOGLOBULIN G,Not Reported,1,5
10014432,MYCOPHENOLIC ACID,Product used for unknown indication,1,5
10014432,NASONEX,Not Reported,1,5
10014432,NIACINAMIDE,Not Reported,1,5
10014432,SULFAMETHOXAZOLE,Not Reported,1,5
10014432,SENOKOT,Product used for unknown indication,1,5
10014432,SULFAMETHOXAZOLE\TRIMETHOPRIM,Product used for unknown indication,1,5
10014432,SULFAMETHOXAZOLE\TRIMETHOPRIM,Not Reported,1,5
10014432,DULOXETINE,Product used for unknown indication,1,5
10014432,DULOXETINE,Not Reported,1,5
10014432,TIZANIDINE,Product used for unknown indication,1,5
10014432,TIZANIDINE,Not Reported,1,5
10014432,TRIAMTERENE,Product used for unknown indication,1,5
10014432,TRIMIPRAMINE,Not Reported,1,5
10014432,VITAMIN A,Product used for unknown indication,1,5
10014432,VITAMIN A,Not Reported,1,5
10014432,VITAMIN B12,Not Reported,1,5
10014432,VITAMIN C,Product used for unknown indication,1,5
10014432,CHOLECALCIFEROL,Product used for unknown indication,1,5
10014432,.ALPHA.-TOCOPHEROL,Not Reported,1,5
10014535,ALPHA LIPOIC ACID,PRODUCT USED FOR UNKNOWN INDICATION,2,6
10014535,POTASSIUM,PRODUCT USED FOR UNKNOWN INDICATION,2,6
10014535,ASPIRIN.,PRODUCT USED FOR UNKNOWN INDICATION,2,6
10014535,PROTONIX,PRODUCT USED FOR UNKNOWN INDICATION,2,6
10014535,CEFUROXIME.,PRODUCT USED FOR UNKNOWN INDICATION,2,6
10014535,XTANDI,BONE CANCER,1,6
10014535,FUROSEMIDE.,PRODUCT USED FOR UNKNOWN INDICATION,2,6
10014535,PANTOPRAZOLE,PRODUCT USED FOR UNKNOWN INDICATION,2,6
10014535,CARDIZEM,PRODUCT USED FOR UNKNOWN INDICATION,2,6
10014535,LASIX,PRODUCT USED FOR UNKNOWN INDICATION,2,6
10014535,TAMSULOSIN,PRODUCT USED FOR UNKNOWN INDICATION,2,6
10014535,OXYCODONE,PRODUCT USED FOR UNKNOWN INDICATION,2,6
10014535,AMOXICILLIN.,PRODUCT USED FOR UNKNOWN INDICATION,2,6
10014535,SODIUM,PRODUCT USED FOR UNKNOWN INDICATION,2,6
10014535,ELIQUIS,PRODUCT USED FOR UNKNOWN INDICATION,2,6
10014535,BENZONATATE.,PRODUCT USED FOR UNKNOWN INDICATION,2,6
10014535,GABAPENTIN.,PRODUCT USED FOR UNKNOWN INDICATION,1,6
10014535,PLAVIX,PRODUCT USED FOR UNKNOWN INDICATION,2,6
10014535,SINGULAIR,PRODUCT USED FOR UNKNOWN INDICATION,2,6
10014535,KLOR-CON,PRODUCT USED FOR UNKNOWN INDICATION,2,6
10014535,MONTELUKAST,PRODUCT USED FOR UNKNOWN INDICATION,2,6
10014535,OXYCODONE AND ACETAMINOPHEN,PRODUCT USED FOR UNKNOWN INDICATION,2,6
10014535,XTANDI,HORMONE-REFRACTORY PROSTATE CANCER,1,6
10014535,DILTIAZEM.,PRODUCT USED FOR UNKNOWN INDICATION,2,6
10014593,OMEPRAZOLE.,GASTROINTESTINAL DISORDER,2,Not Reported
10014593,MAGLAX,CONSTIPATION,2,Not Reported
10014593,MORPHINE HYDROCHLORIDE,CANCER PAIN,1,Not Reported
10014593,INDERAL,ASCITES,1,Not Reported
10014593,FENTANYL CITRATE.,CANCER PAIN,2,Not Reported
10014593,REBAMIPIDE,GASTROINTESTINAL DISORDER,2,Not Reported
10014593,TRICHLORMETHIAZIDE,COLON CANCER,2,Not Reported
10014593,HICALIQ,GENERAL PHYSICAL HEALTH DETERIORATION,2,Not Reported
10014593,PRIMPERAN,ENDOSCOPIC RETROGRADE CHOLANGIOPANCREATOGRAPHY,2,Not Reported
10014593,FUROSEMIDE.,COLON CANCER,2,Not Reported
10014593,FENTANYL CITRATE.,COLON CANCER,2,Not Reported
10014593,SPIRONOLACTONE.,COLON CANCER,1,Not Reported
10014593,SOLDACTONE,COLON CANCER,2,Not Reported
10014593,POLAPREZINC,GASTROINTESTINAL DISORDER,2,Not Reported
10014593,STIVARGA,COLORECTAL CANCER,1,1
10014593,MORPHINE HYDROCHLORIDE,COLON CANCER,1,Not Reported
10014593,GENTAMICIN SULFATE,DRUG TOXICITY PROPHYLAXIS,2,Not Reported
10014593,LOXONIN,COLON CANCER,2,Not Reported
10014593,MAGLAX,COLON CANCER,2,Not Reported
10014593,VERAPAMIL HCL,COLON CANCER,2,Not Reported
10014593,INDERAL,COLON CANCER,1,Not Reported
10014593,SEISHOKU,Not Reported,2,Not Reported
10014593,LAFUTIDINE,GASTROINTESTINAL DISORDER,2,Not Reported
10014593,LOXONIN,PAIN,2,Not Reported
10014722,RAMIPRIL,CARDIAC FAILURE,1,1
10014722,RAMIPRIL,Not Reported,1,1
10014722,MAREVAN,ATRIAL FIBRILLATION,1,5
10014722,MAREVAN,Not Reported,1,5
10014722,SPIRON (SPIRONOLACTONE),CARDIAC FAILURE,1,5
10014722,WARFARIN,Not Reported,1,5
10014722,AMARYL,DIABETES MELLITUS,2,Not Reported
10014722,ASPIRIN,ACUTE MYOCARDIAL INFARCTION,2,Not Reported
10014722,BURINEX,CARDIAC FAILURE,2,Not Reported
10014722,BYETTA,DIABETES MELLITUS,2,Not Reported
10014722,CARVEDILOL,CARDIAC FAILURE,2,Not Reported
10014722,CARVEDILOL,Not Reported,2,Not Reported
10014722,CITALOPRAM,DEPRESSION,2,Not Reported
10014722,DIGOXIN,VENTRICULAR TACHYCARDIA,2,Not Reported
10014722,DIMITONE,MYOCARDIAL ISCHAEMIA,2,Not Reported
10014722,FUROSEMIDE,CARDIAC FAILURE,2,Not Reported
10014722,ISODUR,CARDIAC FAILURE,2,Not Reported
10014722,ISODUR,Not Reported,2,Not Reported
10014722,LASIX RETARD,CARDIAC FAILURE,2,Not Reported
10014722,METFORMIN,DIABETES MELLITUS,2,Not Reported
10014722,METFORMIN,Not Reported,2,Not Reported
10014722,NORVASC,HYPERTENSION,2,Not Reported
10014722,ODRIK,CARDIAC FAILURE,2,Not Reported
10014722,PANTOPRAZOLE,GASTRIC ULCER,2,Not Reported
10014722,PANTOPRAZOLE,Not Reported,2,Not Reported
10014722,SELOZOK,CARDIAC FAILURE,2,Not Reported
10014722,SPIRONOLACTONE,CARDIAC FAILURE,2,Not Reported
10014722,VENLAFAXIN,DEPRESSION,2,Not Reported
10014722,ZARATOR,HYPERCHOLESTEROLAEMIA,2,Not Reported
10014722,ZARATOR,Not Reported,2,Not Reported
10014722,ZAROXOLYN,CARDIAC FAILURE,2,Not Reported
10014757,LIPITOR,BLOOD CHOLESTEROL INCREASED,1,5
10014757,LIPITOR,BLOOD TRIGLYCERIDES INCREASED,1,5
10014757,FUROSEMIDE.,HYPERTENSION,2,Not Reported
10014839,LIDOCAINE,Not Reported,1,Not Reported
10014839,PROPOFOL,Not Reported,1,Not Reported
10014839,PALONOSETRON,Not Reported,1,Not Reported
10014839,SEVOFLURANE,Not Reported,1,Not Reported
10014839,ROCURONIUM,Not Reported,1,Not Reported
10014839,NICORANDILE,ATRIAL FIBRILLATION,2,Not Reported
10014839,MOLSIDOMINE,ATRIAL FIBRILLATION,2,Not Reported
10014839,ISOSORBIDE DINITRATE,ATRIAL FIBRILLATION,2,Not Reported
10014839,DIGOXIN,ATRIAL FIBRILLATION,2,Not Reported
10014839,FUROSEMIDE,ATRIAL FIBRILLATION,2,Not Reported
10014839,SPIRONOLACTONE,ATRIAL FIBRILLATION,2,Not Reported
10014984,SPIRIVA,BRONCHITIS CHRONIC,1,4
10014984,FUROSEMIDE,FLUID IMBALANCE,2,Not Reported
10015189,ADEMPAS,PULMONARY ARTERIAL HYPERTENSION,1,Not Reported
10015189,TRACLEER,PULMONARY ARTERIAL HYPERTENSION,2,Not Reported
10015189,RANITIDINI HYDROCHLORIDUM,Not Reported,2,Not Reported
10015189,OXYGEN.,Not Reported,2,Not Reported
10015189,FUROSEMIDE.,Not Reported,2,Not Reported
10015189,NAPROXEN.,Not Reported,2,Not Reported
10015245,PRISTIQ,DEPRESSION,1,4
10015245,LYRICA,FIBROMYALGIA,2,Not Reported
10015245,ABILIFY,Not Reported,2,Not Reported
10015245,ASPIRIN,Not Reported,2,Not Reported
10015245,ATENOLOL,Not Reported,2,Not Reported
10015245,AZELASTINE,Not Reported,2,Not Reported
10015245,CITRUCEL,Not Reported,2,Not Reported
10015245,CLARITIN,Not Reported,2,Not Reported
10015245,CYMBALTA,Not Reported,2,Not Reported
10015245,FEXOFENADINE,Not Reported,2,Not Reported
10015245,FUROSEMIDE,Not Reported,2,Not Reported
10015245,IBUPROFEN,Not Reported,2,Not Reported
10015245,KLONOPIN,Not Reported,2,Not Reported
10015245,LASIX,Not Reported,2,Not Reported
10015245,LEVOTHYROXINE,Not Reported,2,Not Reported
10015245,LORTAB,Not Reported,2,Not Reported
10015245,NASONEX,Not Reported,2,Not Reported
10015245,SIMVASTATIN,Not Reported,2,Not Reported
10015245,TOPAMAX,Not Reported,2,Not Reported
10015245,TOPIRAMATE,Not Reported,2,Not Reported
10015467,ATACAND PLUS,Not Reported,1,1
10015467,WARAN,Not Reported,2,Not Reported
10015467,FUROSEMIDE.,Not Reported,1,1
10015470,LISPINOPRIL,BLOOD PRESSURE ABNORMAL,1,4
10015470,PULMICORT TURBUHALER,CHRONIC OBSTRUCTIVE PULMONARY DISEASE,1,1
10015470,PREDNISOLONE.,Not Reported,2,Not Reported
10015470,VITAMIN D,BOWEL MOVEMENT IRREGULARITY,2,Not Reported
10015470,MAGNESIUM,BOWEL MOVEMENT IRREGULARITY,2,Not Reported
10015470,LEVASTATIN,BOWEL MOVEMENT IRREGULARITY,2,Not Reported
10015470,PRILOSEC,GASTROOESOPHAGEAL REFLUX DISEASE,1,4
10015470,BUSPAR,Not Reported,2,Not Reported
10015470,COMBIVENT,Not Reported,2,Not Reported
10015470,SYMBICORT,CHRONIC OBSTRUCTIVE PULMONARY DISEASE,1,4
10015470,LEVOTHYROXINE.,THYROID DISORDER,2,Not Reported
10015470,CIPRO,Not Reported,2,Not Reported
10015470,PERCOCET,PAIN,2,Not Reported
10015470,LEVASTATIN,BLOOD CHOLESTEROL,2,Not Reported
10015470,FLAGYL,Not Reported,2,Not Reported
10015470,MIRALAX,BOWEL MOVEMENT IRREGULARITY,2,Not Reported
10015470,POTASSIUM,BLOOD POTASSIUM DECREASED,2,Not Reported
10015470,VITAMIN B12,BOWEL MOVEMENT IRREGULARITY,2,Not Reported
10015470,MONTELUKAST,BOWEL MOVEMENT IRREGULARITY,2,Not Reported
10015470,POTASSIUM,BOWEL MOVEMENT IRREGULARITY,2,Not Reported
10015470,SYNTHROID,THYROID DISORDER,2,Not Reported
10015470,MEVACOR,Not Reported,2,Not Reported
10015470,POTASSIUM CHLORIDE.,Not Reported,2,Not Reported
10015470,SINGULAIR,Not Reported,2,Not Reported
10015470,VITAMIN C,Not Reported,2,Not Reported
10015470,IRON,IRON DEFICIENCY ANAEMIA,2,Not Reported
10015470,OXYGEN.,Not Reported,2,Not Reported
10015470,FUROSEMIDE.,Not Reported,2,Not Reported
10015470,NITROGLYCERIN.,CHEST PAIN,2,Not Reported
10015470,UNKNOWN MEDICATION,Not Reported,2,Not Reported
10015470,SPIRIVA,Not Reported,2,Not Reported
10015470,COLACE,Not Reported,2,Not Reported
10015938,CORDARONE,ATRIAL FIBRILLATION,1,4
10015938,PRADAXA,Not Reported,3,1
10015938,DIFFU K,Not Reported,2,Not Reported
10015938,FUROSEMIDE,Not Reported,2,Not Reported
10015938,RAMIPRIL,Not Reported,2,Not Reported
10015938,SERESTA,Not Reported,2,Not Reported
10015938,SERETIDE,Not Reported,2,Not Reported
10015938,DIGOXINE NATIVELLE,Not Reported,2,Not Reported
10015938,ESOMEPRAZOLE,Not Reported,2,Not Reported
10015938,MIANSERINE,Not Reported,2,Not Reported
10015938,TRANSIPEG,Not Reported,2,Not Reported
10015938,MEBEVERINE,Not Reported,2,Not Reported
10015938,DOMPERIDONE,Not Reported,2,Not Reported
10016166,RAMIPRIL (UNKNOWN),CARDIAC FAILURE,1,1
10016166,RAMIPRIL (UNKNOWN),Not Reported,1,1
10016166,WARFARIN (UNKNOWN),PRODUCT USED FOR UNKNOWN INDICATION,1,5
10016166,MAREVAN,ATRIAL FIBRILLATION,1,5
10016166,MAREVAN,Not Reported,1,5
10016166,SPIRON /00006201/,CARDIAC FAILURE,1,1
10016166,AMARYL,DIABETES MELLITUS,2,5
10016166,ASPIRIN,ACUTE MYOCARDIAL INFARCTION,2,5
10016166,BURINEX,CARDIAC FAILURE,2,5
10016166,BYETTA,DIABETES MELLITUS,2,5
10016166,CARVEDILOL,CARDIAC FAILURE,2,5
10016166,CARVEDILOL,Not Reported,2,5
10016166,CITALOPRAM,DEPRESSION,2,5
10016166,DIGOXIN,VENTRICULAR TACHYCARDIA,2,5
10016166,DIMITONE,MYOCARDIAL ISCHAEMIA,2,5
10016166,FUROSEMIDE,CARDIAC FAILURE,2,5
10016166,ISODUR,CARDIAC FAILURE,2,5
10016166,ISODUR,Not Reported,2,5
10016166,LASIX                              /00032601/,CARDIAC FAILURE,2,5
10016166,METFORMIN,DIABETES MELLITUS,2,5
10016166,METFORMIN,Not Reported,2,5
10016166,NORVASC,HYPERTENSION,2,5
10016166,ODRIK,CARDIAC FAILURE,2,5
10016166,PANTOPRAZOLE,GASTRIC ULCER,2,5
10016166,PANTOPRAZOLE,Not Reported,2,5
10016166,SELOZOK,CARDIAC FAILURE,2,5
10016166,SELOZOK,Not Reported,2,5
10016166,SPIRONOLACTONE,CARDIAC FAILURE,2,5
10016166,VENLAFAXIN,DEPRESSION,2,5
10016166,ZARATOR                            /01326101/,HYPERCHOLESTEROLAEMIA,2,5
10016166,ZARATOR                            /01326101/,Not Reported,2,5
10016166,ZAROXOLYN,CARDIAC FAILURE,2,5
10016639,HUMIRA 40 MG/0.8 ML PEN,CROHN^S DISEASE,1,4
10016639,HUMIRA 40 MG/0.8 ML PEN,Not Reported,1,4
10016639,REMICADE,PRODUCT USED FOR UNKNOWN INDICATION,1,Not Reported
10016639,ESOMEPRAZOLE,PRODUCT USED FOR UNKNOWN INDICATION,2,Not Reported
10016639,FUROSEMIDE,DIURETIC THERAPY,2,Not Reported
10016639,SYNTHROID,THYROID DISORDER,2,Not Reported
10016639,FERROUS SULFATE,MINERAL SUPPLEMENTATION,2,Not Reported
10016639,SLOW K,MINERAL SUPPLEMENTATION,2,Not Reported
10016639,WARFARIN,ANTICOAGULANT THERAPY,2,Not Reported
10016639,VITAMIN B12,VITAMIN SUPPLEMENTATION,2,Not Reported
10016639,VITAMIN D,VITAMIN SUPPLEMENTATION,2,Not Reported
10016639,IMURAN,PRODUCT USED FOR UNKNOWN INDICATION,2,Not Reported
10016639,OMEPRAZOLE,PRODUCT USED FOR UNKNOWN INDICATION,2,Not Reported
10016639,PREDNISONE,PRODUCT USED FOR UNKNOWN INDICATION,2,Not Reported
10016639,APO-TRIFLUOPERAZINE,PRODUCT USED FOR UNKNOWN INDICATION,2,Not Reported
10016639,COVERSYL,PRODUCT USED FOR UNKNOWN INDICATION,2,Not Reported
10016690,FUROSEMIDE.,Not Reported,1,5
10016690,LUVION (CANRENONE),Not Reported,1,5
10016690,DEURSIL,Not Reported,2,Not Reported
10016690,SEQUACOR,Not Reported,1,5
10016690,PLAVIX,Not Reported,2,Not Reported
10016690,TORVAST,Not Reported,2,Not Reported
10016690,PANTORC,Not Reported,2,Not Reported
10016690,ASPIRIN.,Not Reported,2,Not Reported
10016690,NITROGLYCERIN.,Not Reported,1,1
10016753,SINTROM,ATRIAL FIBRILLATION,1,5
10016753,OMEPRAZOL,PROPHYLAXIS,3,5
10016753,ROSUVASTATIN,Not Reported,3,5
10016753,ADIRO,ATRIAL FIBRILLATION,3,1
10016753,MULTAQ,ATRIAL FIBRILLATION,3,5
10016753,EPLERENONE,CARDIAC FAILURE,2,5
10016753,FUROSEMIDE,CARDIAC FAILURE,2,5
10016753,ALOPURINOL,Not Reported,2,5
10016753,INDACATEROL,Not Reported,2,5
10016753,VALSARTAN + HCT,CARDIAC FAILURE,2,5
10016771,EXELON PATCH,DEMENTIA ALZHEIMER^S TYPE,1,5
10016771,FUROSEMIDE,DEPRESSION,2,5
10016771,ENALAPRIL,Not Reported,2,5
10016771,DAFORIN,DEPRESSION,2,5
10016771,CYMBALTA,Not Reported,2,5
10016771,GABAPENTIN,Not Reported,2,5
10017113,SIMVASTATIN,ACUTE CORONARY SYNDROME,1,Not Reported
10017113,NOVOMIX,Not Reported,2,Not Reported
10017113,FUROSEMIDE,Not Reported,2,Not Reported
10017113,ZANIDIP,Not Reported,2,Not Reported
10017113,CARVEDILOL,Not Reported,2,Not Reported
10017113,GLUCOPHAGE,Not Reported,2,Not Reported
10017113,ALBYL-E,Not Reported,2,Not Reported
10017113,SOMAC,Not Reported,2,Not Reported
10017113,"INSULATARD (INSULIN HUMAN, ISOPHANE)",Not Reported,2,Not Reported
10017113,ASACOL,Not Reported,2,Not Reported
10017192,GADOLINIUM (UNSPECIFIED),PRODUCT USED FOR UNKNOWN INDICATION,1,Not Reported
10017192,GADOLINIUM (UNSPECIFIED),CELLULITIS,1,Not Reported
10017192,RENAGEL,Not Reported,2,Not Reported
10017192,FUROSEMIDE,Not Reported,2,Not Reported
10017192,LANTUS,Not Reported,2,Not Reported
10017192,HUMALOG,Not Reported,2,Not Reported
10017192,NEUROTIN,Not Reported,2,Not Reported
10017192,EPOGEN,Not Reported,2,Not Reported
10017192,REQUIP,Not Reported,2,Not Reported
10017192,COUMADIN,Not Reported,2,Not Reported
10017192,PROCRIT,Not Reported,2,Not Reported
10017192,FOSRENOL,Not Reported,2,Not Reported
10017192,ARANESP,Not Reported,2,Not Reported
10017192,PHOSLO,Not Reported,2,Not Reported
10017192,METHAMPHETAMINE,Not Reported,2,Not Reported
10017192,METOPROLOL,Not Reported,2,Not Reported
10017192,CLONIDINE,Not Reported,2,Not Reported
10017192,AMLOPDIPINE,Not Reported,2,Not Reported
10017192,BENAZEPRIL,Not Reported,2,Not Reported
10017192,NITROGLYCERIN,Not Reported,2,Not Reported
10017313,XARELTO,CEREBROVASCULAR ACCIDENT PROPHYLAXIS,1,1
10017313,XARELTO,ATRIAL FIBRILLATION,1,1
10017313,TRAMADOL,Not Reported,2,Not Reported
10017313,ORPHENADRINE,Not Reported,2,Not Reported
10017313,DILTIAZEM,Not Reported,2,Not Reported
10017313,FUROSEMIDE,Not Reported,2,Not Reported
10017313,FOLIC ACID,Not Reported,2,Not Reported
10017313,LISINOPRIL HYDROCHLORTHIAZID,Not Reported,2,Not Reported
10017313,FISH OIL,Not Reported,2,Not Reported
10017313,THIAMINE,Not Reported,2,Not Reported
10017475,RITUXAN,RHEUMATOID ARTHRITIS,1,1
10017475,ACTEMRA,PRODUCT USED FOR UNKNOWN INDICATION,1,5
10017475,ASA,Not Reported,2,Not Reported
10017475,LIPITOR,Not Reported,2,Not Reported
10017475,VENTOLIN,Not Reported,2,Not Reported
10017475,SPIRIVA,Not Reported,2,Not Reported
10017475,HYDROMORPH CONTIN,Not Reported,2,Not Reported
10017475,DOCUSATE,Not Reported,2,Not Reported
10017475,COUMADIN,Not Reported,2,Not Reported
10017475,NITRO-DUR,Not Reported,2,Not Reported
10017475,FUROSEMIDE.,Not Reported,2,Not Reported
10017475,SEREVENT DISKUS,Not Reported,2,Not Reported
10017475,COVERSYL,Not Reported,2,Not Reported
10017475,ACETAMINOPHEN.,PREMEDICATION,2,Not Reported
10017475,METHYLPREDNISOLONE.,PREMEDICATION,2,Not Reported
10017475,METFORMIN,Not Reported,2,Not Reported
10017475,NOVOLIN,Not Reported,2,Not Reported
10017475,VITAMIN B12,Not Reported,2,Not Reported
10017475,LANSOPRAZOLE.,Not Reported,2,Not Reported
10017475,TYLENOL,Not Reported,2,Not Reported
10017475,DIPHENHYDRAMINE HCL,PREMEDICATION,2,Not Reported
10017475,PREDNISONE.,Not Reported,2,Not Reported
10017475,JANUVIA,Not Reported,2,Not Reported
10017475,SPIRONOLACTONE.,Not Reported,2,Not Reported
10017475,XATRAL,Not Reported,2,Not Reported
10017475,OXAZEPAM.,Not Reported,2,Not Reported
10017475,LYRICA,Not Reported,2,Not Reported
10017880,ERBITUX,HEPATIC CANCER,1,Not Reported
10017880,FUROSEMIDE,Not Reported,2,Not Reported
10017880,ATENOLOL,Not Reported,2,Not Reported
10017880,VITAMIN B6,Not Reported,2,Not Reported
10017905,ERBITUX,COLON CANCER,1,1
10017905,COUMADINE,DEEP VEIN THROMBOSIS,1,Not Reported
10017905,FLUOROURACIL,COLON CANCER,1,Not Reported
10017905,IRINOTECAN,COLON CANCER,1,Not Reported
10017905,LEUCOVORIN,COLON CANCER,1,Not Reported
10017905,ELOXATIN,Not Reported,2,Not Reported
10017905,FUROSEMIDE,Not Reported,2,Not Reported
10017905,ASPIRIN,Not Reported,2,Not Reported
10017905,SYNTHROID,Not Reported,2,Not Reported
10017905,SPIRONOLACTONE,Not Reported,2,Not Reported
10017905,HYDROCODONE + ACETAMINOPHEN,Not Reported,2,Not Reported
10017905,ZOFRAN,NAUSEA,2,Not Reported
10017905,DOXYCYCLINE HYCLATE CAPS 100MG,DERMATITIS ACNEIFORM,2,Not Reported
10017905,VITAMIN E,Not Reported,2,Not Reported
10017905,DULCOLAX,Not Reported,2,Not Reported
10017905,MIRALAX,Not Reported,2,Not Reported
10017905,MILK OF MAGNESIA,Not Reported,2,Not Reported
10017905,TYLENOL EXTRA STRENGTH,Not Reported,2,Not Reported
10018149,TYVASO,PULMONARY ARTERIAL HYPERTENSION,1,Not Reported
10018149,DOXAZOSIN,Not Reported,2,Not Reported
10018149,LASIX,Not Reported,2,Not Reported
10018149,COUMADIN,Not Reported,2,Not Reported
10018149,TRAMADOL HCL,Not Reported,2,Not Reported
10018149,KLOR-CON,Not Reported,2,Not Reported
10018149,LISINOPRIL,Not Reported,2,Not Reported
10018149,METOPROLOL SUCCIANTE ER,Not Reported,2,Not Reported
10018149,GLIPIZIDE,Not Reported,2,Not Reported
10018149,METFORMIN HCL,Not Reported,2,Not Reported
10018149,FUROSEMIDE,Not Reported,2,Not Reported
10018676,THYMOGLOBULIN,PRODUCT USED FOR UNKNOWN INDICATION,1,5
10018676,CYCLOSPORINE,PRODUCT USED FOR UNKNOWN INDICATION,1,5
10018676,MYCOPHENOLATE MOFETIL,PRODUCT USED FOR UNKNOWN INDICATION,1,5
10018676,PREDNISOLONE,PRODUCT USED FOR UNKNOWN INDICATION,1,5
10018676,ACETYLSALICYLIC ACID,Not Reported,2,Not Reported
10018676,CO-TRIMOXAZOLE,Not Reported,2,Not Reported
10018676,FUROSEMIDE,Not Reported,2,Not Reported
10018676,METHYLPREDNISOLONE,Not Reported,2,Not Reported
10018676,NYSTATIN,Not Reported,2,Not Reported
10018676,RANITIDINE,Not Reported,2,Not Reported
10018676,SPIRONOLACTONE,Not Reported,2,Not Reported
10018701,REVLIMID,PLASMA CELL MYELOMA,1,5
10018701,REVLIMID,Not Reported,1,5
10018701,FUROSEMIDE,PRODUCT USED FOR UNKNOWN INDICATION,2,Not Reported
10018701,TAMSULOSIN HCL,PRODUCT USED FOR UNKNOWN INDICATION,2,Not Reported
10018701,PRILOSEC,PRODUCT USED FOR UNKNOWN INDICATION,2,Not Reported
10018701,KLOR-CON 20,PRODUCT USED FOR UNKNOWN INDICATION,2,Not Reported
10018701,ASPIRIN,PRODUCT USED FOR UNKNOWN INDICATION,2,Not Reported
10018903,FUROSEMIDE TEVA 40MG,Not Reported,1,1
10018903,TAHOR,Not Reported,2,Not Reported
10018903,PROCORALAN,Not Reported,2,Not Reported
10018903,PLAVIX,Not Reported,2,Not Reported
10018903,KARDEGIC,Not Reported,2,Not Reported
10018903,DIFLUREX,Not Reported,2,Not Reported
10018903,TRIVASTAL,Not Reported,2,Not Reported
10018903,CARDENSIEL,Not Reported,2,Not Reported
10018903,ADANCOR,Not Reported,2,Not Reported
10018903,AMLOR,Not Reported,2,Not Reported
10018903,FORLAX,Not Reported,2,Not Reported
10018903,DAFALGAN,Not Reported,2,Not Reported
10018903,DEBRIDAT,Not Reported,2,Not Reported
10018903,PREVISCAN,Not Reported,2,Not Reported
10018903,ACTISKENAN,Not Reported,2,Not Reported
10018904,TRACLEER,PULMONARY ARTERIAL HYPERTENSION,1,4
10018904,ACENOCOUMAROL,Not Reported,2,Not Reported
10018904,APIDRA,Not Reported,2,Not Reported
10018904,LANTUS,Not Reported,2,Not Reported
10018904,ATROVENT,Not Reported,2,Not Reported
10018904,FOSTER,Not Reported,2,Not Reported
10018904,FUROSEMIDE,Not Reported,2,Not Reported
10018904,SOTALOL,Not Reported,2,Not Reported
10018904,VENTOLIN,Not Reported,2,Not Reported
10018904,VESICARE,Not Reported,2,Not Reported
10018904,OXAZEPAM,Not Reported,2,Not Reported
10018905,HUMIRA,CROHN^S DISEASE,1,4
10018905,HUMIRA,Not Reported,1,4
10018905,PREDNISONE,CROHN^S DISEASE,2,Not Reported
10018905,PREDNISONE,Not Reported,2,Not Reported
10018905,LABETALOL,HYPERTENSION,2,Not Reported
10018905,CYMBALTA,DEPRESSION,2,Not Reported
10018905,CYMBALTA,PAIN,2,Not Reported
10018905,FLORASTOR,PROPHYLAXIS,2,Not Reported
10018905,PRILOSEC,DYSPEPSIA,2,Not Reported
10018905,FUROSEMIDE,FLUID RETENTION,2,Not Reported
10018905,K-DUR,PRODUCT USED FOR UNKNOWN INDICATION,2,Not Reported
10018905,KLONOPIN,ANXIETY,2,Not Reported
10018905,AMBIEN,INSOMNIA,2,Not Reported
10018905,AMLODIPINE,HYPERTENSION,2,Not Reported
10018905,VITAMIN B,PRODUCT USED FOR UNKNOWN INDICATION,2,Not Reported
10018905,VITAMIN D,PRODUCT USED FOR UNKNOWN INDICATION,2,Not Reported
10018905,CO Q10,PRODUCT USED FOR UNKNOWN INDICATION,2,Not Reported
10018905,OMEGA 3,PRODUCT USED FOR UNKNOWN INDICATION,2,Not Reported
10018905,ALPRAZOLAM,PRODUCT USED FOR UNKNOWN INDICATION,2,Not Reported
10018905,ULTRAM,PRODUCT USED FOR UNKNOWN INDICATION,2,Not Reported
10018926,ADVAIR DISKUS,ASTHMA,1,2
10018926,IPRATROPIUM BROMIDE.,Not Reported,2,5
10018926,LORAZEPAM.,Not Reported,2,Not Reported
10018926,ADVAIR DISKUS,CHRONIC OBSTRUCTIVE PULMONARY DISEASE,1,2
10018926,VENTOLIN,CHRONIC OBSTRUCTIVE PULMONARY DISEASE,1,5
10018926,CITALOPRAM,Not Reported,2,Not Reported
10018926,METHOCARBAMOL.,Not Reported,2,Not Reported
10018926,CYCLOBENZAPRINE,Not Reported,2,5
10018926,FUROSEMIDE.,Not Reported,2,5
10018926,TRAMADOL.,Not Reported,2,Not Reported
10018926,NAPROXEN.,Not Reported,2,Not Reported
10018926,VENTOLIN,ASTHMA,1,5
10018926,PREDNISONE.,Not Reported,2,Not Reported
10018926,ADVAIR DISKUS,Not Reported,1,2
10018926,RANITIDINE.,Not Reported,2,Not Reported
10018926,VENTOLIN,EMPHYSEMA,1,5
10018926,IBUPROFEN.,Not Reported,2,Not Reported
10018926,COMBIVENT,Not Reported,2,Not Reported
10018926,FLONASE,Not Reported,2,Not Reported
10018926,ALBUTEROL.,Not Reported,2,Not Reported
10018926,OMEPRAZOLE.,Not Reported,2,5
10018929,NORCO,Not Reported,2,Not Reported
10018929,AMITRIPTYLINE,MIGRAINE,1,2
10018929,AMITRIPTYLINE,Not Reported,1,2
10018929,TOPIRAMATE.,Not Reported,1,4
10018929,PLAVIX,Not Reported,2,Not Reported
10018929,FOLIC ACID.,Not Reported,2,Not Reported
10018929,MUPIROCIN.,Not Reported,2,Not Reported
10018929,AMOXICILLIN HYDRATE,Not Reported,2,Not Reported
10018929,FUROSEMIDE.,Not Reported,2,Not Reported
10018929,HYDROXYZ PAM,Not Reported,2,Not Reported
10018929,LEVETIRACETAM XR,Not Reported,1,1
10018929,LORCET,PRODUCT USED FOR UNKNOWN INDICATION,3,1
10018929,ATENOLOL.,PRODUCT USED FOR UNKNOWN INDICATION,1,1
10018929,TALWIN,Not Reported,2,Not Reported
10018929,PROMETHAZINE,Not Reported,2,Not Reported
10018929,POTIGA,Not Reported,1,1
10018929,KEPPRA,Not Reported,1,1
10018929,LOVENOX,Not Reported,2,5
10018929,LORAZEPAM.,Not Reported,2,5
10018929,BUTORPHANOL TARTRATE.,Not Reported,2,Not Reported
10018929,METHYLPRED,Not Reported,2,Not Reported
10018929,PREMARIN,Not Reported,2,Not Reported
10018929,IPRATROPIUM BROMIDE AND ALBUTEROL SULFATE,Not Reported,2,Not Reported
10018929,LAMICTAL,Not Reported,3,1
10018929,DULCOLAX NOS,FAECES HARD,1,1
10018929,SYNTHROID,Not Reported,2,5
10018929,XENICAL,Not Reported,2,5
10018929,TIZADINE,Not Reported,2,5
10018929,SULFAMETHOXAZOLE-TRIMETHOPRIM (SMZ),Not Reported,2,Not Reported
10018929,POTIGA,SIMPLE PARTIAL SEIZURES,1,1
10018929,LEVETIRACETAM XR,SEIZURE,1,1
10018929,LEVETIRACETAM.,SEIZURE,1,4
10018929,DULCOLAX NOS,PROPHYLAXIS,1,1
10018929,VITAMIN D3,Not Reported,2,Not Reported
10018929,LAMICTAL,SIMPLE PARTIAL SEIZURES,3,1
10018929,LAMICTAL,COMPLEX PARTIAL SEIZURES,3,1
10018929,METHADONE,Not Reported,1,3
10018929,TOPIRAMATE.,SEIZURE,1,4
10018929,HYDROMORPHONE,PAIN,1,5
10018929,ALENDRONATE,Not Reported,2,Not Reported
10018929,POTIGA,GENERALISED TONIC-CLONIC SEIZURE,1,1
10018929,KEPPRA,SEIZURE,1,1
10018929,HYDROCODONE-ACETAMINOPHEN,PAIN,1,2
10018929,NALOXONE + PENTAZOCINE,Not Reported,2,Not Reported
10018929,LIDOCAINE.,Not Reported,2,Not Reported
10018929,CLINDAMYCIN,Not Reported,2,Not Reported
10018929,LEXAPRO,Not Reported,2,Not Reported
10018929,VENLAFAXINE-HCL ER,Not Reported,2,Not Reported
10018929,POTIGA,COMPLEX PARTIAL SEIZURES,1,1
10018929,METHADONE,PAIN,1,3
10018929,DIAZEPAM.,PRODUCT USED FOR UNKNOWN INDICATION,1,2
10018929,DILANTIN,Not Reported,2,Not Reported
10018929,CALCIUM,Not Reported,2,Not Reported
10018929,ZOLPIDEM,Not Reported,2,Not Reported
10018929,ROBAXIN,Not Reported,2,Not Reported
10018929,MELOXICAM.,Not Reported,2,Not Reported
10018929,MICRO-K,Not Reported,2,Not Reported
10018983,HUMIRA,CROHN^S DISEASE,1,1
10018983,DEXILANT,GASTROOESOPHAGEAL REFLUX DISEASE,2,Not Reported
10018983,FUROSEMIDE,FLUID RETENTION,2,Not Reported
10018983,POTASSIUM,HYPOKALAEMIA,2,Not Reported
10018983,PROBIOTIC,CROHN^S DISEASE,2,Not Reported
10018983,VITAMIN D,VITAMIN SUPPLEMENTATION,2,Not Reported
10019043,FUROSEMIDE,Not Reported,2,Not Reported
10019043,GABAPENTIN,Not Reported,2,Not Reported
10019043,INSULIN DETEMIR,Not Reported,2,Not Reported
10019043,INSULIN HUMAN,Not Reported,2,Not Reported
10019043,LISINOPRIL,Not Reported,2,Not Reported
10019043,MAGNESIUM OXIDE,Not Reported,2,Not Reported
10019043,METOPROLOL TARTRATE,Not Reported,2,Not Reported
10019043,POTASSIUM CHLORIDE,Not Reported,2,Not Reported
10019043,SIMVASTATIN,Not Reported,2,Not Reported
10019043,VITAMIN B COMPLEX,Not Reported,2,Not Reported
10019043,METOLAZONE,Not Reported,2,Not Reported
10019043,INSULIN ASPART,Not Reported,2,Not Reported
10019043,ARIPIPRAZOLE,Not Reported,1,4
10019043,AMLODIPINE BESYLATE,Not Reported,2,Not Reported
10019043,ARIPIPRAZOLE,Not Reported,2,Not Reported
10019043,ASPIRIN,Not Reported,2,Not Reported
10019043,CHOLECALCIFEROL,Not Reported,2,Not Reported
10019043,FLUOXETINE,Not Reported,2,Not Reported
10019043,FOLIC ACID,Not Reported,2,Not Reported
10019165,ALLOPURINOL,GOUT,1,4
10019165,BISOPROLOL,HYPERTENSION,1,4
10019165,FUROSEMIDE,HYPERTENSION,1,4
10019165,RAMIPRIL,HYPERTENSION,1,4
10019165,AMLODIPINE,HYPERTENSION,1,4
10019165,EPLERENONE,HYPERTENSION,1,4
10019165,COLCHICINE,Not Reported,2,Not Reported
10019165,LEVOTHYROXINE,Not Reported,2,Not Reported
10019224,ADEMPAS,PULMONARY HYPERTENSION,1,Not Reported
10019224,NAMENDA,Not Reported,2,Not Reported
10019224,WARFARIN,Not Reported,2,Not Reported
10019224,FUROSEMIDE.,Not Reported,2,Not Reported
10019224,ARICEPT,Not Reported,2,Not Reported
10019396,ALENDRONIC ACID (UNKNOWN),OSTEOPOROTIC FRACTURE,1,4
10019396,ADCAL D3,PRODUCT USED FOR UNKNOWN INDICATION,2,5
10019396,ASILONE                            /00258601/,PRODUCT USED FOR UNKNOWN INDICATION,2,5
10019396,ASPIRIN,PRODUCT USED FOR UNKNOWN INDICATION,2,5
10019396,ATORVASTATIN,PRODUCT USED FOR UNKNOWN INDICATION,2,5
10019396,FUROSEMIDE,PRODUCT USED FOR UNKNOWN INDICATION,2,5
10019396,GTN,PRODUCT USED FOR UNKNOWN INDICATION,2,5
10019396,METFORMIN,PRODUCT USED FOR UNKNOWN INDICATION,2,5
10019396,OMEPRAZOLE,PRODUCT USED FOR UNKNOWN INDICATION,2,5
10019396,ISOSORBIDE MONONITRATE,PRODUCT USED FOR UNKNOWN INDICATION,2,5
10019398,LISINOPRIL (UNKNOWN),HYPERTENSION,1,1
10019398,LISINOPRIL (UNKNOWN),Not Reported,1,1
10019398,BISOPROLOL,PRODUCT USED FOR UNKNOWN INDICATION,2,5
10019398,DILTIAZEM,PRODUCT USED FOR UNKNOWN INDICATION,2,5
10019398,EZETIMIBE,PRODUCT USED FOR UNKNOWN INDICATION,2,5
10019398,FUROSEMIDE,PRODUCT USED FOR UNKNOWN INDICATION,2,5
10019398,GEMFIBROZIL,PRODUCT USED FOR UNKNOWN INDICATION,2,5
10019398,GLICLAZIDE,PRODUCT USED FOR UNKNOWN INDICATION,2,5
10019398,LORATADINE,PRODUCT USED FOR UNKNOWN INDICATION,2,5
10019398,METFORMIN,PRODUCT USED FOR UNKNOWN INDICATION,2,5
10019398,ASPIRIN,PRODUCT USED FOR UNKNOWN INDICATION,2,5
10019399,REVLIMID,PLASMA CELL MYELOMA,1,Not Reported
10019399,REVLIMID,Not Reported,1,Not Reported
10019399,ZOMETA,PRODUCT USED FOR UNKNOWN INDICATION,2,Not Reported
10019399,FUROSEMIDE,PRODUCT USED FOR UNKNOWN INDICATION,2,Not Reported
10019399,CEFTRIAXONE,PRODUCT USED FOR UNKNOWN INDICATION,2,Not Reported
10019399,VANCOMYCIN,PRODUCT USED FOR UNKNOWN INDICATION,2,Not Reported
10019399,ACETAMINOPHEN,PRODUCT USED FOR UNKNOWN INDICATION,2,Not Reported
10019399,ACETAMINOPHEN,Not Reported,2,Not Reported
10019399,ACYCLOVIR,PRODUCT USED FOR UNKNOWN INDICATION,2,Not Reported
10019399,ALBUTEROL/IPRATROPIUM,PRODUCT USED FOR UNKNOWN INDICATION,2,Not Reported
10019399,ALLOPURINOL,PRODUCT USED FOR UNKNOWN INDICATION,2,Not Reported
10019399,ASPIRIN,PRODUCT USED FOR UNKNOWN INDICATION,2,Not Reported
10019399,BISACODYL,PRODUCT USED FOR UNKNOWN INDICATION,2,Not Reported
10019399,DIPHENOX-ATROP,PRODUCT USED FOR UNKNOWN INDICATION,2,Not Reported
10019399,FAMOTIDINE,PRODUCT USED FOR UNKNOWN INDICATION,2,Not Reported
10019399,GABAPENTIN,PRODUCT USED FOR UNKNOWN INDICATION,2,Not Reported
10019399,GLYCOPYRROLATE,PRODUCT USED FOR UNKNOWN INDICATION,2,Not Reported
10019399,GLYCOPYRROLATE,Not Reported,2,Not Reported
10019399,HYDROCODONE/ACETAMINOPHEN,PRODUCT USED FOR UNKNOWN INDICATION,2,Not Reported
10019399,LORAZEPAM,PRODUCT USED FOR UNKNOWN INDICATION,2,Not Reported
10019399,LORAZEPAM,Not Reported,2,Not Reported
10019399,MORPHINE SULFATE,PRODUCT USED FOR UNKNOWN INDICATION,2,Not Reported
10019399,MORPHINE SULFATE,Not Reported,2,Not Reported
10019399,POLYVINYL ALCOHOL,PRODUCT USED FOR UNKNOWN INDICATION,2,Not Reported
10019399,PROMETHAZINE HCL,PRODUCT USED FOR UNKNOWN INDICATION,2,Not Reported
10019399,PROMETHAZINE HCL,Not Reported,2,Not Reported
10019399,PYRIDOXINE HCL,PRODUCT USED FOR UNKNOWN INDICATION,2,Not Reported
10019399,SCOPOLAMINE,PRODUCT USED FOR UNKNOWN INDICATION,2,Not Reported
10019399,SIMVASTATIN,PRODUCT USED FOR UNKNOWN INDICATION,2,Not Reported
10019399,ZOLPIDEM TARTRATE,PRODUCT USED FOR UNKNOWN INDICATION,2,Not Reported
10019399,DEXTROSE,PRODUCT USED FOR UNKNOWN INDICATION,2,Not Reported
10019434,OMEPRAZOL E,PRODUCT USED FOR UNKNOWN INDICATION,2,5
10019434,ETOPOSIDE.,SMALL CELL LUNG CANCER,1,1
10019434,CARBOPLATIN.,SMALL CELL LUNG CANCER,1,1
10019434,BUDESONIDE.,PRODUCT USED FOR UNKNOWN INDICATION,2,5
10019434,IPILIMUMAB,SMALL CELL LUNG CANCER,1,1
10019434,FUROSEMIDE.,PRODUCT USED FOR UNKNOWN INDICATION,2,5
10019434,IPRATROPIUM BROMIDE.,PRODUCT USED FOR UNKNOWN INDICATION,2,5
10019434,SIMVASTATIN.,PRODUCT USED FOR UNKNOWN INDICATION,2,5
10019434,BISOPROLOL,PRODUCT USED FOR UNKNOWN INDICATION,2,5
10019609,TIKOSYN,ATRIAL FIBRILLATION,1,5
10019609,SYNTHROID,Not Reported,3,2
10019609,METOPROLOL,Not Reported,2,Not Reported
10019609,FUROSEMIDE,Not Reported,2,Not Reported
10019609,FAMOTIDINE,Not Reported,2,Not Reported
10019609,CYMBALTA,Not Reported,2,Not Reported
10019642,ALDACTONE,HYPERTROPHIC CARDIOMYOPATHY,1,1
10019642,CARVEDILOL,CARDIAC FAILURE CONGESTIVE,3,5
10019642,MIRTAZAPINE,DEPRESSION,2,Not Reported
10019642,DIGOXINE,ATRIAL FIBRILLATION,2,Not Reported
10019642,FUROSEMIDE,CARDIAC FAILURE CONGESTIVE,2,Not Reported
10019642,DEXNON,HYPOTHYROIDISM,2,Not Reported
10019642,ORFIDAL,INSOMNIA,2,Not Reported
10019642,SINEMET-PLUS,PARKINSON^S DISEASE,2,Not Reported
10019642,SINTROM,ATRIAL FIBRILLATION,2,Not Reported
10019980,ALDACTONE A,Not Reported,2,Not Reported
10019980,PARAMIDIN,Not Reported,2,Not Reported
10019980,AMBRISENTAN,Not Reported,1,1
10019980,MEVALOTIN,DYSLIPIDAEMIA,2,Not Reported
10019980,AMBRISENTAN,PULMONARY HYPERTENSION,1,1
10019980,CARELOAD,PULMONARY HYPERTENSION,2,Not Reported
10019980,FUROSEMIDE.,Not Reported,2,Not Reported
10019980,WARFARIN,Not Reported,2,Not Reported
10019980,ADCIRCA,PULMONARY HYPERTENSION,2,Not Reported
10019981,LETAIRIS,PULMONARY ARTERIAL HYPERTENSION,1,4
10019981,FUROSEMIDE,Not Reported,2,Not Reported
10020023,VENTAVIS BAYER SCHERING,PULMONARY HYPERTENSION,1,5
10020023,WARFARIN,Not Reported,2,Not Reported
10020023,SILDENAFIL,Not Reported,2,Not Reported
10020023,SPIRONOLACTONE,Not Reported,2,Not Reported
10020023,FUROSEMIDE,Not Reported,2,Not Reported
10020023,OXYGEN,Not Reported,2,Not Reported
10020314,TIOTROPIUM BROMIDE,PRODUCT USED FOR UNKNOWN INDICATION,1,Not Reported
10020314,CHANTIX,EX-TOBACCO USER,1,Not Reported
10020314,LEXAPRO,Not Reported,2,Not Reported
10020314,LOPERAMIDE,Not Reported,2,Not Reported
10020314,SPIRONOLACTONE.,Not Reported,2,Not Reported
10020314,NACRO,Not Reported,2,Not Reported
10020314,FLOLAN,PULMONARY ARTERIAL HYPERTENSION,1,Not Reported
10020314,FENTANYL.,Not Reported,2,Not Reported
10020314,FLUTICASONE PROPIONATE.,Not Reported,1,Not Reported
10020314,FLONASE,PRODUCT USED FOR UNKNOWN INDICATION,1,Not Reported
10020314,WELLBUTRIN,EX-TOBACCO USER,1,Not Reported
10020314,REQUIP,Not Reported,2,Not Reported
10020314,ZYPREXA,Not Reported,2,Not Reported
10020314,HYDROCORTISONE.,Not Reported,2,Not Reported
10020314,ROPINIROLE.,Not Reported,2,Not Reported
10020314,NEFAZODONE,Not Reported,2,Not Reported
10020314,FERROUS SULFATE,Not Reported,2,Not Reported
10020314,TEMAZEPAM.,Not Reported,2,Not Reported
10020314,ALBUTEROL /00139501/,Not Reported,2,Not Reported
10020314,POTASSIUM CHLORIDE.,Not Reported,2,Not Reported
10020314,BENZONATATE.,Not Reported,2,Not Reported
10020314,OXAZEPAM.,Not Reported,2,Not Reported
10020314,OXYGEN.,Not Reported,2,Not Reported
10020314,REVATIO,PRODUCT USED FOR UNKNOWN INDICATION,1,Not Reported
10020314,SALBUTAMOL,Not Reported,2,Not Reported
10020314,CEFTRIAXONE.,INFECTION,1,1
10020314,VANCOMYCIN,INFECTION,1,1
10020314,SALMETEROL XINAFOATE,PRODUCT USED FOR UNKNOWN INDICATION,1,Not Reported
10020314,FUROSEMIDE.,Not Reported,2,Not Reported
10020314,FLUCONAZOLE.,Not Reported,2,Not Reported
10020584,BACLOFEN.,Not Reported,2,5
10020584,IRON,Not Reported,2,5
10020584,GILENYA,Not Reported,1,4
10020584,VITAMIN D3,Not Reported,2,5
10020584,VITAMIN D,Not Reported,2,5
10020584,FUROSEMIDE.,Not Reported,2,5
10020584,ASA,Not Reported,2,5
10020584,LEVOFLOXACIN,Not Reported,2,5
10020584,GABAPENTIN.,Not Reported,2,5
10020643,ARIPIPRAZOLE,Not Reported,1,4
10020643,SIMVASTATIN,Not Reported,2,Not Reported
10020643,BUDESONIDE + FORMOTEROL FUMARATE,Not Reported,2,Not Reported
10020643,ALBUTEROL,Not Reported,2,Not Reported
10020643,TIOTROPIUM BROMIDE,Not Reported,2,Not Reported
10020643,GLIPIZIDE,Not Reported,2,Not Reported
10020643,METFORMIN HCL,Not Reported,2,Not Reported
10020643,FUROSEMIDE,Not Reported,2,Not Reported
10020643,TESTOSTERONE,Not Reported,2,Not Reported
10020643,OMEPRAZOLE,Not Reported,2,Not Reported
10020643,VITAMIN D3,Not Reported,2,Not Reported
10020643,POTASSIUM,Not Reported,2,Not Reported
10020680,LISINOPRIL,HYPERTENSION,1,Not Reported
10020680,LISINOPRIL,HYPERTENSION,1,1
10020680,BISOPROLOL,PRODUCT USED FOR UNKNOWN INDICATION,2,5
10020680,DILTIAZEM,PRODUCT USED FOR UNKNOWN INDICATION,2,5
10020680,EZETIMIBE,PRODUCT USED FOR UNKNOWN INDICATION,2,5
10020680,FUROSEMIDE,PRODUCT USED FOR UNKNOWN INDICATION,2,5
10020680,GEMFIBROZIL,PRODUCT USED FOR UNKNOWN INDICATION,2,5
10020680,GLICLAZIDE,PRODUCT USED FOR UNKNOWN INDICATION,2,5
10020680,LORATADINE,PRODUCT USED FOR UNKNOWN INDICATION,2,5
10020680,METFORMIN,PRODUCT USED FOR UNKNOWN INDICATION,2,5
10020680,ASPIRIN,PRODUCT USED FOR UNKNOWN INDICATION,2,5
10020804,NAPROXEN,PRODUCT USED FOR UNKNOWN INDICATION,1,5
10020804,ALLOPURINOL,PRODUCT USED FOR UNKNOWN INDICATION,2,5
10020804,AMOXICILLIN,PRODUCT USED FOR UNKNOWN INDICATION,2,5
10020804,DOXAZOSIN,PRODUCT USED FOR UNKNOWN INDICATION,2,5
10020804,ENOXAPARIN,PRODUCT USED FOR UNKNOWN INDICATION,2,5
10020804,FUROSEMIDE,PRODUCT USED FOR UNKNOWN INDICATION,2,5
10020804,ISOSORBIDE MONONITRATE,PRODUCT USED FOR UNKNOWN INDICATION,2,5
10020804,NOVOMIX,PRODUCT USED FOR UNKNOWN INDICATION,2,5
10020804,OMEPRAZOLE,PRODUCT USED FOR UNKNOWN INDICATION,2,5
10020804,QUININE,PRODUCT USED FOR UNKNOWN INDICATION,2,5
10020804,RAMIPRIL,PRODUCT USED FOR UNKNOWN INDICATION,2,5
10020804,SIMVASTATIN,PRODUCT USED FOR UNKNOWN INDICATION,2,5
10020804,VENTOLIN,PRODUCT USED FOR UNKNOWN INDICATION,2,5
10020804,WARFARIN SODIUM,PRODUCT USED FOR UNKNOWN INDICATION,2,5
10020880,XARELTO 20 MG JANSSEN,ATRIAL FIBRILLATION,1,Not Reported
10020880,ALLOPURINOL,Not Reported,2,Not Reported
10020880,ATORVASTATIN,Not Reported,2,Not Reported
10020880,CARVEDILOL,Not Reported,2,Not Reported
10020880,CLINDAMYCIN,Not Reported,2,Not Reported
10020880,FUROSEMIDE,Not Reported,2,Not Reported
10020880,LEVETIRACETAM,Not Reported,2,Not Reported
10020880,LINEZOLID,Not Reported,2,Not Reported
10020880,LISINOPRIL,Not Reported,2,Not Reported
10020880,METFORMIN,Not Reported,2,Not Reported
10020880,OMEGA-3 FATTY ACIDS,Not Reported,2,Not Reported
10020880,SERTRALINE,Not Reported,2,Not Reported
10020880,SITAGLIPTIN,Not Reported,2,Not Reported
10020880,SPIRONOLACTONE,Not Reported,2,Not Reported
10020880,VITAMIN C,Not Reported,2,Not Reported
10020968,XARELTO,PRODUCT USED FOR UNKNOWN INDICATION,1,1
10020968,ASPIRIN,PRODUCT USED FOR UNKNOWN INDICATION,1,1
10020968,CLONIDINE,Not Reported,2,Not Reported
10020968,FUROSEMIDE,Not Reported,2,Not Reported
10020968,HYDRALAZINE,Not Reported,2,Not Reported
10020968,ISOSORBIDE MONONITRATE,Not Reported,2,Not Reported
10020968,LISINOPRIL,Not Reported,2,Not Reported
10020968,METOPROLOL SUCCINATE,Not Reported,2,Not Reported
10020968,CRESTOR,Not Reported,2,Not Reported
10020994,RAMIPRIL,CARDIAC FAILURE,1,Not Reported
10020994,MAREVAN,ATRIAL FIBRILLATION,1,Not Reported
10020994,SPIRON,CARDIAC FAILURE,1,Not Reported
10020994,WARFARIN,ATRIAL FIBRILLATION,1,Not Reported
10020994,AMARYL (GLIMEPIRIDE),Not Reported,2,Not Reported
10020994,ASPIRIN (ACETYLSALICYLIC ACID),Not Reported,2,Not Reported
10020994,BURINEX (BUMETANIDE),Not Reported,2,Not Reported
10020994,BYETTA (EXENATIDE),Not Reported,2,Not Reported
10020994,CARVEDILOL (CARVEDILOL),Not Reported,2,Not Reported
10020994,CITALOPRAM ( CITALOPRAM),Not Reported,2,Not Reported
10020994,DIMITONE (CARVEDILOL),Not Reported,2,Not Reported
10020994,FUROSEMIDE (FUROSEMIDE),Not Reported,2,Not Reported
10020994,ISODUR (ISOSORBIDE MONONITRATE),Not Reported,2,Not Reported
10020994,LASIX RETARD (FUROSEMIDE),Not Reported,2,Not Reported
10020994,METFORMIN (METFORMIN),Not Reported,2,Not Reported
10020994,NORVASC (AMLODIPINE BESILATE),Not Reported,2,Not Reported
10020994,ODRIK (TRANDOLAPRIL),Not Reported,2,Not Reported
10020994,DIGOXIN (DIGOXIN),Not Reported,2,Not Reported
10020994,PANTOPRAZOLE (PANTOPRAZOLE),Not Reported,2,Not Reported
10020994,SELOZOK (METOPROLOL SUCCINATE),Not Reported,2,Not Reported
10020994,SPIRONOCLACTONE (SPIRONOCLACTONE),Not Reported,2,Not Reported
10020994,VENLAFAXINE (VENLAFAXINE),Not Reported,2,Not Reported
10020994,ZARATOR (ATORVASTATIN),Not Reported,2,Not Reported
10020994,ZAROXOLYN (METOLAZONE),Not Reported,2,Not Reported
10020994,TRANDOLAPRIL (TRANDOLAPRIL),Not Reported,2,Not Reported
10021217,MORPHINE,PRODUCT USED FOR UNKNOWN INDICATION,2,Not Reported
10021217,CIPROFLOXACIN.,PRODUCT USED FOR UNKNOWN INDICATION,2,Not Reported
10021217,OXYCODONE,PRODUCT USED FOR UNKNOWN INDICATION,2,Not Reported
10021217,FUROSEMIDE.,PRODUCT USED FOR UNKNOWN INDICATION,2,Not Reported
10021217,BEMIPARINE,PRODUCT USED FOR UNKNOWN INDICATION,2,Not Reported
10021217,PHENTANYL,PRODUCT USED FOR UNKNOWN INDICATION,2,Not Reported
10021217,LORMETAZEPAM,PRODUCT USED FOR UNKNOWN INDICATION,2,Not Reported
10021217,VELCADE,PLASMA CELL MYELOMA,1,4
10021217,DEXAMETHASONE.,PLASMA CELL MYELOMA,1,4
10021217,DEXCLORFENIRAMINE,PRODUCT USED FOR UNKNOWN INDICATION,2,Not Reported
10021217,FLUCONAZOLE.,PRODUCT USED FOR UNKNOWN INDICATION,2,Not Reported
10021217,HALOPERIDOL.,PRODUCT USED FOR UNKNOWN INDICATION,2,Not Reported
10021217,REVLIMID,PLASMA CELL MYELOMA,1,1
10021217,TRAZODONE,PRODUCT USED FOR UNKNOWN INDICATION,2,Not Reported
10021217,OMEPRAZOLE.,PRODUCT USED FOR UNKNOWN INDICATION,2,Not Reported
10021217,ONDANSETRON,PRODUCT USED FOR UNKNOWN INDICATION,2,Not Reported
10003304,DOXYCYCLINE HYCLATE,Not Reported,1,5
10003304,TRAMADOL HYDROCHLORIDE,Not Reported,1,5
10003304,OXYCONTIN,Not Reported,1,5
10003304,TALWIN,Not Reported,1,5
10003304,CODEINE,Not Reported,1,5
10003304,IODINE,Not Reported,1,5
10003304,ASPIRIN,Not Reported,1,5
10003304,LORTAB,Not Reported,1,5
10003304,FIORINAL,Not Reported,1,5
10003595,JAKAFI,ESSENTIAL THROMBOCYTHAEMIA,1,5
10003595,SIMVASTATIN-1A PHARMA,Not Reported,2,Not Reported
10003595,DOXAZOSIN,Not Reported,2,Not Reported
10003595,HYDROCHLOROTHIAZIDE,Not Reported,2,Not Reported
10003595,ENALAPRIL,Not Reported,2,Not Reported
10003595,CARVEDILOL,Not Reported,2,Not Reported
10003595,ASPIRIN,Not Reported,2,Not Reported
10003740,PREDNISOLONE,AUTOIMMUNE DISORDER,1,5
10003740,AMIAS,MYOCARDIAL INFARCTION,2,Not Reported
10003740,BUMETANIDE,MYOCARDIAL INFARCTION,2,Not Reported
10003740,CARDICOR,MYOCARDIAL INFARCTION,2,Not Reported
10003740,INFLUENZA VIRUS,Not Reported,2,Not Reported
10003740,OMEPRAZOLE,PROPHYLAXIS,2,Not Reported
10003740,ASPIRIN,Not Reported,2,Not Reported
10003740,FOLIC ACID,Not Reported,2,Not Reported
10003864,JAKAFI,MYELOFIBROSIS,1,1
10003864,JAKAFI,Not Reported,1,1
10003864,ASPIRIN,Not Reported,2,Not Reported
10003864,NEXIUM                             /01479302/,Not Reported,2,Not Reported
10003864,LASIX                              /00032601/,Not Reported,2,Not Reported
10003864,HYDROCODONE BITARTRATE AND ACETAMINOPHEN,Not Reported,2,Not Reported
10004085,BLINDED ALISKIREN,CARDIAC FAILURE,1,4
10004085,BLINDED ENALAPRIL,CARDIAC FAILURE,1,4
10004085,BLINDED NO TREATMENT RECEIVED,CARDIAC FAILURE,1,4
10004085,ASPIRIN,Not Reported,2,5
10004085,SIMVASTATIN,DRUG THERAPY,2,4
10004085,HCT,POLYURIA,2,5
10004085,BERLTHYROX,THYROID HORMONE REPLACEMENT THERAPY,2,4
10004085,METO TABLINEN,DRUG THERAPY,2,4
10004114,JAKAFI,POLYCYTHAEMIA VERA,1,2
10004114,JAKAFI,Not Reported,1,2
10004114,VERAPAMIL,Not Reported,2,Not Reported
10004114,CITALOPRAM,Not Reported,2,Not Reported
10004114,GABAPENTIN,Not Reported,2,Not Reported
10004114,ASPIRIN,Not Reported,2,Not Reported
10004130,JAKAFI,MYELOFIBROSIS,1,2
10004130,ADVIL,Not Reported,2,Not Reported
10004130,BENICAR,Not Reported,2,Not Reported
10004130,BENICAR HCT,Not Reported,2,Not Reported
10004130,ASPIRIN.,Not Reported,2,Not Reported
10004138,JAKAFI,MYELOFIBROSIS,1,1
10004138,BABY ASPIRIN,Not Reported,2,Not Reported
10004140,JAKAFI,Not Reported,1,4
10004140,ASPIRIN,Not Reported,2,Not Reported
10004140,HYDREA,Not Reported,2,Not Reported
10004140,LORATADINE,Not Reported,2,Not Reported
10004140,OMEPRAZOLE,Not Reported,2,Not Reported
10004140,OXYCODONE,Not Reported,2,Not Reported
10004140,PAROXETINE,Not Reported,2,Not Reported
10004140,TUMS                               /00193601/,Not Reported,2,Not Reported
10004140,SPIRONOLACTONE,Not Reported,2,Not Reported
10004144,JAKAFI,MYELOFIBROSIS,1,Not Reported
10004144,PRAVASTATIN,Not Reported,2,Not Reported
10004144,HYDROCHLOROTHIAZIDE,Not Reported,2,Not Reported
10004144,IMPRIL,Not Reported,2,Not Reported
10004144,ASPIRIN,Not Reported,2,Not Reported
10004211,EFFEXOR XR,DEPRESSION,1,1
10004211,EFFEXOR XR,ANXIETY,1,1
10004211,METFORMIN,Not Reported,2,Not Reported
10004211,LUTERA,CONTRACEPTION,2,Not Reported
10004211,CLONAZEPAM,Not Reported,2,Not Reported
10004211,ASPIRIN,CARDIAC ANEURYSM,2,Not Reported
10004211,BUPROPION,Not Reported,2,Not Reported
10004221,EFFEXOR XR,DEPRESSION,1,5
10004221,EFFEXOR XR,Not Reported,1,5
10004221,BABY ASPIRIN,CHEST PAIN,1,5
10004221,OXYBUTYNIN,Not Reported,2,Not Reported
10004221,SIMVASTATIN,Not Reported,2,Not Reported
10004254,CELEBREX,ARTHRITIS,1,5
10004254,SIMVASTATIN,Not Reported,2,Not Reported
10004254,BENAZEPRIL,Not Reported,2,Not Reported
10004254,ZOLPIDEM,Not Reported,2,Not Reported
10004254,ASPIRIN,Not Reported,2,Not Reported
10004465,TOPROL,PRODUCT USED FOR UNKNOWN INDICATION,2,Not Reported
10004465,THALOMID,PLASMA CELL MYELOMA,1,1
10004465,THALOMID,Not Reported,1,1
10004465,DECADRON,PLASMA CELL MYELOMA,1,Not Reported
10004465,SYNTHROID,PRODUCT USED FOR UNKNOWN INDICATION,2,Not Reported
10004465,ALTACE,PRODUCT USED FOR UNKNOWN INDICATION,2,Not Reported
10004465,ATENOLOL,PRODUCT USED FOR UNKNOWN INDICATION,2,Not Reported
10004465,PAXIL,PRODUCT USED FOR UNKNOWN INDICATION,2,Not Reported
10004465,PREVACID,PRODUCT USED FOR UNKNOWN INDICATION,2,Not Reported
10004465,CO Q10,PRODUCT USED FOR UNKNOWN INDICATION,2,Not Reported
10004465,ADDERALL,PRODUCT USED FOR UNKNOWN INDICATION,2,Not Reported
10004465,EPLERENONE,PRODUCT USED FOR UNKNOWN INDICATION,2,Not Reported
10004465,ALEVE,PRODUCT USED FOR UNKNOWN INDICATION,2,Not Reported
10004465,ASPIRIN,PRODUCT USED FOR UNKNOWN INDICATION,2,Not Reported
10004465,PLAVIX,PRODUCT USED FOR UNKNOWN INDICATION,2,Not Reported
10004465,ALLOPURINOL,PRODUCT USED FOR UNKNOWN INDICATION,2,Not Reported
10004465,FLOMAX,PRODUCT USED FOR UNKNOWN INDICATION,2,Not Reported
10004465,LIVALO,PRODUCT USED FOR UNKNOWN INDICATION,2,Not Reported
10004465,METHENAMINE,PRODUCT USED FOR UNKNOWN INDICATION,2,Not Reported
10004465,AVODART,PRODUCT USED FOR UNKNOWN INDICATION,2,Not Reported
10004486,JAKAFI,MYELOFIBROSIS,1,5
10004486,ALCOHOL,Not Reported,1,Not Reported
10004486,FOLIC ACID,Not Reported,2,Not Reported
10004486,SINGULAIR,Not Reported,2,Not Reported
10004486,ASPIRIN,Not Reported,2,Not Reported
10004486,ZYRTEC,Not Reported,2,Not Reported
10004486,VITAMIN D3,Not Reported,2,Not Reported
10004486,OSCAL D                            /00944201/,Not Reported,2,Not Reported
10004486,FISH OIL,Not Reported,2,Not Reported
10004589,JAKAFI,MYELOFIBROSIS,1,4
10004589,LEVOTHYROXINE,Not Reported,2,Not Reported
10004589,ASPIRIN,Not Reported,2,Not Reported
10004589,MULTIVITAMINS,Not Reported,2,Not Reported
10004589,NEURONTIN,Not Reported,2,Not Reported
10004589,VICODIN,Not Reported,2,Not Reported
10004589,XANAX,Not Reported,2,Not Reported
10004604,BYSTOLIC,Not Reported,1,Not Reported
10004604,BABY ASPIRIN,Not Reported,2,Not Reported
10004604,OMEGA-3,MACULAR DEGENERATION,2,Not Reported
10004604,CALCIUM WITH VITAMIN D,Not Reported,2,Not Reported
10004604,TYLENOL,Not Reported,2,Not Reported
10004608,JAKAFI,MYELOFIBROSIS,1,5
10004608,ASPIRIN,Not Reported,2,Not Reported
10004608,LIPITOR,Not Reported,2,Not Reported
10004608,MAXIDE,Not Reported,2,Not Reported
10004608,PROAIR                             /00139502/,Not Reported,2,Not Reported
10004608,SERTRALINE,Not Reported,2,Not Reported
10004608,SPIRIVA,Not Reported,2,Not Reported
10004608,VITAMIN B12                        /00056201/,Not Reported,2,Not Reported
10004608,VITAMIN D                          /00107901/,Not Reported,2,Not Reported
10004634,JAKAFI,MYELOFIBROSIS,1,4
10004634,PANTOPRAZOLE SODIUM,Not Reported,2,Not Reported
10004634,VERAPAMIL,Not Reported,2,Not Reported
10004634,ASPIRIN,Not Reported,2,Not Reported
10004634,OMEGA 3 FISH OILS,Not Reported,2,Not Reported
10004634,IRON,Not Reported,2,Not Reported
10004707,DIOVAN,Not Reported,2,Not Reported
10004707,ROPINIROLE.,Not Reported,2,Not Reported
10004707,MINERALS,PRODUCT USED FOR UNKNOWN INDICATION,1,1
10004707,LAMICTAL,CONVULSION,1,5
10004707,ANTACIDS,PRODUCT USED FOR UNKNOWN INDICATION,1,1
10004707,ASPIRIN.,Not Reported,2,Not Reported
10004707,KEPPRA,Not Reported,2,Not Reported
10004707,UNKNOWN MEDICATION,Not Reported,2,Not Reported
10004707,VITAMINS,PRODUCT USED FOR UNKNOWN INDICATION,1,1
10004707,LAMICTAL XR,CONVULSION,1,4
10004795,ALDACTAZIDE,HYPERTENSION,2,Not Reported
10004795,ASPIRIN.,HYPERTENSION,2,Not Reported
10004795,LIPITOR,LOW DENSITY LIPOPROTEIN INCREASED,1,5
10004795,LIPITOR,Not Reported,1,5
10004803,BABY ASPIRIN,Not Reported,2,Not Reported
10004803,LIPITOR,LOW DENSITY LIPOPROTEIN INCREASED,1,5
10004896,APRESOLINE HYDROCHLORIDE,Not Reported,1,5
10004896,ZITHROMAX,Not Reported,1,5
10004896,EPINEPHRINE.,Not Reported,1,5
10004896,MORPHINE SULFATE.,Not Reported,1,5
10004896,ASPIRIN.,Not Reported,1,5
10004896,CODEINE,Not Reported,1,5
10004896,DILANTIN,Not Reported,1,5
10004896,PROGLYCEM,Not Reported,1,5
10004923,EXFORGE,HYPERTENSION,1,5
10004923,TENORMIN,Not Reported,2,Not Reported
10004923,ADALAT,BLOOD PRESSURE ABNORMAL,2,5
10004923,MINIPRESS,BLOOD PRESSURE ABNORMAL,2,5
10004923,ASPIRIN PROTECT,Not Reported,2,5
10004923,ATISURIL//ALLOPURINOL,Not Reported,2,5
10004923,CALCIUM,CALCIUM DEFICIENCY,2,5
10004923,CRESTOR,CARDIOVASCULAR DISORDER,2,5
10004971,JAKAFI,MYELOFIBROSIS,1,Not Reported
10004971,DANAZOL,Not Reported,2,Not Reported
10004971,TOPROL,Not Reported,2,Not Reported
10004971,PRAVASTATIN,Not Reported,2,Not Reported
10004971,FENOFIBRATE,Not Reported,2,Not Reported
10004971,ZYRTEC,Not Reported,2,Not Reported
10004971,NEXIUM                             /01479302/,Not Reported,2,Not Reported
10004971,ASPIRIN 81 MG,Not Reported,2,Not Reported
10004971,VALIUM,Not Reported,2,Not Reported
10004971,NASONEX,Not Reported,2,Not Reported
10005001,JAKAFI,MYELOFIBROSIS,1,5
10005001,AMIODARONE,Not Reported,2,Not Reported
10005001,SERTRALINE,Not Reported,2,Not Reported
10005001,TEMAZEPAM,Not Reported,2,Not Reported
10005001,HYDROCODONE,Not Reported,2,Not Reported
10005001,LEVOTHYROXINE,Not Reported,2,Not Reported
10005001,PANTOPRAZOLE,Not Reported,2,Not Reported
10005001,ASPIRIN,Not Reported,2,Not Reported
10005001,COLACE,Not Reported,2,Not Reported
10005001,VESICARE,Not Reported,2,Not Reported
10005001,MULTIVITAMINS,Not Reported,2,Not Reported
10005001,FOLIC ACID,Not Reported,2,Not Reported
10005001,VITAMIN A                          /00056001/,Not Reported,2,Not Reported
10005001,VITAMIN C                          /00008001/,Not Reported,2,Not Reported
10005231,JAKAFI,MYELOFIBROSIS,1,4
10005231,ASPIRIN,Not Reported,2,Not Reported
10005231,MULTIVITAMIN,Not Reported,2,Not Reported
10005289,K-DUR,PRODUCT USED FOR UNKNOWN INDICATION,2,Not Reported
10005289,PROTONIX,PRODUCT USED FOR UNKNOWN INDICATION,2,Not Reported
10005289,CEFEPIME,PRODUCT USED FOR UNKNOWN INDICATION,2,Not Reported
10005289,ZOFRAN,VOMITING,2,Not Reported
10005289,DAPTOMYCIN,PRODUCT USED FOR UNKNOWN INDICATION,2,Not Reported
10005289,LEVAQUIN,PRODUCT USED FOR UNKNOWN INDICATION,2,Not Reported
10005289,REVLIMID,Not Reported,1,Not Reported
10005289,AMBIEN,INSOMNIA,2,Not Reported
10005289,LOPRESSOR,PRODUCT USED FOR UNKNOWN INDICATION,2,Not Reported
10005289,HEPARIN,PRODUCT USED FOR UNKNOWN INDICATION,2,Not Reported
10005289,MICAFUNGIN,PRODUCT USED FOR UNKNOWN INDICATION,2,Not Reported
10005289,BABY ASPIRIN,PRODUCT USED FOR UNKNOWN INDICATION,2,Not Reported
10005289,FENTANYL.,PAIN,2,Not Reported
10005289,COMPAZINE,PRODUCT USED FOR UNKNOWN INDICATION,2,Not Reported
10005289,VANCOMYCIN,PRODUCT USED FOR UNKNOWN INDICATION,2,Not Reported
10005289,ACYCLOVIR.,PRODUCT USED FOR UNKNOWN INDICATION,2,Not Reported
10005289,CALCIUM 500 + VITAMIN D3,PAIN,2,Not Reported
10005289,ZOFRAN,NAUSEA,2,Not Reported
10005289,SODIUM CHLORIDE.,PRODUCT USED FOR UNKNOWN INDICATION,2,Not Reported
10005289,REVLIMID,PLASMA CELL MYELOMA,1,Not Reported
10005289,NORCO,PAIN,2,Not Reported
10005296,SPIRIVA,CHRONIC OBSTRUCTIVE PULMONARY DISEASE,1,4
10005296,OMEPRAZOLE,GASTROOESOPHAGEAL REFLUX DISEASE,2,Not Reported
10005296,TRIAMTERENE HCTZ,Not Reported,2,Not Reported
10005296,ASPIRIN,CARDIAC DISORDER,2,Not Reported
10005296,MULTIVITAMIN,SUPPLEMENTATION THERAPY,2,Not Reported
10005296,TOPROL XL,CARDIAC DISORDER,2,Not Reported
10005296,TRICOR,BLOOD CHOLESTEROL INCREASED,2,Not Reported
10005296,TAMSULOSIN,POLLAKIURIA,2,Not Reported
10005296,LIPITOR,BLOOD CHOLESTEROL INCREASED,2,Not Reported
10005416,PROZAC,Not Reported,2,Not Reported
10005416,SAVELLA,Not Reported,2,Not Reported
10005416,TYLENOL,Not Reported,2,Not Reported
10005416,ZYPREXA,Not Reported,2,Not Reported
10005416,AVONEX,MULTIPLE SCLEROSIS,1,4
10005416,ASPIRIN LOW DOSE,Not Reported,2,Not Reported
10005416,BUSPIRONE HCL,Not Reported,2,Not Reported
10005416,IBUPROFEN,Not Reported,2,Not Reported
10005416,INDERAL LA,Not Reported,2,Not Reported
10005416,PROVIL,Not Reported,2,Not Reported
10005542,XOLAIR,ASTHMA,1,4
10005542,PREDNISONE,Not Reported,2,Not Reported
10005542,ALBUTEROL,Not Reported,2,Not Reported
10005542,ASPIRIN,Not Reported,2,Not Reported
10005542,ADVAIR,Not Reported,2,Not Reported
10005542,SINGULAR,Not Reported,2,Not Reported
10005542,MUCINEX,Not Reported,2,Not Reported
10005562,TECFIDERA,MULTIPLE SCLEROSIS,1,4
10005562,AMITRIPTYLINE HCL,Not Reported,2,Not Reported
10005562,ASPIRIN,Not Reported,2,Not Reported
10005562,CLONAZEPAM,Not Reported,2,Not Reported
10005562,FENTANYL,Not Reported,2,Not Reported
10005562,LAMOTRIGINE ER,Not Reported,2,Not Reported
10005562,MIRALAX,Not Reported,2,Not Reported
10005562,TOPROL XL,Not Reported,2,Not Reported
10005562,VESICARE,Not Reported,2,Not Reported
10005664,TECFIDERA,MULTIPLE SCLEROSIS,1,4
10005664,ANAFRANIL,PRODUCT USED FOR UNKNOWN INDICATION,2,Not Reported
10005664,AVODART,PRODUCT USED FOR UNKNOWN INDICATION,2,Not Reported
10005664,COPAXONE,PRODUCT USED FOR UNKNOWN INDICATION,2,Not Reported
10005664,ASPIRIN,Not Reported,2,Not Reported
10005676,TECFIDERA,RELAPSING-REMITTING MULTIPLE SCLEROSIS,1,1
10005676,ACETAMINOPHEN,Not Reported,2,Not Reported
10005676,ALPRAZOLAM,Not Reported,2,Not Reported
10005676,AMITRIPTYLINE,Not Reported,2,Not Reported
10005676,AMPYRA,Not Reported,2,Not Reported
10005676,ASPIRIN,Not Reported,2,Not Reported
10005676,BACLOFEN,PAIN,2,Not Reported
10005676,BYSTOLIC,Not Reported,2,Not Reported
10005676,CENTRUM ULTRA MENS,Not Reported,2,Not Reported
10005676,DRAMAMINE,Not Reported,2,Not Reported
10005676,HYDROCHLOROTHIAZIDE,Not Reported,2,Not Reported
10005676,HYDROCODONE-ACETAMINOPHEN,PAIN,2,Not Reported
10005676,LEVITRA,Not Reported,2,Not Reported
10005676,LIDODERM,Not Reported,2,Not Reported
10005676,POTASSIUM GLUCONATE,Not Reported,2,Not Reported
10005676,PREDNISONE,Not Reported,2,Not Reported
10005676,PROVIGIL,Not Reported,2,Not Reported
10005676,RIZATRIPTAN,HEADACHE,2,Not Reported
10005676,SUMATRIPTAN SUCCINATE,HEADACHE,2,Not Reported
10005676,TEMAZEPAM,Not Reported,2,Not Reported
10005676,UNISOM,Not Reported,2,Not Reported
10005676,UROXATRAL,Not Reported,2,Not Reported
10005676,ZANAFLEX,Not Reported,2,Not Reported
10005676,ZOFRAN,NAUSEA,2,Not Reported
10005676,ZOLPIDEM,Not Reported,2,Not Reported
10005772,TECFIDERA,MULTIPLE SCLEROSIS,1,4
10005772,LIVALO,Not Reported,2,Not Reported
10005772,ERYTHROMYCIN,Not Reported,2,Not Reported
10005772,ASPIRIN,Not Reported,2,Not Reported
10005772,COQ10,Not Reported,2,Not Reported
10005772,VITAMIN D3,Not Reported,2,Not Reported
10005826,NACOM 100 MG/25 MG TABLETTEN,PARKINSON^S DISEASE,1,4
10005826,PANTOPRAZOLE,Not Reported,2,Not Reported
10005826,ASPIRIN,Not Reported,2,Not Reported
10005826,VIGANTOLETTEN,Not Reported,2,Not Reported
10005826,L-THYROXIN,Not Reported,2,Not Reported
10005826,COMTESS,Not Reported,2,Not Reported
10005888,CRESTOR,PRODUCT USED FOR UNKNOWN INDICATION,2,5
10005888,ASPIRIN USA,PRODUCT USED FOR UNKNOWN INDICATION,2,5
10005888,IRON,PRODUCT USED FOR UNKNOWN INDICATION,2,5
10005888,NITROSTAT,PRODUCT USED FOR UNKNOWN INDICATION,2,5
10005888,ATENOLOL.,VENTRICULAR EXTRASYSTOLES,1,5
10005888,LASIX,CARDIAC FAILURE,1,1
10005888,AXIRON,ANDROGEN DEFICIENCY,1,2
10005888,AXIRON,Not Reported,1,2
10005888,NORPACE,VENTRICULAR EXTRASYSTOLES,2,5
10005888,NIASPAN,HYPERLIPIDAEMIA,2,5
10005888,PRADAXA,PRODUCT USED FOR UNKNOWN INDICATION,2,5
10005888,PLAVIX,PRODUCT USED FOR UNKNOWN INDICATION,2,5
10005888,LASIX,Not Reported,1,1
10005888,CIALIS,PRODUCT USED FOR UNKNOWN INDICATION,2,5
10005888,VITAMIN D                          /00107901/,PRODUCT USED FOR UNKNOWN INDICATION,2,5
10005888,AMIODARONE,VENTRICULAR TACHYCARDIA,1,5
10005888,ANDROGEL,PRODUCT USED FOR UNKNOWN INDICATION,1,1
10005888,ATENOLOL.,PRESYNCOPE,1,5
10005888,CYMBALTA,DEPRESSION,2,5
10005888,WELLBUTRIN,PRODUCT USED FOR UNKNOWN INDICATION,2,5
10005888,SYNTHROID,PRODUCT USED FOR UNKNOWN INDICATION,2,5
10005888,MULTAQ,ATRIAL FIBRILLATION,2,5
10005888,COREG,PRODUCT USED FOR UNKNOWN INDICATION,2,5
10005993,REVLIMID,PLASMA CELL MYELOMA,1,5
10005993,REVLIMID,Not Reported,1,5
10005993,KLONOPIN,PRODUCT USED FOR UNKNOWN INDICATION,2,Not Reported
10005993,ALPHAGAN P,PRODUCT USED FOR UNKNOWN INDICATION,2,Not Reported
10005993,ZOFRAN,PRODUCT USED FOR UNKNOWN INDICATION,2,Not Reported
10005993,PRILOSEC,PRODUCT USED FOR UNKNOWN INDICATION,2,Not Reported
10005993,TRAZODONE,PRODUCT USED FOR UNKNOWN INDICATION,2,Not Reported
10005993,ASPIRIN,PRODUCT USED FOR UNKNOWN INDICATION,2,Not Reported
10005993,HYDROCODONE-ACETAMINOPHEN,PRODUCT USED FOR UNKNOWN INDICATION,2,Not Reported
10005993,CALCIUM,PRODUCT USED FOR UNKNOWN INDICATION,2,Not Reported
10005993,PHENERGAN,PRODUCT USED FOR UNKNOWN INDICATION,2,Not Reported
10005993,CARDIZEM,PRODUCT USED FOR UNKNOWN INDICATION,2,Not Reported
10005993,VITAMIN D3,PRODUCT USED FOR UNKNOWN INDICATION,2,Not Reported
10006097,COMBIVENT,CHRONIC OBSTRUCTIVE PULMONARY DISEASE,1,4
10006097,MULTIVITAMIN,VITAMIN SUPPLEMENTATION,2,Not Reported
10006097,ASPIRIN,CARDIAC DISORDER,2,Not Reported
10006105,REVLIMID,PLASMA CELL MYELOMA,1,1
10006105,REVLIMID,Not Reported,1,1
10006105,LEUKERAN,PRODUCT USED FOR UNKNOWN INDICATION,2,Not Reported
10006105,LEUKERAN,Not Reported,2,Not Reported
10006105,PREDNISONE,PRODUCT USED FOR UNKNOWN INDICATION,2,Not Reported
10006105,PREDNISONE,Not Reported,2,Not Reported
10006105,ALLOPURINOL,PRODUCT USED FOR UNKNOWN INDICATION,2,Not Reported
10006105,ASPIRIN,PRODUCT USED FOR UNKNOWN INDICATION,2,Not Reported
10006105,FISH OIL,PRODUCT USED FOR UNKNOWN INDICATION,2,Not Reported
10006105,HERB LAX,PRODUCT USED FOR UNKNOWN INDICATION,2,Not Reported
10006105,MULTIVITAMINS,PRODUCT USED FOR UNKNOWN INDICATION,2,Not Reported
10006105,SELECT-LITE MISC,PRODUCT USED FOR UNKNOWN INDICATION,2,Not Reported
10006105,VITAMIN B COMPLEX,PRODUCT USED FOR UNKNOWN INDICATION,2,Not Reported
10006105,IRON,PRODUCT USED FOR UNKNOWN INDICATION,2,Not Reported
10006117,POMALYST,PLASMA CELL MYELOMA,1,Not Reported
10006117,POMALYST,Not Reported,1,Not Reported
10006117,CALCITONIN,PRODUCT USED FOR UNKNOWN INDICATION,2,Not Reported
10006117,BIAXIN,PRODUCT USED FOR UNKNOWN INDICATION,2,Not Reported
10006117,TRAZODONE,PRODUCT USED FOR UNKNOWN INDICATION,2,Not Reported
10006117,SPIRONOLACTONE,PRODUCT USED FOR UNKNOWN INDICATION,2,Not Reported
10006117,PULMICORT,PRODUCT USED FOR UNKNOWN INDICATION,2,Not Reported
10006117,PYRIDOXINE,PRODUCT USED FOR UNKNOWN INDICATION,2,Not Reported
10006117,VITAMINS,PRODUCT USED FOR UNKNOWN INDICATION,2,Not Reported
10006117,COMPAZINE,PRODUCT USED FOR UNKNOWN INDICATION,2,Not Reported
10006117,OMEPRAZOLE,PRODUCT USED FOR UNKNOWN INDICATION,2,Not Reported
10006117,NORCO,PRODUCT USED FOR UNKNOWN INDICATION,2,Not Reported
10006117,NATURAL TEARS,PRODUCT USED FOR UNKNOWN INDICATION,2,Not Reported
10006117,NADOLOL,PRODUCT USED FOR UNKNOWN INDICATION,2,Not Reported
10006117,ACIDOPHILUS,PRODUCT USED FOR UNKNOWN INDICATION,2,Not Reported
10006117,ALBUTEROL,PRODUCT USED FOR UNKNOWN INDICATION,2,Not Reported
10006117,ARTIFICIAL TEARS,PRODUCT USED FOR UNKNOWN INDICATION,2,Not Reported
10006117,ASPIRIN,PRODUCT USED FOR UNKNOWN INDICATION,2,Not Reported
10006117,DEXAMETHASONE,PRODUCT USED FOR UNKNOWN INDICATION,2,Not Reported
10006117,MELATONIN,PRODUCT USED FOR UNKNOWN INDICATION,2,Not Reported
10006117,MAGNESIUM OXIDE,PRODUCT USED FOR UNKNOWN INDICATION,2,Not Reported
10006117,FIBERCON,PRODUCT USED FOR UNKNOWN INDICATION,2,Not Reported
10006117,LORAZEPAM,PRODUCT USED FOR UNKNOWN INDICATION,2,Not Reported
10006117,KLONOPIN,PRODUCT USED FOR UNKNOWN INDICATION,2,Not Reported
10006117,IMIPRAMINE,PRODUCT USED FOR UNKNOWN INDICATION,2,Not Reported
10006156,ERLOTINIB TABLET,LUNG NEOPLASM MALIGNANT,1,Not Reported
10006156,ZYPREXA,PRODUCT USED FOR UNKNOWN INDICATION,2,Not Reported
10006156,MEGACE,PRODUCT USED FOR UNKNOWN INDICATION,2,Not Reported
10006156,LIPITOR,PRODUCT USED FOR UNKNOWN INDICATION,2,Not Reported
10006156,DEPAKOTE ER,PRODUCT USED FOR UNKNOWN INDICATION,2,Not Reported
10006156,TRICOR                             /00499301/,PRODUCT USED FOR UNKNOWN INDICATION,2,Not Reported
10006156,CLONAZEPAM,PRODUCT USED FOR UNKNOWN INDICATION,2,Not Reported
10006156,MILK OF MAGNESIA,PRODUCT USED FOR UNKNOWN INDICATION,2,Not Reported
10006156,NEXIUM                             /01479302/,PRODUCT USED FOR UNKNOWN INDICATION,2,Not Reported
10006156,CELEXA                             /00582602/,PRODUCT USED FOR UNKNOWN INDICATION,2,Not Reported
10006156,FLOMAX                             /01280302/,PRODUCT USED FOR UNKNOWN INDICATION,2,Not Reported
10006156,MIRALAX                            /06344701/,PRODUCT USED FOR UNKNOWN INDICATION,2,Not Reported
10006156,AMITIZA,PRODUCT USED FOR UNKNOWN INDICATION,2,Not Reported
10006156,TRAMADOL HCL,PRODUCT USED FOR UNKNOWN INDICATION,2,Not Reported
10006156,ASPIRIN,PRODUCT USED FOR UNKNOWN INDICATION,2,Not Reported
10006156,D3,PRODUCT USED FOR UNKNOWN INDICATION,2,Not Reported
10006158,ERLOTINIB TABLET,LUNG NEOPLASM MALIGNANT,1,4
10006158,CLARITIN                           /00917501/,PRODUCT USED FOR UNKNOWN INDICATION,2,Not Reported
10006158,ASPIRIN,PRODUCT USED FOR UNKNOWN INDICATION,2,Not Reported
10006158,IBUPROFEN,PRODUCT USED FOR UNKNOWN INDICATION,2,Not Reported
10006158,TYLENOL                            /00020001/,PRODUCT USED FOR UNKNOWN INDICATION,2,Not Reported
10006158,IMODIUM,PRODUCT USED FOR UNKNOWN INDICATION,2,Not Reported
10006158,NASACORT AQ,PRODUCT USED FOR UNKNOWN INDICATION,2,Not Reported
10006158,COUMADIN                           /00014802/,PRODUCT USED FOR UNKNOWN INDICATION,2,Not Reported
10006168,ERLOTINIB TABLET,PANCREATIC CARCINOMA,1,4
10006168,CRESTOR,PRODUCT USED FOR UNKNOWN INDICATION,2,Not Reported
10006168,MINOCYCLINE,PRODUCT USED FOR UNKNOWN INDICATION,2,Not Reported
10006168,ASPIRIN,PRODUCT USED FOR UNKNOWN INDICATION,2,Not Reported
10006168,ATACAND,PRODUCT USED FOR UNKNOWN INDICATION,2,Not Reported
10006168,POTASSIUM,PRODUCT USED FOR UNKNOWN INDICATION,2,Not Reported
10006168,MAGNESIUM,PRODUCT USED FOR UNKNOWN INDICATION,2,Not Reported
10006170,ERLOTINIB TABLET,SALIVARY GLAND CANCER,1,1
10006170,ERLOTINIB TABLET,Not Reported,1,1
10006170,XELODA,PRODUCT USED FOR UNKNOWN INDICATION,1,5
10006170,ASPIRIN,PRODUCT USED FOR UNKNOWN INDICATION,2,Not Reported
10006170,CLARITIN                           /00917501/,PRODUCT USED FOR UNKNOWN INDICATION,2,Not Reported
10006170,PRILOSEC                           /00661201/,PRODUCT USED FOR UNKNOWN INDICATION,2,Not Reported
10006179,BAYER GENUINE ASPIRIN ORIGINAL STRENGTH,HEADACHE,1,Not Reported
10006203,ASPIRIN.,PRODUCT USED FOR UNKNOWN INDICATION,2,Not Reported
10006203,ERLOTINIB,LUNG NEOPLASM MALIGNANT,1,4
10006203,ERLOTINIB,LUNG NEOPLASM MALIGNANT,1,Not Reported
10006218,EFFEXOR XR,Not Reported,1,1
10006218,ALPRAZOLAM,Not Reported,2,Not Reported
10006218,GLIMEPIRIDE,Not Reported,2,Not Reported
10006218,ALBUTEROL,Not Reported,2,Not Reported
10006218,ANASTROZOLE,Not Reported,2,Not Reported
10006218,ASPIRIN,Not Reported,2,Not Reported
10006236,ACTEMRA,JUVENILE IDIOPATHIC ARTHRITIS,1,5
10006236,HEPARIN,Not Reported,2,Not Reported
10006236,NAPROSYN,Not Reported,2,Not Reported
10006236,METHOTREXATE,Not Reported,2,Not Reported
10006236,ASPIRIN,Not Reported,2,Not Reported
10006236,COUMADIN,Not Reported,2,Not Reported
10006274,OMEPRAZOLE,HIATUS HERNIA,1,1
10006274,ADIZEM-XL,Not Reported,2,Not Reported
10006274,AMOXICILLIN,Not Reported,2,Not Reported
10006274,ASPIRIN,Not Reported,2,Not Reported
10006274,BENDROFLUMETHIAZIDE,Not Reported,2,Not Reported
10006274,CLARITHROMYCIN,Not Reported,2,Not Reported
10006274,FINASTERIDE,Not Reported,2,Not Reported
10006274,ISOSORBIDE,Not Reported,2,Not Reported
10006274,PERINDOPRIL ERBUMINE,Not Reported,2,Not Reported
10006274,PROPRANOLOL HYDROCHLORIDE,Not Reported,2,Not Reported
10006374,LIPITOR,LOW DENSITY LIPOPROTEIN INCREASED,1,5
10006374,LIPITOR,BLOOD CHOLESTEROL INCREASED,1,5
10006374,CALCIUM,Not Reported,2,Not Reported
10006374,MEGARED,Not Reported,2,Not Reported
10006374,LIPITOR,BLOOD TRIGLYCERIDES INCREASED,1,5
10006374,BABY ASPIRIN,Not Reported,2,Not Reported
10006374,LIPITOR,CARDIOVASCULAR EVENT PROPHYLAXIS,1,5
10006374,MULTIVITAMINS,Not Reported,2,Not Reported
10006398,DRONEDARONE,PRODUCT USED FOR UNKNOWN INDICATION,1,5
10006398,DABIGATRAN,PRODUCT USED FOR UNKNOWN INDICATION,3,5
10006398,ASPIRIN,Not Reported,2,Not Reported
10006449,"EQUATE ASPIRIN 250MG, ACETAMINOPHEN 250MG, CAFFEINE  65MG FILM COATED WHITE TABLETS",PAIN,1,Not Reported
10006449,INHALER FOR ASTHMA,Not Reported,2,Not Reported
10006483,LIPITOR,BLOOD TRIGLYCERIDES INCREASED,1,Not Reported
10006483,LIPITOR,CARDIOVASCULAR EVENT PROPHYLAXIS,1,Not Reported
10006483,FISH OIL,Not Reported,2,Not Reported
10006483,BABY ASPIRIN,Not Reported,2,Not Reported
10006483,LIPITOR,LOW DENSITY LIPOPROTEIN INCREASED,1,Not Reported
10006483,LIPITOR,BLOOD CHOLESTEROL INCREASED,1,Not Reported
10006498,BRILINTA,STENT PLACEMENT,1,4
10006498,ANGIOMAX,Not Reported,2,Not Reported
10006498,ASPIRIN,Not Reported,2,Not Reported
10006498,STATIN,Not Reported,2,Not Reported
10006522,DRONEDARONE,PRODUCT USED FOR UNKNOWN INDICATION,1,5
10006522,DABIGATRAN,PRODUCT USED FOR UNKNOWN INDICATION,3,5
10006522,PEPCID,Not Reported,2,Not Reported
10006522,LIPITOR,Not Reported,2,Not Reported
10006522,LASIX,Not Reported,2,Not Reported
10006522,ALLOPURINOL,Not Reported,2,Not Reported
10006522,PLENDIL,Not Reported,2,Not Reported
10006522,VITAMIN D,Not Reported,2,Not Reported
10006522,ASPIRIN,Not Reported,2,Not Reported
10006576,LIPITOR,LOW DENSITY LIPOPROTEIN INCREASED,1,5
10006576,LIPITOR,BLOOD TRIGLYCERIDES INCREASED,1,5
10006576,LIPITOR,CARDIOVASCULAR EVENT PROPHYLAXIS,1,5
10006576,ATENOLOL AND CHLORTHAL,BLOOD PRESSURE INCREASED,2,Not Reported
10006576,ASPIRIN,MYOCARDIAL INFARCTION,2,Not Reported
10006576,ASPIRIN,CEREBROVASCULAR ACCIDENT,2,Not Reported
10006576,TRICOR,BLOOD CHOLESTEROL INCREASED,2,Not Reported
10006576,AMITRIPTYLINE HYDROCHLORIDE,INSOMNIA,2,Not Reported
10006576,AMBIEN CR,INSOMNIA,2,Not Reported
10006583,DILTIAZEM,Not Reported,2,Not Reported
10006583,ASPIRIN.,Not Reported,2,Not Reported
10006583,TRACLEER,PULMONARY HYPERTENSION,1,4
10006583,PLAVIX,Not Reported,2,Not Reported
10006746,LETAIRIS,COR PULMONALE CHRONIC,1,4
10006746,ASPIRIN.,Not Reported,2,Not Reported
10006746,EFFIENT,Not Reported,2,Not Reported
10006834,"EPINEPHRINE INJECTION, USP (1071-25) 1 MG/ML",ANAPHYLACTIC REACTION,1,Not Reported
10006834,ASPIRIN,Not Reported,1,Not Reported
10006834,"DIPHENHYDRAMINE,50 MG",Not Reported,2,Not Reported
10006834,FAMOTIDINE,Not Reported,2,Not Reported
10006834,ALBUTEROL NEBULIZER,Not Reported,2,Not Reported
10006834,"METHYLPREDNISOLONE,125 MG",Not Reported,2,Not Reported
10007059,TRAMADOL (TRAMADOL HYDROCHLORIDE),Not Reported,2,Not Reported
10007059,AMBIEN,Not Reported,2,Not Reported
10007059,ICLUSIG,CHRONIC MYELOID LEUKAEMIA,1,Not Reported
10007059,ZOFRAN (ONDANSETRON HYDROCHLORIDE),Not Reported,2,Not Reported
10007059,ASPIRIN (ACETYLSALICYLIC ACID),Not Reported,2,Not Reported
10007059,"LORCET (HYDROCODONE BITARTRATE, PARACETAMOL)",Not Reported,2,Not Reported
10007059,TRAZODONE,Not Reported,2,Not Reported
10007132,HYZAAR,Not Reported,2,Not Reported
10007132,PROTONIX,BARRETT^S OESOPHAGUS,1,1
10007132,CIPROFLOXACIN.,Not Reported,2,Not Reported
10007132,VERAPAMIL,Not Reported,2,Not Reported
10007132,MULTIVITAMINS,Not Reported,2,Not Reported
10007132,METRONIDAZOLE.,Not Reported,2,Not Reported
10007132,VITAMIN B COMPLEX,Not Reported,2,Not Reported
10007132,PROTONIX,GASTROOESOPHAGEAL REFLUX DISEASE,1,1
10007132,CEFTIN,Not Reported,1,5
10007132,ASPIRIN.,Not Reported,2,Not Reported
10007132,PAXIL,Not Reported,2,Not Reported
10007380,ORENCIA,RHEUMATOID ARTHRITIS,1,5
10007380,METHOTREXATE,Not Reported,1,Not Reported
10007380,FOLIC ACID,Not Reported,2,Not Reported
10007380,ASPIRIN,Not Reported,2,Not Reported
10007380,HYDROXYCHLOROQUINE,Not Reported,2,Not Reported
10007455,LIPITOR,CARDIOVASCULAR EVENT PROPHYLAXIS,1,5
10007455,LIPITOR,LOW DENSITY LIPOPROTEIN INCREASED,1,5
10007455,BABY ASPIRIN,CARDIAC DISORDER,2,Not Reported
10007511,LIPITOR,LOW DENSITY LIPOPROTEIN INCREASED,1,5
10007511,LIPITOR,CARDIOVASCULAR EVENT PROPHYLAXIS,1,5
10007511,LIPITOR,Not Reported,1,5
10007511,BABY ASPIRIN,CARDIOVASCULAR EVENT PROPHYLAXIS,2,Not Reported
10007541,GLUCOSAMINE,ARTHROPATHY,2,Not Reported
10007541,VITAMIN C,Not Reported,2,Not Reported
10007541,FOLIC ACID.,PROPHYLAXIS,2,Not Reported
10007541,LIPITOR,CARDIOVASCULAR EVENT PROPHYLAXIS,1,5
10007541,VITAMIN E,Not Reported,2,Not Reported
10007541,LIPITOR,LOW DENSITY LIPOPROTEIN INCREASED,1,5
10007541,FISH OIL,CARDIAC DISORDER,2,Not Reported
10007541,ASPIRIN.,CARDIAC DISORDER,2,Not Reported
10007541,VITAMIN D,Not Reported,2,Not Reported
10007648,BAYER GENUINE ASPIRIN ORIGINAL STRENGTH,Not Reported,1,Not Reported
10008011,XARELTO,PULMONARY EMBOLISM,1,1
10008011,ENOXAPARIN SODIUM,ANTICOAGULATION DRUG LEVEL BELOW THERAPEUTIC,1,Not Reported
10008011,ENOXAPARIN SODIUM,PULMONARY EMBOLISM,1,Not Reported
10008011,ASPIRIN,STENT PLACEMENT,1,Not Reported
10008011,ASPIRIN,CORONARY ARTERY DISEASE,1,Not Reported
10008054,EFIENT,MYOCARDIAL INFARCTION,1,4
10008054,EFIENT,STENT PLACEMENT,1,4
10008054,ASPIRIN,Not Reported,2,4
10008154,OXYTROL FOR WOMEN,NOCTURIA,1,Not Reported
10008154,INSULIN,TYPE 2 DIABETES MELLITUS,2,5
10008154,CRESTOR,BLOOD CHOLESTEROL ABNORMAL,2,5
10008154,ASPIRIN,PRODUCT USED FOR UNKNOWN INDICATION,2,5
10008431,CITALOPRAM (UNKNOWN),DEPRESSION,1,1
10008431,CALCICHEW D3,PRODUCT USED FOR UNKNOWN INDICATION,2,5
10008431,METFORMIN,PRODUCT USED FOR UNKNOWN INDICATION,2,5
10008431,UNIPHYLLIN CONTINUS,PRODUCT USED FOR UNKNOWN INDICATION,2,5
10008431,ALENDRONIC ACID,PRODUCT USED FOR UNKNOWN INDICATION,2,5
10008431,ASPIRIN,PRODUCT USED FOR UNKNOWN INDICATION,2,5
10008431,CARBOCISTEINE,PRODUCT USED FOR UNKNOWN INDICATION,2,5
10008431,FERROUS FUMARATE,PRODUCT USED FOR UNKNOWN INDICATION,2,5
10008431,LINAGLIPTIN,PRODUCT USED FOR UNKNOWN INDICATION,2,5
10008431,SALBUTAMOL,PRODUCT USED FOR UNKNOWN INDICATION,2,5
10008463,DONEPEZIL,AMNESIA,2,Not Reported
10008463,EDARBYCLOR,BLOOD PRESSURE ABNORMAL,2,Not Reported
10008463,PREMARIN,Not Reported,1,4
10008463,LEVOTHYROXINE,Not Reported,2,Not Reported
10008463,PREMARIN,HORMONE REPLACEMENT THERAPY,1,4
10008463,BABY ASPIRIN,Not Reported,2,Not Reported
10008535,JAKAFI,MYELOFIBROSIS,1,4
10008535,"MULTIVITAMINS, OTHER COMBINATIONS",Not Reported,2,Not Reported
10008535,VITAMIN B6,Not Reported,2,Not Reported
10008535,VITAMIN B12 NOS,Not Reported,2,Not Reported
10008535,FOLIC ACID,Not Reported,2,Not Reported
10008535,FISH OIL,Not Reported,2,Not Reported
10008535,ASPIRIN,Not Reported,2,Not Reported
10008542,JAKAFI,MYELOFIBROSIS,1,4
10008542,CLONAZEPAM,Not Reported,2,Not Reported
10008542,EFFEXOR,Not Reported,2,Not Reported
10008542,CRESTOR,Not Reported,2,Not Reported
10008542,ASPIRIN,Not Reported,2,Not Reported
10008573,JAKAFI,PRODUCT USED FOR UNKNOWN INDICATION,1,4
10008573,TOPROL,Not Reported,2,Not Reported
10008573,ASPIRIN,Not Reported,2,Not Reported
10008573,EXJADE,Not Reported,2,Not Reported
10008600,JAKAFI,MYELOFIBROSIS,1,4
10008600,SIMVASTATIN,Not Reported,2,Not Reported
10008600,PLAVIX,Not Reported,2,Not Reported
10008600,VITAMIN E,Not Reported,2,Not Reported
10008600,VITAMIN B12,Not Reported,2,Not Reported
10008600,ASPIRIN,Not Reported,2,Not Reported
10008600,TRAMADOL,Not Reported,2,Not Reported
10008608,JAKAFI,MYELOFIBROSIS,1,Not Reported
10008608,MOTRIN,PAIN,2,Not Reported
10008608,BABY ASPIRIN,Not Reported,2,Not Reported
10008608,ROPINIROLE,Not Reported,2,Not Reported
10008630,JAKAFI,MYELOFIBROSIS,1,3
10008630,JAKAFI,Not Reported,1,3
10008630,LASIX,Not Reported,2,Not Reported
10008630,ASPIRIN,Not Reported,2,Not Reported
10008680,JAKAFI,MYELOFIBROSIS,1,1
10008680,HYDREA,Not Reported,2,Not Reported
10008680,FOLIC ACID,Not Reported,2,Not Reported
10008680,ASPIRIN,Not Reported,2,Not Reported
10008682,JAKAFI,MYELOFIBROSIS,1,4
10008682,JAKAFI,POLYCYTHAEMIA,1,4
10008682,ALLOPURINOL,POLYCYTHAEMIA VERA,2,Not Reported
10008682,ASPIRIN,Not Reported,2,Not Reported
10008684,JAKAFI,MYELOFIBROSIS,1,5
10008684,XANAX,Not Reported,2,Not Reported
10008684,PRILOSEC,Not Reported,2,Not Reported
10008684,MELATONIN,Not Reported,2,Not Reported
10008684,ASPIRIN,Not Reported,2,Not Reported
10008694,JAKAFI,MYELOFIBROSIS,1,4
10008694,XALATAN,Not Reported,2,Not Reported
10008694,AZOPT,Not Reported,2,Not Reported
10008694,ASPIRIN,Not Reported,2,Not Reported
10008706,JAKAFI,MYELOFIBROSIS,1,4
10008706,ASPIRIN,Not Reported,2,Not Reported
10008706,MULTIVITAMIN,Not Reported,2,Not Reported
10008720,JAKAFI,MYELOFIBROSIS,1,Not Reported
10008720,DEXLANSOPRAZOLE,Not Reported,2,Not Reported
10008720,LASIX,Not Reported,2,Not Reported
10008720,NEURONTIN,Not Reported,2,Not Reported
10008720,CELEXA,Not Reported,2,Not Reported
10008720,ASPIRIN,Not Reported,2,Not Reported
10008720,VITAMIN C,Not Reported,2,Not Reported
10008720,FISH OIL,Not Reported,2,Not Reported
10008720,NONI,Not Reported,2,Not Reported
10008720,METAMUCIL,Not Reported,2,Not Reported
10008720,LYSINE,Not Reported,2,Not Reported
10008720,MULTIVITAMIN,Not Reported,2,Not Reported
10008742,JAKAFI,MYELOFIBROSIS,1,Not Reported
10008742,DEXILANT,Not Reported,2,Not Reported
10008742,ASPIRIN,Not Reported,2,Not Reported
10008742,XANAX,Not Reported,2,Not Reported
10008742,ZETIA,Not Reported,2,Not Reported
10008742,MICARDIS,Not Reported,2,Not Reported
10008742,TYLENOL,Not Reported,2,Not Reported
10008742,VITAMIN D,SUPPLEMENTATION THERAPY,2,Not Reported
10008742,FISH OIL,Not Reported,2,Not Reported
10008750,JAKAFI,MYELOFIBROSIS,1,4
10008750,ASPIRIN,Not Reported,2,Not Reported
10008750,VITAMIN D,Not Reported,2,Not Reported
10008750,PROSTATE MEDICATION,Not Reported,2,Not Reported
10008750,MEDICATION FOR ACIDITY IN BLOOD,Not Reported,2,Not Reported
10008750,CHOLESTEROL- AND TRIGLYCERIDE REDUCERS,Not Reported,2,Not Reported
10008750,EXCEDRIN OTC,Not Reported,2,Not Reported
10008758,JAKAFI,MYELOFIBROSIS,1,4
10008758,HYDREA,Not Reported,2,Not Reported
10008758,SIMVASTATIN,Not Reported,2,Not Reported
10008758,LEVOXYL,Not Reported,2,Not Reported
10008758,ASPIRIN,Not Reported,2,Not Reported
10008758,ARIMIDEX,Not Reported,2,Not Reported
10008760,JAKAFI,LEUKAEMIA,1,5
10008760,METFORMIN,Not Reported,2,Not Reported
10008760,JANUVIA,Not Reported,2,Not Reported
10008760,PRAVASTATINE,Not Reported,2,Not Reported
10008760,ASPIRIN,Not Reported,2,Not Reported
10008760,VITAMIN C,SUPPLEMENTATION THERAPY,2,Not Reported
10008760,VITAMIN B 12,SUPPLEMENTATION THERAPY,2,Not Reported
10008760,VITAMIN E,SUPPLEMENTATION THERAPY,2,Not Reported
10008785,JAKAFI,MYELOFIBROSIS,1,5
10008785,JAKAFI,Not Reported,1,5
10008785,LOPRESSOR,Not Reported,2,Not Reported
10008785,PLAQUENIL,Not Reported,2,Not Reported
10008785,PREDNISONE,Not Reported,2,Not Reported
10008785,PRILOSEC,Not Reported,2,Not Reported
10008785,HYDROCHLOROTHIAZIDE,Not Reported,2,Not Reported
10008785,DATRIL,Not Reported,2,Not Reported
10008785,CALCIUM,Not Reported,2,Not Reported
10008785,SINGULAIR,Not Reported,2,Not Reported
10008785,ASPIRIN,Not Reported,2,Not Reported
10008785,FEMARA,Not Reported,2,Not Reported
10008785,TYLENOL,Not Reported,2,Not Reported
10008798,JAKAFI,MYELOFIBROSIS,1,1
10008798,JAKAFI,Not Reported,1,1
10008798,WARFARIN,ATRIAL FIBRILLATION,2,Not Reported
10008798,COUMADIN,Not Reported,2,Not Reported
10008798,BENTYL,Not Reported,2,Not Reported
10008798,OMEPRAZOLE,Not Reported,2,Not Reported
10008798,TIAZAC,Not Reported,2,Not Reported
10008798,COATED ASPIRIN,Not Reported,2,Not Reported
10008798,ALLOPURINOL,Not Reported,2,Not Reported
10008798,PRAVASTATIN,Not Reported,2,Not Reported
10008798,DIPHENHYDRAMINE,Not Reported,2,Not Reported
10008801,JAKAFI,MYELOFIBROSIS,1,1
10008801,LODINE,Not Reported,2,Not Reported
10008801,FOSAMAX,Not Reported,2,Not Reported
10008801,CHOLESTYRAMINE,Not Reported,2,Not Reported
10008801,MULTIVITAMIN,Not Reported,2,Not Reported
10008801,CALCIUM,Not Reported,2,Not Reported
10008801,VITAMIN D,Not Reported,2,Not Reported
10008801,ASPIRIN,Not Reported,2,Not Reported
10008822,JAKAFI,MYELOFIBROSIS,1,5
10008822,ASPIRIN,Not Reported,2,Not Reported
10008822,ALLOPURINOL,Not Reported,2,Not Reported
10008822,CENTRUM,Not Reported,2,Not Reported
10008832,JAKAFI,BONE MARROW DISORDER,1,4
10008832,JAKAFI,MYELOFIBROSIS,1,4
10008832,DEXLANSOPRAZOLE,Not Reported,2,Not Reported
10008832,SYNTHROID,Not Reported,2,Not Reported
10008832,ASPIRIN,Not Reported,2,Not Reported
10008832,PREDNISONE,Not Reported,2,Not Reported
10008857,JAKAFI,MYELOFIBROSIS,1,1
10008857,JAKAFI,Not Reported,1,1
10008857,ASPIRIN,Not Reported,2,Not Reported
10008857,GLUCOSAMINE/CHONDROITIN,Not Reported,2,Not Reported
10008865,JAKAFI,MYELOFIBROSIS,1,4
10008865,SYNTHROID,Not Reported,2,Not Reported
10008865,VITAMIN D,Not Reported,2,Not Reported
10008865,URSO FORTE,Not Reported,2,Not Reported
10008865,HYDROCHLOROTHIAZIDE/HCTZ,Not Reported,2,Not Reported
10008865,ZOLOFT,Not Reported,2,Not Reported
10008865,FOLIC ACID,Not Reported,2,Not Reported
10008865,ASPIRIN,Not Reported,2,Not Reported
10008870,JAKAFI,MYELOFIBROSIS,1,1
10008870,SINEMET,Not Reported,2,Not Reported
10008870,NEURONTIN,Not Reported,2,Not Reported
10008870,ACETAMINOPHEN,Not Reported,2,Not Reported
10008870,COLCHICINE,Not Reported,2,Not Reported
10008870,ASPIRIN,Not Reported,2,Not Reported
10008870,OS-CAL 500 + D,SUPPLEMENTATION THERAPY,2,Not Reported
10008870,VITAMIN C,Not Reported,2,Not Reported
10008870,LASIX,Not Reported,2,Not Reported
10008870,HORSE CHESTNUT EXTRACT,Not Reported,2,Not Reported
10008934,JAKAFI,MYELOFIBROSIS,1,2
10008934,JAKAFI,Not Reported,1,2
10008934,ACETAMINOPHEN,Not Reported,2,Not Reported
10008934,ALLOPURINOL,Not Reported,2,Not Reported
10008934,XANAX,Not Reported,2,Not Reported
10008934,BENADRYL,Not Reported,2,Not Reported
10008934,COLACE,Not Reported,2,Not Reported
10008934,ASPIRIN,Not Reported,2,Not Reported
10008934,ACIPHEX,Not Reported,2,Not Reported
10008937,JAKAFI,MYELOFIBROSIS,1,4
10008937,JAKAFI,THROMBOSIS,1,4
10008937,JAKAFI,BONE MARROW FAILURE,1,4
10008937,SYNTHROID,Not Reported,2,Not Reported
10008937,LASIX,Not Reported,2,Not Reported
10008937,ASPIRIN,Not Reported,2,Not Reported
10008937,IRON,Not Reported,2,Not Reported
10008938,JAKAFI,MYELOFIBROSIS,1,4
10008938,SYNTHROID,Not Reported,2,Not Reported
10008938,PREDNISONE,Not Reported,2,Not Reported
10008938,VITAMIN D,Not Reported,2,Not Reported
10008938,ASPIRIN,Not Reported,2,Not Reported
10008938,TRAMADOL,Not Reported,2,Not Reported
10008938,RANITIDINE,Not Reported,2,Not Reported
10008938,DEXLANSOPRAZOLE,Not Reported,2,Not Reported
10008951,JAKAFI,MYELOFIBROSIS,1,4
10008951,ASPIRIN,Not Reported,2,Not Reported
10008951,PREMARIN,Not Reported,2,Not Reported
10008951,PROTONIX,Not Reported,2,Not Reported
10008951,PRAVASTATIN,Not Reported,2,Not Reported
10008951,ALPRAZOLAM,Not Reported,2,Not Reported
10008951,NORCO,Not Reported,2,Not Reported
10008956,BRILIQUE,ACUTE MYOCARDIAL INFARCTION,1,1
10008956,ASPIRIN,ACUTE MYOCARDIAL INFARCTION,2,Not Reported
10008956,ARIXTRA,ACUTE MYOCARDIAL INFARCTION,2,Not Reported
10008956,INSULIN,TYPE 1 DIABETES MELLITUS,2,Not Reported
10008981,JAKAFI,MYELOFIBROSIS,1,5
10008981,HYDROXYUREA,Not Reported,2,Not Reported
10008981,ASPIRIN,Not Reported,2,Not Reported
10008981,MULTIVITAMINS,Not Reported,2,Not Reported
10009000,JAKAFI,MYELOFIBROSIS,1,4
10009000,JAKAFI,NEOPLASM MALIGNANT,1,4
10009000,COREG,CARDIAC FAILURE CONGESTIVE,2,1
10009000,ASPIRIN,PROPHYLAXIS,2,Not Reported
10009000,ZOCOR,BLOOD CHOLESTEROL INCREASED,2,Not Reported
10009000,ZOCOR,BLOOD TRIGLYCERIDES INCREASED,2,Not Reported
10009000,LOVAZA,BLOOD TRIGLYCERIDES INCREASED,2,Not Reported
10009000,LETROZOLE,BREAST CANCER,2,Not Reported
10009000,FOLIC ACID,FOLATE DEFICIENCY,2,Not Reported
10009000,VITAMIN B COMPLEX,VITAMIN SUPPLEMENTATION,2,Not Reported
10009000,CORTEF,ENDOCRINE DISORDER,2,Not Reported
10009000,AMBIEN,INSOMNIA,2,Not Reported
10009000,VITAMIN D,VITAMIN SUPPLEMENTATION,2,Not Reported
10009000,GARLIC,SUPPLEMENTATION THERAPY,2,Not Reported
10009000,TYLENOL EXTRA STRENGTH,PAIN,2,Not Reported
10009000,TYLENOL EXTRA STRENGTH,BODY TEMPERATURE INCREASED,2,Not Reported
10009000,OSCAL,HYPOCALCAEMIA,2,Not Reported
10009012,JAKAFI,Not Reported,1,4
10009012,LIPITOR,Not Reported,2,Not Reported
10009012,FEXOFENADINE,Not Reported,2,Not Reported
10009012,HYDROXYZINE HYDROCHLORIDE,Not Reported,2,Not Reported
10009012,HYDROCODONE W/APAP,Not Reported,2,Not Reported
10009012,MICARDIS,Not Reported,2,Not Reported
10009012,ASPIRIN,Not Reported,2,Not Reported
10009030,JAKAFI,MYELOFIBROSIS,1,2
10009030,JAKAFI,POLYCYTHAEMIA VERA,1,2
10009030,DILTIAZEM,Not Reported,2,Not Reported
10009030,HYDROCHLOROTHIAZIDE,Not Reported,2,Not Reported
10009030,ASPIRIN,Not Reported,2,Not Reported
10009030,FLAXSEED OIL,Not Reported,2,Not Reported
10009043,JAKAFI,MYELOFIBROSIS,1,Not Reported
10009043,NEXIUM,Not Reported,2,Not Reported
10009043,LEVOTHYROXINE,HYPOTHYROIDISM,2,Not Reported
10009043,OMEGA 3 FISH OIL,Not Reported,2,Not Reported
10009043,ASPIRIN,Not Reported,2,Not Reported
10009079,JAKAFI,MYELOFIBROSIS,1,4
10009079,LIPITOR,Not Reported,2,Not Reported
10009079,OMEPRAZOLE,Not Reported,2,Not Reported
10009079,PERCODAN,Not Reported,2,Not Reported
10009079,ALEVE,Not Reported,2,Not Reported
10009079,FISH,Not Reported,2,Not Reported
10009079,COQ10,Not Reported,2,Not Reported
10009079,LUTEIN,Not Reported,2,Not Reported
10009079,ASPIRIN,Not Reported,2,Not Reported
10009079,XANAX,Not Reported,2,Not Reported
10009348,JAKAFI,MYELOFIBROSIS,1,4
10009348,PROCARDIA XL,Not Reported,2,Not Reported
10009348,ALLOPURINOL,Not Reported,2,Not Reported
10009348,ATACAND,Not Reported,2,Not Reported
10009348,AVODART,Not Reported,2,Not Reported
10009348,FLOMAX,Not Reported,2,Not Reported
10009348,ASPIRIN,Not Reported,2,Not Reported
10009348,LIPITOR,Not Reported,2,Not Reported
10009348,DIAZIDE,Not Reported,2,Not Reported
10009348,PREDNISOLONE,Not Reported,2,Not Reported
10009348,XALATAN,Not Reported,2,Not Reported
10009348,TIMOLOL MALEATE,Not Reported,2,Not Reported
10009348,IRON,SUPPLEMENTATION THERAPY,2,Not Reported
10009348,VITAMIN C,SUPPLEMENTATION THERAPY,2,Not Reported
10009384,JAKAFI,MYELOFIBROSIS,1,4
10009384,BUPROPION,Not Reported,2,Not Reported
10009384,DIAZEPAM,Not Reported,2,Not Reported
10009384,PROPRANOLOL,Not Reported,2,Not Reported
10009384,METOLAZONE,Not Reported,2,Not Reported
10009384,BUMETANIDE,Not Reported,2,Not Reported
10009384,SIMVASTATIN,Not Reported,2,Not Reported
10009384,MECLIZINE,Not Reported,2,Not Reported
10009384,AMILORIDE,Not Reported,2,Not Reported
10009384,ASPIRIN,Not Reported,2,Not Reported
10009384,COUMADIN,Not Reported,2,Not Reported
10009384,XANAX,Not Reported,2,Not Reported
10009384,NITROSTAT,Not Reported,2,Not Reported
10009384,ALDACTONE,Not Reported,2,Not Reported
10009384,OSTEO BI-FLEX,Not Reported,2,Not Reported
10009384,POTASSIUM,Not Reported,2,Not Reported
10009440,JAKAFI,MYELOFIBROSIS,1,1
10009440,TRAMADOL,Not Reported,2,Not Reported
10009440,XANAX,Not Reported,2,Not Reported
10009440,ZETIA,Not Reported,2,Not Reported
10009440,ASPIRIN,Not Reported,2,Not Reported
10009440,TACTINAL,Not Reported,2,Not Reported
10009440,MIRALAX,Not Reported,2,Not Reported
10009440,NTG,Not Reported,2,Not Reported
10009440,VITAMIN D,Not Reported,2,Not Reported
10009440,OMEGA 3,Not Reported,2,Not Reported
10009440,AFRIN,Not Reported,2,Not Reported
10009440,MICARDIS,Not Reported,2,Not Reported
10009440,DEXLANSOPRAZOLE/DEXILANT,Not Reported,2,Not Reported
10009440,VITAMIN B12,Not Reported,2,Not Reported
10009440,FLONASE,Not Reported,2,Not Reported
10009440,ZYRTEC,Not Reported,2,Not Reported
10009445,JAKAFI,MYELOFIBROSIS,1,5
10009445,ATENOLOL,Not Reported,2,Not Reported
10009445,LEVOTHYROXINE SODIUM,Not Reported,2,Not Reported
10009445,ASPIRIN,Not Reported,2,Not Reported
10009445,MULTIVITAMIN,Not Reported,2,Not Reported
10009445,CALCIUM CARBONATE,Not Reported,2,Not Reported
10009453,JAKAFI,Myelofibrosis,1,6
10009453,JAKAFI,Not Reported,1,6
10009453,ASPIRIN,Product used for unknown indication,2,Not Reported
10009453,PROPRANOLOL,Product used for unknown indication,2,Not Reported
10009460,DABIGATRAN,ATRIAL FIBRILLATION,1,1
10009460,VIT D,VITAMIN SUPPLEMENTATION,2,Not Reported
10009460,POTASSIUM GLUCONATE,SUPPLEMENTATION THERAPY,2,Not Reported
10009460,ALBUTEROL (PROVENTIL HFA; VENTOLIN HFA) 108 (90BASE),ASTHMA,2,Not Reported
10009460,MAALOX 200-10-200-20/MG/5ML SUSP,GASTROOESOPHAGEAL REFLUX DISEASE,2,Not Reported
10009460,ZYRTEC,HYPERSENSITIVITY,2,Not Reported
10009460,NEXIUM,GASTROOESOPHAGEAL REFLUX DISEASE,2,Not Reported
10009460,NEXIUM,DYSPEPSIA,2,Not Reported
10009460,FLONASE,ASTHMA,2,Not Reported
10009460,NIZORAL,SKIN CANDIDA,2,Not Reported
10009460,LOPRESSOR,HYPERTENSION,2,Not Reported
10009460,ZOCOR,BLOOD CHOLESTEROL,2,Not Reported
10009460,ASPIRIN,PROPHYLAXIS,2,Not Reported
10009460,TIKOSYN,ATRIAL FIBRILLATION,2,Not Reported
10009460,TIKOSYN,ARRHYTHMIA,2,Not Reported
10009460,FERATAB,SUPPLEMENTATION THERAPY,2,Not Reported
10009460,PRINIVIL,HYPERTENSION,2,Not Reported
10009460,ATIVAN,ANXIETY,2,Not Reported
10009460,ULTRAM,PAIN,2,Not Reported
10009460,PHENERGAN,MIGRAINE,2,Not Reported
10009460,SENOKOT-S,CONSTIPATION,2,Not Reported
10009462,JAKAFI,Not Reported,1,5
10009462,ZOLPIDEM,Not Reported,2,Not Reported
10009462,BENADRYL,Not Reported,2,Not Reported
10009462,SIMVASTATIN,Not Reported,2,Not Reported
10009462,ASPIRIN,Not Reported,2,Not Reported
10009462,DIAZEPAM,Not Reported,2,Not Reported
10009462,OXYCODONE,Not Reported,2,Not Reported
10009462,LIDODERM,Not Reported,2,Not Reported
10009473,JAKAFI,MYELOFIBROSIS,1,5
10009473,CENTRUM SILVER,Not Reported,2,Not Reported
10009473,ASPIRIN,Not Reported,2,Not Reported
10009473,COQ10,Not Reported,2,Not Reported
10009473,FISH OIL,Not Reported,2,Not Reported
10009473,PROBIOTICA,Not Reported,2,Not Reported
10009473,PRILOSEC,Not Reported,2,Not Reported
10009473,ALLOPURINOL,Not Reported,2,Not Reported
10009474,JAKAFI,MYELOFIBROSIS,1,4
10009474,GLIPIZIDE,Not Reported,2,Not Reported
10009474,METFORMIN,Not Reported,2,Not Reported
10009474,ASPIRIN,Not Reported,2,Not Reported
10009474,NIASPAN,Not Reported,2,Not Reported
10009479,JAKAFI,POLYCYTHAEMIA VERA,1,5
10009479,COUMADIN,Not Reported,2,Not Reported
10009479,SYNTHROID,Not Reported,2,Not Reported
10009479,MULTIVITAMINS,Not Reported,2,Not Reported
10009479,VITAMIN E,Not Reported,2,Not Reported
10009479,VITAMIN C,Not Reported,2,Not Reported
10009479,VITAMIN D,Not Reported,2,Not Reported
10009479,ASPIRIN,Not Reported,2,Not Reported
10009484,JAKAFI,POLYCYTHAEMIA,1,1
10009484,ALLEGRA,Not Reported,2,Not Reported
10009484,ASPIRIN,Not Reported,2,Not Reported
10009484,CALCIUM,SUPPLEMENTATION THERAPY,2,Not Reported
10009484,CHOLESTYRAMINE,Not Reported,2,Not Reported
10009484,ERYTHROMYCIN,DRUG THERAPY,2,Not Reported
10009484,FLUTICASONE,Not Reported,2,Not Reported
10009484,IMDUR,Not Reported,2,Not Reported
10009484,NIASPAN,Not Reported,2,Not Reported
10009484,NTG,Not Reported,2,Not Reported
10009484,OMEPRAZOLE,Not Reported,2,Not Reported
10009484,VITAMIN B COMPLEX,Not Reported,2,Not Reported
10009484,VITAMIN B6,Not Reported,2,Not Reported
10009484,XANAX,Not Reported,2,Not Reported
10009484,QUININE,Not Reported,2,Not Reported
10009486,JAKAFI,MYELOFIBROSIS,1,1
10009486,JAKAFI,Not Reported,1,1
10009486,SINEMET,PARKINSON^S DISEASE,1,2
10009486,ASCORBIC ACID,Not Reported,2,Not Reported
10009486,ASPIRIN (E.C.),Not Reported,2,Not Reported
10009486,OSCAL 500-D,Not Reported,2,Not Reported
10009486,ZYRTEC,Not Reported,2,Not Reported
10009486,HORSE CHESTNUT EXTRACT,Not Reported,2,Not Reported
10009494,JAKAFI,MYELOFIBROSIS,1,5
10009494,HYDROXYUREA,Not Reported,2,Not Reported
10009494,ZAROXOLYN,Not Reported,2,Not Reported
10009494,BABY ASPIRIN,Not Reported,2,Not Reported
10009500,PRADAXA,ATRIAL FIBRILLATION,1,Not Reported
10009500,PLAVIX,THROMBOSIS PROPHYLAXIS,2,Not Reported
10009500,ASPIRIN,THROMBOSIS PROPHYLAXIS,2,Not Reported
10009511,JAKAFI,MYELOFIBROSIS,1,5
10009511,ASPIRIN,Not Reported,2,Not Reported
10009511,SERTRALINE,Not Reported,2,Not Reported
10009511,XANAX,Not Reported,2,Not Reported
10009511,LEVOTHYROXINE,Not Reported,2,Not Reported
10009511,ADVIL PM,Not Reported,2,Not Reported
